sl_no,slide_no,state,district,location_details,latitude,longitude,material_movement_history_raw
30549,UK/CHA/62C04/2017/34,Uttarakhand,Champawat,,29.135275,80.090843,Debris Slide 2014
30550,UK/CHA/62C04/2017/24,Uttarakhand,Champawat,,29.139732,80.073974,Rock Slide 2012
30551,UK/CHA/53O16/2017/9,Uttarakhand,Champawat,Katal,29.142636,79.958384,Rock Slide 2014
30552,UK/CHA/62C04/2017/11,Uttarakhand,Champawat,,29.144012,80.174222,Debris Slide 2011
30553,UK/CHA/62C04/2017/12,Uttarakhand,Champawat,,29.145411,80.180642,Debris Slide 2006
30554,UK/CHA/53O16/2017/7,Uttarakhand,Champawat,Katal,29.14557,79.986097,Rock Slide 2015
30555,UK/CHA/53O16/2017/15,Uttarakhand,Champawat,,29.147085,79.941277,Debris Slide 2016
30556,UK/CHA/53O16/2017/6,Uttarakhand,Champawat,Katal,29.147481,79.997854,Rock Slide 2015
30557,UK/CHA/53O16/2017/10,Uttarakhand,Champawat,Katal,29.147738,79.954939,Debris Slide 2014
30558,UK/CHA/53O16/2017/16,Uttarakhand,Champawat,,29.148941,79.935497,Debris Slide 2016
30559,UK/CHA/53O16/2017/14,Uttarakhand,Champawat,,29.14906,79.943888,Debris Slide 2016
30560,UK/CHA/53O16/2017/11,Uttarakhand,Champawat,Katal,29.149158,79.946961,Debris Slide 2016
30561,UK/CHA/53O16/2017/4,Uttarakhand,Champawat,,29.150005,79.996229,Rock Slide 2015
30562,UK/CHA/53O16/2017/12,Uttarakhand,Champawat,Katal,29.150029,79.942866,Rock Slide 2016
30563,UK/CHA/53O16/2017/17,Uttarakhand,Champawat,,29.150225,79.935322,Debris Slide 2016
30564,UK/CHA/53O16/2017/5,Uttarakhand,Champawat,,29.150924,79.996805,Rock Slide 2015
30565,UK/CHA/53O16/2017/13,Uttarakhand,Champawat,,29.15121,79.975785,Rock Slide 2016
30566,UK/CHA/53O16/2017/8,Uttarakhand,Champawat,,29.153884,79.974804,Rock Slide 2014
30567,UK/CHA/62C04/2017/21,Uttarakhand,Champawat,,29.153992,80.055119,Rock Slide NA
30568,UK/CHA/62C04/2017/1,Uttarakhand,Champawat,Adhauri,29.154557,80.090751,Rock Slide 2016
30569,UK/CHA/62C04/2017/3,Uttarakhand,Champawat,,29.157626,80.009454,Rock Slide 2016
30570,UK/CHA/53O16/2017/22,Uttarakhand,Champawat,Durgapipal,29.157774,79.880607,Debris Slide 2016
30571,UK/CHA/53O16/2017/20,Uttarakhand,Champawat,Durgapipal,29.15916,79.884315,Debris Slide 2016
30572,UK/CHA/53O16/2017/21,Uttarakhand,Champawat,Durgapipal,29.160488,79.8837,Debris Slide 2016
30573,UK/CHA/62C04/2017/20,Uttarakhand,Champawat,Syala,29.161727,80.070408,Rock Slide NA
30574,UK/CHA/62C04/2017/35,Uttarakhand,Champawat,,29.163593,80.092587,Rock Slide 2017
30575,UK/CHA/62C04/2017/14,Uttarakhand,Champawat,Purnagiri,29.169429,80.087783,Rock cum debris Slide NA
30576,UK/CHA/62C04/2017/36,Uttarakhand,Champawat,,29.170745,80.073226,Rock Slide 2012
30577,UK/CHA/62C04/2017/22,Uttarakhand,Champawat,,29.171161,80.078641,Rock Slide 2012
30578,UK/CHA/62C04/2017/23,Uttarakhand,Champawat,Chaurakot,29.172566,80.076101,Rock Slide 2012
30579,UK/CHA/53O16/2017/19,Uttarakhand,Champawat,,29.173097,79.823553,Rock Slide 2016
30580,UK/CHA/62C04/2017/33,Uttarakhand,Champawat,,29.175471,80.086015,Rock Slide 2011
30581,UK/CHA/62C04/2017/18,Uttarakhand,Champawat,Syamaltal,29.176065,80.132172,Rock Slide 2014
30582,UK/CHA/62C04/2017/19,Uttarakhand,Champawat,Syala,29.176065,80.132172,Rock Slide 2014
30583,UK/CHA/62C04/2017/27,Uttarakhand,Champawat,,29.176385,80.024444,Rock Slide NA
30584,UK/CHA/53O16/2017/18,Uttarakhand,Champawat,,29.179958,79.910223,Rock Slide 2016
30585,UK/CHA/62C04/2017/26,Uttarakhand,Champawat,,29.181197,80.03289,Rock Slide 2012
30586,UK/CHA/62C04/2017/28,Uttarakhand,Champawat,Sukuni,29.182044,80.021544,Rock Slide 2012
30587,UK/CHA/62C04/2017/29,Uttarakhand,Champawat,Sukuni,29.18394,80.007996,Rock Slide NA
30588,UK/CHA/62C04/2017/25,Uttarakhand,Champawat,,29.18437,80.037319,Rock Slide NA
30589,UK/CHA/62C04/2017/31,Uttarakhand,Champawat,Poth,29.185477,80.179302,Rock Slide NA
30590,UK/NAI/53O12/2017/1,Uttarakhand,Nainital,Kamerpani,29.186147,79.629781,Debris Slide NA
30591,UK/CHA/62C04/2017/17,Uttarakhand,Champawat,Syamaltal,29.188801,80.108286,Rock Slide 2011
30592,UK/CHA/62C05/2017/1,Uttarakhand,Champawat,,29.189279,80.107582,Rock Slide 2011
30593,UK/CHA/62C04/2017/16,Uttarakhand,Champawat,Syamaltal,29.189677,80.109494,Rock Slide 2011
30594,UK/CHA/62C04/2017/15,Uttarakhand,Champawat,Sukhidang,29.190611,80.11058,Rock Slide 2011
30595,UK/CHA/62C04/2017/30,Uttarakhand,Champawat,,29.191942,80.12315,Debris Slide 2017
30596,UK/CHA/62C04/2017/7,Uttarakhand,Champawat,Adisera,29.197505,80.092152,Rock Slide 2011
30597,UK/CHA/62C04/2017/13,Uttarakhand,Champawat,Prunagiri,29.197562,80.092079,Rock Slide 2012
30598,UK/CHA/62C04/2017/2,Uttarakhand,Champawat,,29.200404,80.080382,Rock Slide 2017
30599,UK/NAI/53O16/2017/2,Uttarakhand,Nainital,Siliyara,29.204726,79.810527,Rock Slide 2013
30600,UK/CHA/53O16/2017/23,Uttarakhand,Champawat,Durgapipal,29.206762,79.804529,Rock Slide 2014
30601,UK/CHA/53O16/2017/24,Uttarakhand,Champawat,Durgapipal,29.207895,79.80212,Rock Slide 2014
30602,UK/CHA/53O16/2017/25,Uttarakhand,Champawat,,29.208238,79.800921,Rock Slide 2014
30603,UK/CHA/62C04/2017/4,Uttarakhand,Champawat,,29.208498,80.052922,Rock Slide 2017
30604,UK/NAI/53O16/2017/1,Uttarakhand,Nainital,Badwari,29.210552,79.798514,Rock Slide 2016
30605,UK/CHA/53O16/2017/27,Uttarakhand,Champawat,,29.215332,79.826597,Rock cum debris Slide NA
30606,UK/CHA/53O16/2017/34,Uttarakhand,Champawat,,29.217713,80.05959,Rock cum debris Slide 2015
30607,UK/CHA/53O16/2017/28,Uttarakhand,Champawat,,29.217857,79.823908,Rock Slide NA
30608,UK/CHA/62C04/2017/32,Uttarakhand,Champawat,Poth,29.225598,80.18887,Rock Slide 2012
30609,UK/CHA/62C04/2017/10,Uttarakhand,Champawat,,29.227417,80.001041,Rock Slide NA
30610,UK/NAI/53O12/2017/4,Uttarakhand,Nainital,,29.228342,79.628017,Rock Slide 2011
30611,UK/CHA/53O16/2017/26,Uttarakhand,Champawat,Konj,29.229502,79.826764,Rock Slide 2013
30612,UK/CHA/53O16/2017/35,Uttarakhand,Champawat,,29.233141,79.93516,Rock Slide NA
30613,UK/CHA/53O16/2017/36,Uttarakhand,Champawat,,29.234664,79.93362,Rock Slide NA
30614,UK/CHA/53O16/2017/38,Uttarakhand,Champawat,,29.234988,79.933264,Rock Slide 2017
30615,UK/CHA/53O16/2017/39,Uttarakhand,Champawat,,29.235478,79.929918,Rock Slide 2017
30616,UK/NAI/53O12/2017/8,Uttarakhand,Nainital,Okhal Dunga,29.235606,79.676596,Rock cum debris Slide 2013
30617,UK/CHA/53O16/2017/31,Uttarakhand,Champawat,Sein,29.236158,79.888237,Rock Slide 2013
30618,UK/CHA/53O16/2017/30,Uttarakhand,Champawat,,29.236404,79.88644,Rock cum debris Slide 2013
30619,UK/CHA/62C04/2017/5,Uttarakhand,Champawat,,29.236755,80.037273,Rock Slide 2014
30620,UK/CHA/62C04/2017/6,Uttarakhand,Champawat,Jaleni,29.237414,80.034834,Rock Slide 2014
30621,UK/CHA/53O16/2017/40,Uttarakhand,Champawat,Machad,29.237766,79.92914,Rock Slide 2017
30622,UK/CHA/53O16/2017/32,Uttarakhand,Champawat,,29.239901,79.89569,Rock cum debris Slide 2013
30623,UK/CHA/53O16/2017/37,Uttarakhand,Champawat,,29.240672,79.931008,Rock Slide 2013
30624,UK/CHA/53O16/2017/33,Uttarakhand,Champawat,,29.240832,79.995016,Debris Slide 2014
30625,UK/NAI/53O12/2017/7,Uttarakhand,Nainital,,29.242521,79.628113,Rock Slide 2011
30626,UK/NAI/53O12/2017/6,Uttarakhand,Nainital,Dida,29.243319,79.6314,Rock Slide 2011
30627,UK/CHA/62C04/2017/8,Uttarakhand,Champawat,Adisera,29.244021,80.015769,Rock Slide 2014
30628,UK/NAI/53O12/2017/5,Uttarakhand,Nainital,,29.244291,79.632298,Rock Slide 2011
30629,UK/NAI/53O12/2017/3,Uttarakhand,Nainital,Lawardowa,29.244866,79.674616,Rock Slide NA
30630,UK/CHA/62C04/2017/9,Uttarakhand,Champawat,,29.24543,80.010754,Rock Slide 2014
30631,UK/CHA/53O16/2017/29,Uttarakhand,Champawat,,29.245557,79.851988,Rock Slide 2013
30632,UK/NAI/53O12/2017/2,Uttarakhand,Nainital,Simlikham,29.24896,79.67046,Debris Slide NA
30633,UK/NAI/53O16/2017/3,Uttarakhand,Nainital,Okhal Dunga,29.249521,79.844396,Rock Slide 2017
30634,UK/NAI/53O11/2015/185,Uttarakhand,Nainital,Patrani - Kotbanna,29.252278,79.673045,Rock Slide NA
30635,UK/CHA/62C03/2016/2,Uttarakhand,Champawat,Swala NH-125,29.252361,80.061833,Rock Fall 2006
30636,UK/CHA/62C03/2016/25,Uttarakhand,Champawat,Bastiya,29.252444,80.087361,Rock Slide 2006
30637,UK/CHA/62C03/2016/27,Uttarakhand,Champawat,Bastiya,29.25275,80.08825,Rock Slide 2006
30638,UK/CHA/62C03/2016/79,Uttarakhand,Champawat,Swala,29.252889,80.067556,Rock Fall 2005
30639,UK/CHA/62C03/2016/26,Uttarakhand,Champawat,Bastiya,29.25339,80.085697,Rock Slide 2006
30640,UK/CHA/53O15/2016/42,Uttarakhand,Champawat,Asera,29.253827,79.934349,Rock Slide 2010
30641,UK/CHA/62C03/2016/92,Uttarakhand,Champawat,Bastiya,29.255361,80.100788,Rock Slide 2010
30642,UK/CHA/53O15/2016/41,Uttarakhand,Champawat,Asera,29.255832,79.92872,Rock Slide 2011
30643,UK/NAI/53O11/2015/190,Uttarakhand,Nainital,Kathgodam - Nainital,29.256944,79.56,Rock Slide NA
30644,UK/CHA/62C03/2016/61,Uttarakhand,Champawat,Sayali,29.256967,80.131041,Debris Slide 2012
30645,UK/NAI/53O11/2015/182,Uttarakhand,Nainital,Kathgodam - Nainital,29.257424,79.559967,Rock Slide NA
30646,UK/CHA/53O15/2016/40,Uttarakhand,Champawat,Bhat Pinana,29.257511,79.935134,Rock Slide 2011
30647,UK/PIT/62C03/2016/124,Uttarakhand,Champawat,Bastiya,29.258194,80.096333,Rock Slide 2006
30648,UK/CHA/62C03/2016/1,Uttarakhand,Champawat,Bastiya NH-125,29.258639,80.091278,Rock Slide 2010
30649,UK/CHA/62C03/2016/3,Uttarakhand,Champawat,Swala NH-125,29.259111,80.07125,Rock Slide 2014
30650,UK/CHA/62C03/2016/5,Uttarakhand,Champawat,Bastiya NH-125,29.260056,80.078417,Rock Slide 2016
30651,UK/CHA/62C03/2016/4,Uttarakhand,Champawat,Swala NH-125,29.261111,80.075056,Rock Slide 2014
30652,UK/NAI/53O11/2015/158,Uttarakhand,Nainital,Kathgodam - Nainital,29.261458,79.563533,Rock Slide NA
30653,UK/CHA/62C03/2016/93,Uttarakhand,Champawat,Bastiya,29.26172,80.098061,Rock Slide 2006
30654,UK/CHA/62C03/2016/80,Uttarakhand,Champawat,Swala,29.262101,80.059173,Rock Slide 2005
30655,UK/PIT/62C03/2016/125,Uttarakhand,Champawat,Bastiya,29.262581,80.101237,Rock Slide 2010
30656,UK/CHA/62C03/2016/91,Uttarakhand,Champawat,Bastiya,29.26295,80.097383,Rock Slide 2010
30657,UK/NAI/53O11/2015/170,Uttarakhand,Nainital,Kathgodam - Paniyan,29.263087,79.555678,Rock Slide NA
30658,UK/PIT/62C03/2016/126,Uttarakhand,Champawat,Sayali,29.263132,80.105027,Rock Slide 2010
30659,UK/PIT/62C03/2016/127,Uttarakhand,Champawat,Sayali,29.26317,80.108749,Rock Slide 2010
30660,UK/CHA/62C03/2016/75,Uttarakhand,Champawat,Bairikhal,29.263583,80.206306,Rock Slide 2016
30661,UK/NAI/53O11/2015/153,Uttarakhand,Nainital,Kathgodam - Pasholi,29.264742,79.563462,Rock Slide NA
30662,UK/CHA/62C03/2016/90,Uttarakhand,Champawat,Bastiya,29.26534,80.095331,Rock Slide 2016
30663,UK/CHA/62C03/2016/51,Uttarakhand,Champawat,Sayali,29.265444,80.136444,Rock Slide 2012
30664,UK/NAI/53O11/2015/188,Uttarakhand,Nainital,Ranibagh - Shalani,29.265929,79.630572,Rock Slide NA
30665,UK/CHA/62C03/2016/74,Uttarakhand,Champawat,Bairikhal,29.266528,80.215917,Debris Slide 2016
30666,UK/CHA/62C03/2016/50,Uttarakhand,Champawat,Sayali,29.266611,80.135778,Rock Slide 2014
30667,UK/CHA/62C03/2016/62,Uttarakhand,Champawat,Sayali,29.266667,80.117333,Rock Slide 2012
30668,UK/CHA/62C03/2016/63,Uttarakhand,Champawat,Sayali,29.267028,80.11425,Rock Slide 2012
30669,UK/CHA/62C03/2016/83,Uttarakhand,Champawat,Swala,29.267326,80.069587,Rock Slide 2010
30670,UK/NAI/53O11/2015/189,Uttarakhand,Nainital,Kathgodam - Paniyan,29.267671,79.555389,Rock Slide NA
30671,UK/CHA/62C03/2016/85,Uttarakhand,Champawat,Bastiya,29.267753,80.075889,Rock Slide 2010
30672,UK/CHA/62C03/2016/82,Uttarakhand,Champawat,Swala,29.268309,80.067564,Rock Slide 2010
30673,UK/NAI/53O11/2015/151,Uttarakhand,Nainital,Jamrani - Kotbanna,29.269,79.611,Rock Slide NA
30674,UK/NAI/53O11/2015/172,Uttarakhand,Nainital,Patrani - Kotbanna,29.269143,79.683619,Rock Slide NA
30675,UK/CHA/62C03/2016/84,Uttarakhand,Champawat,Swala,29.269307,80.070335,Rock Slide 2014
30676,UK/CHA/62C03/2016/64,Uttarakhand,Champawat,Sayali,29.269333,80.108639,Rock Slide 2011
30677,UK/CHA/62C03/2016/52,Uttarakhand,Champawat,Sayali,29.269717,80.114558,Rock Slide 2016
30678,UK/CHA/62C03/2016/53,Uttarakhand,Champawat,Sayali,29.269972,80.1315,Debris Slide 2014
30679,UK/NAI/53O11/2015/166,Uttarakhand,Nainital,Kathgodam - Raunshil,29.270031,79.550619,Rock Slide NA
30680,UK/NAI/53O11/2015/206,Uttarakhand,Nainital,Kathgodam - Raunshil,29.270031,79.550619,Rock Slide NA
30681,UK/NAI/53O11/2015/179,Uttarakhand,Nainital,Kathgodam - Raunshil,29.270031,79.550619,Rock Slide NA
30682,UK/CHA/62C03/2016/49,Uttarakhand,Champawat,Gurna,29.270432,80.154032,Rock Slide 2016
30683,UK/NAI/53O11/2015/178,Uttarakhand,Nainital,Kathgodam - Paniyan,29.271439,79.555086,Rock Slide NA
30684,UK/CHA/62C03/2016/60,Uttarakhand,Champawat,Sayali,29.271579,80.124965,Rock Slide 2014
30685,UK/NAI/53O11/2015/156,Uttarakhand,Nainital,Jamrani - Kotbanna,29.272361,79.617849,Rock Slide NA
30686,UK/NAI/53O11/2015/224,Uttarakhand,Nainital,Kathgodam - Paniyan,29.2728,79.560099,Rock Fall NA
30687,UK/CHA/62C03/2016/6,Uttarakhand,Pithoragarh,Panthyuara,29.273278,80.099389,Rock Slide 2005
30688,UK/NAI/53O11/2015/212,Uttarakhand,Nainital,Ranibagh - Shalani,29.273614,79.62666,Rock Slide NA
30689,UK/CHA/62C03/2016/54,Uttarakhand,Champawat,Sayali,29.274167,80.126889,Rock Fall 2014
30690,UK/NAI/53O11/2015/184,Uttarakhand,Nainital,Ranibagh - Pastola,29.274617,79.600602,Rock Slide NA
30691,UK/NAI/53O11/2015/180,Uttarakhand,Nainital,Kathgodam - Paniyan,29.274646,79.567592,Rock Fall NA
30692,UK/NAI/53O11/2015/204,Uttarakhand,Nainital,Jamrani - Kotbanna,29.27545,79.604038,Rock Slide NA
30693,UK/CHA/62C03/2016/57,Uttarakhand,Champawat,Sayali,29.276694,80.120194,Rock Slide 2012
30694,UK/CHA/62C03/2016/59,Uttarakhand,Champawat,Sayali,29.277049,80.123019,Rock Slide 2012
30695,UK/CHA/62C03/2016/58,Uttarakhand,Champawat,Sayali,29.277631,80.120772,Debris Slide 2012
30696,UK/CHA/62C03/2016/65,Uttarakhand,Champawat,Jatkola,29.278167,80.033472,Debris Slide 2016
30697,UK/CHA/62C03/2016/55,Uttarakhand,Champawat,Sayali,29.278389,80.123306,Debris Slide 2012
30698,UK/CHA/62C03/2016/56,Uttarakhand,Champawat,Sayali,29.279241,80.123204,Rock Slide 2012
30699,UK/NAI/53O11/2015/210,Uttarakhand,Nainital,Mahargaon - Mahanta,29.279343,79.698514,Debris Slide NA
30700,UK/CHA/62C03/2016/81,Uttarakhand,Champawat,Jatkola,29.279844,80.06398,Rock Slide 2005
30701,UK/NAI/53O11/2015/197,Uttarakhand,Nainital,Bohara - Shalani,29.281424,79.629659,Rock Slide NA
30702,UK/CHA/62C03/2016/86,Uttarakhand,Champawat,Banlek,29.28195,80.083865,Rock Slide 2012
30703,UK/NAI/53O11/2015/194,Uttarakhand,Nainital,Ranibagh - Shalani,29.283247,79.624453,Rock Slide NA
30704,UK/NAI/53O11/2015/152,Uttarakhand,Nainital,Ranibagh - Banana,29.283297,79.532982,Rock Slide NA
30705,UK/CHA/62C03/2016/73,Uttarakhand,Champawat,Bhuni,29.283548,80.239665,Rock Slide 2002
30706,UK/NAI/53O11/2015/198,Uttarakhand,Nainital,Jamrani - Kotbanna,29.284293,79.603546,Rock Slide NA
30707,UK/NAI/53O11/2015/217,Uttarakhand,Nainital,Bohara - Shalani,29.284327,79.633732,Debris Slide NA
30708,UK/CHA/53O15/2016/11,Uttarakhand,Champawat,Gadyura,29.285194,79.893694,Debris Slide 2011
30709,UK/NAI/53O11/2015/234,Uttarakhand,Nainital,Shimalaya - Hairakhan,29.285675,79.737791,Rock Slide NA
30710,UK/CHA/53O15/2016/10,Uttarakhand,Champawat,Gadyura,29.285917,79.8915,Rock Slide 2016
30711,UK/CHA/62C03/2016/76,Uttarakhand,Champawat,Bairikhal,29.286722,80.186861,Debris Slide 2014
30712,UK/CHA/53O15/2016/12,Uttarakhand,Champawat,Gadyura,29.287111,79.91075,Debris Slide 2011
30713,UK/NAI/53O11/2015/202,Uttarakhand,Nainital,Kathgodam - Paniyan,29.28713,79.581368,Rock Slide NA
30714,UK/CHA/53O15/2016/13,Uttarakhand,Champawat,Gadyura,29.287556,79.910806,Rock Slide 2011
30715,UK/NAI/53O11/2015/218,Uttarakhand,Nainital,Shimalaya - Hairakhan,29.287698,79.719284,Rock Slide NA
30716,UK/CHA/53O15/2016/9,Uttarakhand,Champawat,Gadyura,29.288778,79.897028,Rock Slide 2016
30717,UK/NAI/53O11/2015/239,Uttarakhand,Nainital,Ranibagh - Banana,29.28931,79.607878,Rock Slide NA
30718,UK/NAI/53O11/2015/187,Uttarakhand,Nainital,Mahargaon - Mahanta,29.290265,79.704675,Rock Slide NA
30719,UK/CHA/53O15/2016/92,Uttarakhand,Champawat,Gurna,29.291528,80.183281,Debris Slide 2014
30720,UK/CHA/53O15/2016/14,Uttarakhand,Champawat,Gadyura,29.292222,79.914417,Rock Slide 2011
30721,UK/NAI/53O11/2015/181,Uttarakhand,Nainital,Ranibagh - Banana,29.292343,79.582799,Rock Slide NA
30722,UK/NAI/53O11/2015/207,Uttarakhand,Nainital,Shimalaya - Hairakhan,29.292428,79.719467,Rock Slide NA
30723,UK/NAI/53O11/2015/196,Uttarakhand,Nainital,Bohara - Shalani,29.293488,79.623976,Rock Slide NA
30724,UK/NAI/53O11/2015/193,Uttarakhand,Nainital,Kathgodam - Nainital,29.293867,79.548315,Rock Slide NA
30725,UK/NAI/53O11/2015/214,Uttarakhand,Nainital,Ranibagh - Banana,29.293943,79.579571,Debris Slide NA
30726,UK/NAI/53O11/2015/208,Uttarakhand,Nainital,Ranibagh - Shalani,29.294189,79.612409,Rock Slide NA
30727,UK/CHA/62C03/2016/66,Uttarakhand,Champawat,Jatkola,29.294278,80.030639,Rock Slide 2012
30728,UK/CHA/62C03/2016/68,Uttarakhand,Champawat,Jatkola,29.294833,80.034556,Rock Slide 2012
30729,UK/NAI/53O11/2015/240,Uttarakhand,Nainital,Ranibagh - Banana,29.295128,79.609551,Rock Slide NA
30730,UK/CHA/62C03/2016/67,Uttarakhand,Champawat,Jatkola,29.295167,80.03325,Rock Slide 2012
30731,UK/CHA/53O15/2016/33,Uttarakhand,Champawat,Kanyura,29.295918,79.97016,Debris Slide 2011
30732,UK/CHA/53O15/2016/16,Uttarakhand,Champawat,Kanyura,29.296778,79.9485,Rock Fall 2014
30733,UK/CHA/53O15/2016/17,Uttarakhand,Champawat,Kanyura,29.297028,79.954139,Rock Slide 2014
30734,UK/CHA/53O15/2016/15,Uttarakhand,Champawat,Kanyura,29.297167,79.947389,Rock Slide 2013
30735,UK/NAI/53O11/2015/223,Uttarakhand,Nainital,Ranibagh - Banana,29.297396,79.615822,Rock Slide NA
30736,UK/NAI/53O11/2015/261,Uttarakhand,Nainital,Ranibagh - Banana,29.297726,79.557461,Rock Slide NA
30737,UK/NAI/53O11/2015/259,Uttarakhand,Nainital,Mahargaon - Mahanta,29.29775,79.695778,Rock Slide NA
30738,UK/CHA/53O15/2016/18,Uttarakhand,Champawat,Kanyura,29.298889,79.956972,Rock Slide 2014
30739,UK/CHA/53O15/2016/44,Uttarakhand,Champawat,Gadyura,29.299322,79.91367,Rock Slide 2016
30740,UK/CHA/53O15/2016/43,Uttarakhand,Champawat,Chautra,29.299976,79.888292,Rock Slide 2013
30741,UK/NAI/53O11/2015/183,Uttarakhand,Nainital,Mahargaon - Mahanta,29.300194,79.697389,Rock Slide NA
30742,UK/NAI/53O11/2015/157,Uttarakhand,Nainital,Mahargaon - Mahanta,29.300194,79.697389,Rock Slide NA
30743,UK/NAI/53O11/2015/226,Uttarakhand,Nainital,Mahargaon - Mahanta,29.300194,79.697389,Rock Slide NA
30744,UK/CHA/62C03/2016/87,Uttarakhand,Champawat,Palson,29.300528,80.081361,Rock Fall 2010
30745,UK/NAI/53O11/2015/245,Uttarakhand,Nainital,Bohara - Shalani,29.301514,79.633014,Rock Slide NA
30746,UK/NAI/53O11/2015/160,Uttarakhand,Nainital,Kathgodam - Nainital,29.301743,79.543629,Rock Slide NA
30747,UK/CHA/62C03/2016/88,Uttarakhand,Champawat,Palson,29.301889,80.080028,Rock Slide 2010
30748,UK/CHA/62C03/2016/89,Uttarakhand,Champawat,Palson,29.302194,80.076639,Rock Slide 2010
30749,UK/NAI/53O11/2015/195,Uttarakhand,Nainital,Kathgodam - Nainital,29.303977,79.533402,Rock Fall NA
30750,UK/NAI/53O11/2015/173,Uttarakhand,Nainital,Mahargaon - Mahanta,29.304,79.69,Debris Slide NA
30751,UK/NAI/53O11/2015/215,Uttarakhand,Nainital,Ranibagh - Bhimtal,29.304143,79.556817,Rock Slide NA
30752,UK/CHA/62C03/2016/78,Uttarakhand,Champawat,Mauntala,29.305361,80.165389,Debris Slide 2005
30753,UK/CHA/62C03/2016/77,Uttarakhand,Champawat,Mauntala,29.305389,80.167389,Rock Fall 2005
30754,UK/NAI/53O15/2016/80,Uttarakhand,Nainital,Kaudiyar,29.307972,79.795056,Rock Slide 2011
30755,UK/NAI/53O11/2015/225,Uttarakhand,Nainital,Kathgodam - Bhimtal,29.309041,79.550677,Rock Slide NA
30756,UK/NAI/53O11/2015/150,Uttarakhand,Nainital,Jamrani - Kotbanna,29.310434,79.591749,Rock Slide NA
30757,UK/NAI/53O11/2015/169,Uttarakhand,Nainital,Ranibagh - Banana,29.310472,79.624443,Rock Slide NA
30758,UK/NAI/53O11/2015/211,Uttarakhand,Nainital,Kathgodam - Nainital,29.312921,79.532425,Rock Slide NA
30759,UK/NAI/53O11/2015/209,Uttarakhand,Nainital,Ranibagh - Bhimtal,29.313056,79.553413,Rock Slide NA
30760,UK/NAI/53O07/2015/60,Uttarakhand,Nainital,Kaladhungi - Nainital,29.313058,79.343157,Rock Slide NA
30761,UK/CHA/53O15/2016/32,Uttarakhand,Champawat,Kanyura,29.313359,79.969917,Rock Slide 2013
30762,UK/NAI/53O11/2015/229,Uttarakhand,Nainital,Bohara - Shalani,29.3139,79.632328,Rock Slide NA
30763,UK/CHA/53O15/2016/19,Uttarakhand,Champawat,Kanyura,29.314,79.962306,Rock Slide 2013
30764,UK/NAI/53O07/2015/111,Uttarakhand,Nainital,Kaladhungi - Nainital,29.315465,79.345577,Debris Slide NA
30765,UK/NAI/53O15/2016/81,Uttarakhand,Nainital,Bhadrakot,29.315472,79.787917,Debris Slide 2016
30766,UK/NAI/53O15/2016/82,Uttarakhand,Nainital,Bhadrakot,29.316222,79.789056,Rock Slide 2016
30767,UK/NAI/53O07/2015/63,Uttarakhand,Nainital,Nainital - Kaladhungi,29.317,79.344,Rock Slide NA
30768,UK/NAI/53O07/2015/141,Uttarakhand,Nainital,Nainital - Chopra,29.317407,79.491366,Debris Slide NA
30769,UK/NAI/53O11/2015/154,Uttarakhand,Nainital,Bhimtal - Malwatal,29.317669,79.591454,Rock Slide NA
30770,UK/NAI/53O11/2015/200,Uttarakhand,Nainital,Mahargaon - Mahanta,29.317778,79.691472,Rock Slide NA
30771,UK/CHA/62C03/2016/69,Uttarakhand,Champawat,Sipti,29.318203,80.030876,Rock Slide 2010
30772,UK/NAI/53O07/2015/134,Uttarakhand,Nainital,Nainital - Kaladhungi,29.318347,79.355657,Debris Slide NA
30773,UK/NAI/53O07/2015/113,Uttarakhand,Nainital,Nainital - Chopra,29.318462,79.487917,Rock Slide NA
30774,UK/NAI/53O11/2015/205,Uttarakhand,Nainital,Mahargaon - Mahanta,29.318667,79.690694,Rock Slide NA
30775,UK/NAI/53O07/2015/142,Uttarakhand,Nainital,Nainital - Chopra,29.319049,79.492545,Rock Slide NA
30776,UK/CHA/53O15/2016/20,Uttarakhand,Champawat,Kanyura,29.319111,79.962139,Rock Slide 2013
30777,UK/NAI/53O07/2015/124,Uttarakhand,Nainital,Nainital - Kaladhungi,29.31929,79.354259,Rock Slide NA
30778,UK/NAI/53O07/2015/137,Uttarakhand,Nainital,Nainital - Kaladhungi,29.319608,79.360541,Rock Slide NA
30779,UK/NAI/53O07/2015/123,Uttarakhand,Nainital,Nainital - Kaladhungi,29.32,79.352,Rock Slide NA
30780,UK/NAI/53O11/2015/159,Uttarakhand,Nainital,Kathgodam - Nainital,29.320736,79.544461,Rock Slide NA
30781,UK/CHA/53O15/2016/21,Uttarakhand,Champawat,Kanyura,29.320778,79.960278,Rock Slide 2014
30782,UK/NAI/53O11/2015/163,Uttarakhand,Nainital,Kathgodam - Nainital,29.321059,79.530557,Rock Slide NA
30783,UK/NAI/53O15/2016/83,Uttarakhand,Nainital,Bhadrakot,29.321278,79.778944,Debris Slide 2013
30784,UK/NAI/53O11/2015/161,Uttarakhand,Nainital,Mahargaon - Mahanta,29.3216,79.647687,Rock Slide NA
30785,UK/CHA/62C03/2016/72,Uttarakhand,Champawat,Chyurikhark,29.323184,80.059396,Debris Slide 2014
30786,UK/CHA/62C03/2016/71,Uttarakhand,Champawat,Chyurikhark,29.323333,80.058417,Debris Slide 2014
30787,UK/NAI/53O11/2015/258,Uttarakhand,Nainital,Bohara - Shalani,29.323424,79.609972,Debris Slide NA
30788,UK/NAI/53O07/2015/29,Uttarakhand,Nainital,Nainital - Kaladhungi,29.324628,79.346206,Rock Slide NA
30789,UK/CHA/62C03/2016/70,Uttarakhand,Champawat,Chyurikhark,29.325194,80.056417,Rock Slide 2014
30790,UK/NAI/53O11/2015/147,Uttarakhand,Nainital,Bhimtal - Malwatal,29.326,79.661,Rock Slide NA
30791,UK/NAI/53O11/2015/165,Uttarakhand,Nainital,Bhimtal - Malwatal,29.3283,79.650793,Debris Slide NA
30792,UK/NAI/53O11/2015/216,Uttarakhand,Nainital,Bhimtal - Malwatal,29.3283,79.650793,Debris Slide NA
30793,UK/NAI/53O11/2015/149,Uttarakhand,Nainital,Bhimtal - Malwatal,29.3283,79.650793,Debris Slide NA
30794,UK/CHA/62C03/2016/11,Uttarakhand,Champawat,Mauntala,29.3295,80.159639,Rock Slide 2016
30795,UK/NAI/53O07/2015/117,Uttarakhand,Nainital,Kathgodam - Bhowali,29.329836,79.493818,Rock Slide NA
30796,UK/NAI/53O11/2015/254,Uttarakhand,Nainital,Jeolikot - Joli,29.331354,79.512437,Debris Slide NA
30797,UK/NAI/53O11/2015/162,Uttarakhand,Nainital,Ranibagh - Bhimtal,29.332058,79.565745,Rock Slide NA
30798,UK/NAI/53O07/2015/127,Uttarakhand,Nainital,Kathgodam - Bhowali,29.333002,79.491686,Rock Slide NA
30799,UK/NAI/53O07/2015/143,Uttarakhand,Nainital,Nainital - Chopra,29.333454,79.487459,Rock Fall NA
30800,UK/NAI/53O07/2015/135,Uttarakhand,Nainital,Nainital - Chopra,29.335685,79.458622,Debris Slide NA
30801,UK/NAI/53O11/2015/164,Uttarakhand,Nainital,Jeolikot - Joli,29.336367,79.516533,Rock Slide NA
30802,UK/NAI/53O07/2015/144,Uttarakhand,Nainital,Nainital - Chopra,29.336449,79.482745,Debris Slide NA
30803,UK/CHA/62C07/2017/1,Uttarakhand,Champawat,,29.337064,80.25316,Rock Slide NA
30804,UK/NAI/53O11/2015/168,Uttarakhand,Nainital,Bhimtal - Sat Tal,29.33717,79.523546,Debris Slide NA
30805,UK/NAI/53O11/2015/176,Uttarakhand,Nainital,Jeolikot - Joli,29.337726,79.516155,Rock Slide NA
30806,UK/NAI/53O11/2015/171,Uttarakhand,Nainital,Mahargaon - Mahanta,29.338,79.625,Rock Slide NA
30807,UK/NAI/53O11/2015/174,Uttarakhand,Nainital,Bhimtal - Sat Tal,29.338074,79.524148,Debris Slide NA
30808,UK/NAI/53O07/2015/81,Uttarakhand,Nainital,Nainital - Chopra,29.338256,79.484345,Debris Slide NA
30809,UK/NAI/53O11/2015/273,Uttarakhand,Nainital,Okhalkanda - Surang,29.338358,79.723617,Rock Slide NA
30810,UK/NAI/53O11/2015/199,Uttarakhand,Nainital,Jeolikot - Joli,29.338628,79.516178,Rock Slide NA
30811,UK/NAI/53O11/2015/177,Uttarakhand,Nainital,Bhimtal - Sat Tal,29.3391,79.528486,Rock Slide NA
30812,UK/NAI/53O11/2015/192,Uttarakhand,Nainital,Bhimtal - Malwatal,29.339582,79.596622,Rock Slide NA
30813,UK/NAI/53O11/2015/213,Uttarakhand,Nainital,Okhalkanda - Surang,29.339672,79.71969,Rock Slide NA
30814,UK/NAI/53O07/2015/27,Uttarakhand,Nainital,Nainital - Devdhura,29.340086,79.414492,Rock Slide NA
30815,UK/NAI/53O07/2015/14,Uttarakhand,Nainital,Nainital - Devdhura,29.340086,79.414492,Rock Slide NA
30816,UK/NAI/53O07/2015/20,Uttarakhand,Nainital,Nainital - Devdhura,29.340086,79.414492,Rock Slide NA
30817,UK/NAI/53O11/2015/219,Uttarakhand,Nainital,Bhimtal - Sat Tal,29.3402,79.5237,Rock Slide NA
30818,UK/NAI/53O11/2015/270,Uttarakhand,Nainital,Bhimtal - Malwatal,29.340505,79.576198,Rock Slide NA
30819,UK/NAI/53O11/2015/253,Uttarakhand,Nainital,Okhalkanda - Surang,29.340945,79.711658,Rock Slide NA
30820,UK/CHA/62C03/2016/35,Uttarakhand,Champawat,Lojani,29.342333,80.215917,Rock Slide 2016
30821,UK/NAI/53O11/2015/175,Uttarakhand,Nainital,Jeolikot - Joli,29.343211,79.503095,Rock Slide NA
30822,UK/NAI/53O07/2015/129,Uttarakhand,Nainital,Kathgodam - Bhowali,29.34386,79.483737,Rock Slide NA
30823,UK/NAI/53O07/2015/86,Uttarakhand,Nainital,Jeolikot - Joli,29.344365,79.494614,Rock Slide NA
30824,UK/NAI/53O07/2015/128,Uttarakhand,Nainital,Bhowali - Nainital,29.34493,79.465767,Rock Slide NA
30825,UK/NAI/53O11/2015/238,Uttarakhand,Nainital,Okhalkanda - Surang,29.344961,79.712972,Rock Slide NA
30826,UK/NAI/53O07/2015/139,Uttarakhand,Nainital,Bhowali - Nainital,29.346339,79.46078,Rock Slide NA
30827,UK/NAI/53O07/2015/103,Uttarakhand,Nainital,Kathgodam - Bhowali,29.34638,79.479113,Debris Slide NA
30828,UK/CHA/62C03/2016/34,Uttarakhand,Champawat,Lojani,29.346639,80.246944,Rock Fall 2009
30829,UK/NAI/53O11/2015/201,Uttarakhand,Nainital,Mahargaon - Mahanta,29.347,79.665,Debris Slide NA
30830,UK/NAI/53O07/2015/104,Uttarakhand,Nainital,Bhowali - Nainital,29.347265,79.47382,Rock Slide NA
30831,UK/NAI/53O15/2016/84,Uttarakhand,Nainital,Kotli,29.347972,79.774306,Debris Slide 2013
30832,UK/CHA/62C03/2016/32,Uttarakhand,Champawat,Suli,29.348889,80.248889,Rock Fall 2009
30833,UK/CHA/62C03/2016/33,Uttarakhand,Champawat,Suli,29.348889,80.247639,Debris Slide 2014
30834,UK/NAI/53O11/2015/263,Uttarakhand,Nainital,Okhalkanda - Surang,29.349667,79.707,Rock Fall NA
30835,UK/NAI/53O07/2015/76,Uttarakhand,Nainital,Bhowali - Nainital,29.349702,79.472496,Rock Slide NA
30836,UK/NAI/53O11/2015/148,Uttarakhand,Nainital,Alchauna - Pandechhor,29.35,79.594,Rock Slide NA
30837,UK/NAI/53O07/2015/116,Uttarakhand,Nainital,Kathgodam - Bhowali,29.350867,79.473567,Rock Slide NA
30838,UK/CHA/62C07/2017/2,Uttarakhand,Champawat,,29.351133,80.266067,Debris Slide 2009
30839,UK/NAI/53O07/2015/89,Uttarakhand,Nainital,Bhowali - Nainital,29.352269,79.474337,Rock Slide NA
30840,UK/CHA/53O15/2016/76,Uttarakhand,Champawat,Kanda,29.352778,79.862528,Rock Slide 2011
30841,UK/NAI/53O07/2015/67,Uttarakhand,Nainital,Bhowali - Nainital,29.3531,79.473643,Rock Slide NA
30842,UK/NAI/53O15/2016/85,Uttarakhand,Nainital,Kotli,29.353139,79.76675,Rock Slide 2011
30843,UK/PIT/62C03/2016/130,Uttarakhand,Champawat,Maneshwar,29.353417,80.119417,Rock Slide 2016
30844,UK/NAI/53O07/2015/7,Uttarakhand,Nainital,Nainital - Kaladungi,29.3539,79.4246,Debris Slide NA
30845,UK/NAI/53O07/2015/107,Uttarakhand,Nainital,Bhowali - Nainital,29.354761,79.473163,Debris Subsidence NA
30846,UK/NAI/53O11/2015/191,Uttarakhand,Nainital,Alchauna - Pandechhor,29.355088,79.58964,Rock Slide NA
30847,UK/NAI/53O07/2015/11,Uttarakhand,Nainital,Baldhiyakhan - Nainital,29.3555,79.429114,Debris Slide NA
30848,UK/NAI/53O07/2015/115,Uttarakhand,Nainital,Bhowali - Nainital,29.356057,79.471346,Rock Slide NA
30849,UK/NAI/53O11/2015/228,Uttarakhand,Nainital,Alchauna - Pandechhor,29.356697,79.588212,Rock Slide NA
30850,UK/NAI/53O07/2015/118,Uttarakhand,Nainital,Bhowali - Nainital,29.357134,79.476971,Rock Slide NA
30851,UK/NAI/53O07/2015/16,Uttarakhand,Nainital,Baldhiyakhan - Nainital,29.357283,79.430067,Debris Slide NA
30852,UK/NAI/53O07/2015/132,Uttarakhand,Nainital,Bhowali - Nainital,29.35896,79.484396,Rock Slide NA
30853,UK/NAI/53O07/2015/24,Uttarakhand,Nainital,Baldhiyakhan - Nainital,29.360794,79.429531,Debris Slide NA
30854,UK/NAI/53O11/2015/220,Uttarakhand,Nainital,Bhimtal - Malwatal,29.361,79.592,Rock Slide NA
30855,UK/NAI/53O07/2015/77,Uttarakhand,Nainital,Baldhiyakhan - Nainital,29.361785,79.449731,Debris Slide NA
30856,UK/NAI/53O07/2015/37,Uttarakhand,Nainital,Baldhiyakhan - Nainital,29.367844,79.448813,Debris Slide NA
30857,UK/NAI/53O07/2015/5,Uttarakhand,Nainital,Nainital - Kathgodam,29.368978,79.472131,Rock Slide NA
30858,UK/NAI/53O11/2015/186,Uttarakhand,Nainital,Mahargaon - Mahanta,29.369012,79.587893,Debris Slide NA
30859,UK/NAI/62C03/2016/129,Uttarakhand,Nainital,Kotli,29.369833,79.750028,Rock Slide 2011
30860,UK/NAI/53O11/2015/283,Uttarakhand,Nainital,Mahargaon - Mahanta,29.370556,79.638611,Rock Slide NA
30861,UK/NAI/53O07/2015/138,Uttarakhand,Nainital,Nainital - Kaladungi,29.370643,79.42424,Debris Slide NA
30862,UK/NAI/53O11/2015/242,Uttarakhand,Nainital,Bhimtal - Sat Tal,29.370975,79.534144,Rock Slide NA
30863,UK/NAI/53O07/2015/133,Uttarakhand,Nainital,Nainital - Kaladungi,29.371501,79.418553,Debris Slide NA
30864,UK/NAI/53O07/2015/66,Uttarakhand,Nainital,Baldhiyakhan - Nainital,29.371775,79.441012,Debris Slide NA
30865,UK/NAI/53O07/2015/6,Uttarakhand,Nainital,Nainital - Jeolikot,29.3725,79.471644,Rock Slide NA
30866,UK/NAI/53O07/2015/15,Uttarakhand,Nainital,Nainital - Bhowali,29.374142,79.467111,Rock Slide NA
30867,UK/NAI/53O07/2015/97,Uttarakhand,Nainital,Nainital - Bhowali,29.374536,79.468644,Rock Slide NA
30868,UK/NAI/53O07/2015/22,Uttarakhand,Nainital,Nainital - Bhowali,29.374536,79.468644,Rock Slide NA
30869,UK/NAI/53O07/2015/108,Uttarakhand,Nainital,Nainital - Kaladungi,29.374729,79.429801,Rock Fall NA
30870,UK/NAI/53O07/2015/1,Uttarakhand,Nainital,Baldhiyakhan - Nainital,29.375072,79.446425,Rock Slide NA
30871,UK/NAI/53O07/2015/72,Uttarakhand,Nainital,Bhowali - Nainital,29.376896,79.490523,Rock Slide NA
30872,UK/NAI/53O07/2015/106,Uttarakhand,Nainital,Bhowali - Nainital,29.377079,79.492585,Rock Slide NA
30873,UK/NAI/53O07/2015/96,Uttarakhand,Nainital,Bhowali - Nainital,29.377241,79.49025,Rock Slide NA
30874,UK/NAI/53O07/2015/26,Uttarakhand,Nainital,Kotabagh - Kaladhungi,29.377322,79.332722,Rock Slide NA
30875,UK/NAI/53O11/2015/277,Uttarakhand,Nainital,Bhowali - Ghorakhal,29.377843,79.541803,Debris Slide NA
30876,UK/NAI/53O11/2015/257,Uttarakhand,Nainital,Bhowali - Ghorakhal,29.378217,79.543187,Debris Slide NA
30877,UK/NAI/53O07/2015/71,Uttarakhand,Nainital,Bhowali - Nainital,29.378724,79.490183,Rock Slide NA
30878,UK/NAI/53O11/2015/276,Uttarakhand,Nainital,Bhowali - Ghorakhal,29.3788,79.5406,Debris Slide NA
30879,UK/NAI/53O11/2015/272,Uttarakhand,Nainital,Mahargaon - Mahanta,29.378972,79.585836,Rock Slide NA
30880,UK/CHA/53O15/2016/1,Uttarakhand,Champawat,Kamlekh,29.379611,79.973361,Rock Slide 2013
30881,UK/NAI/53O07/2015/131,Uttarakhand,Nainital,Nainital - Bhowali,29.379809,79.499115,Rock Slide NA
30882,UK/NAI/53O07/2015/54,Uttarakhand,Nainital,Bhowali - Nainital,29.379881,79.485059,Rock Slide NA
30883,UK/NAI/53O07/2015/69,Uttarakhand,Nainital,Nainital - Kaladungi,29.379953,79.434826,Rock Slide NA
30884,UK/NAI/53O07/2015/90,Uttarakhand,Nainital,Bhowali - Nainital,29.380019,79.489346,Rock Slide NA
30885,UK/NAI/53O11/2015/203,Uttarakhand,Nainital,Mahargaon - Mahanta,29.380208,79.585769,Rock Slide NA
30886,UK/NAI/53O11/2015/282,Uttarakhand,Nainital,Mahargaon - Mahanta,29.380595,79.597381,Debris Slide NA
30887,UK/NAI/53O07/2015/68,Uttarakhand,Nainital,Bajun - Adhaura,29.381749,79.401563,Debris Slide NA
30888,UK/NAI/53O07/2015/95,Uttarakhand,Nainital,Bhowali - Nainital,29.381819,79.490726,Rock Slide NA
30889,UK/NAI/53O07/2015/46,Uttarakhand,Nainital,Nainital - Bhowali,29.381899,79.492485,Rock Slide NA
30890,UK/NAI/53O07/2015/130,Uttarakhand,Nainital,Nainital - Bhowali,29.384252,79.494379,Rock Slide NA
30891,UK/CHA/62C03/2016/12,Uttarakhand,Champawat,Dungri Phartyal,29.385278,80.023111,Rock Topple 2014
30892,UK/NAI/53O07/2015/43,Uttarakhand,Nainital,Bajun - Adhaura,29.387343,79.40101,Rock Slide NA
30893,UK/CHA/62C03/2016/23,Uttarakhand,Champawat,Salta,29.387396,80.248537,Rock Slide 2016
30894,UK/NAI/53O07/2015/19,Uttarakhand,Nainital,Nainital - Bhowali,29.388994,79.471336,Rock Slide NA
30895,UK/NAI/53O11/2015/231,Uttarakhand,Nainital,Ghutiya - Agsara,29.389671,79.615259,Rock Slide NA
30896,UK/NAI/53O11/2015/264,Uttarakhand,Nainital,Dhanachuli - Naulakhan,29.390089,79.641275,Rock Slide NA
30897,UK/NAI/53O07/2015/28,Uttarakhand,Nainital,Nainital - Bhowali,29.391206,79.478903,Rock Slide NA
30898,UK/NAI/53O11/2015/235,Uttarakhand,Nainital,Ghutiya - Agsara,29.391276,79.615101,Rock Slide NA
30899,UK/NAI/53O07/2015/92,Uttarakhand,Nainital,Bajun - Adhaura,29.391543,79.397059,Rock Slide NA
30900,UK/NAI/53O11/2015/278,Uttarakhand,Nainital,Gunigaon - Kasyalkhet,29.394265,79.634749,Rock Slide NA
30901,UK/NAI/53O11/2015/279,Uttarakhand,Nainital,Gunigaon - Kasyalkhet,29.396469,79.63573,Rock Slide NA
30902,UK/NAI/53O07/2015/112,Uttarakhand,Nainital,Bajun - Adhaura,29.396702,79.392454,Rock Slide NA
30903,UK/CHA/53O15/2016/2,Uttarakhand,Champawat,Pati,29.397222,79.954306,Rock Fall 2014
30904,UK/NAI/53O11/2015/280,Uttarakhand,Nainital,Gunigaon - Kasyalkhet,29.400005,79.635763,Rock Slide NA
30905,UK/NAI/53O07/2015/122,Uttarakhand,Nainital,Kotabagh - Kaladhungi,29.400357,79.317766,Debris Slide NA
30906,UK/CHA/53O15/2016/22,Uttarakhand,Champawat,Devidhura,29.400444,79.848917,Rock Fall 2011
30907,UK/CHA/53O15/2016/23,Uttarakhand,Champawat,Devidhura,29.4015,79.849583,Rock Slide 2011
30908,UK/NAI/53O07/2015/17,Uttarakhand,Nainital,Pangot -Timalpani,29.402,79.403,Debris Slide NA
30909,UK/CHA/53O15/2016/3,Uttarakhand,Champawat,Pati,29.402083,79.954333,Rock Slide 2013
30910,UK/NAI/53O07/2015/18,Uttarakhand,Nainital,Pangot - Nainital,29.403003,79.455978,Rock Slide NA
30911,UK/CHA/53O15/2016/4,Uttarakhand,Champawat,Pati,29.403278,79.955889,Rock Slide 2013
30912,UK/CHA/53O15/2016/88,Uttarakhand,Champawat,Kamlekh,29.403558,79.971503,Rock Slide 2002
30913,UK/NAI/53O07/2015/53,Uttarakhand,Nainital,Pangot -Timalpani,29.40374,79.395154,Debris Slide NA
30914,UK/NAI/53O07/2015/8,Uttarakhand,Nainital,Pangot -Timalpani,29.403914,79.384211,Debris Slide NA
30915,UK/NAI/53O07/2015/12,Uttarakhand,Nainital,Pangot -Timalpani,29.403914,79.384211,Debris Slide NA
30916,UK/CHA/53O15/2016/24,Uttarakhand,Champawat,Devidhura,29.404083,79.850389,Rock Slide 2011
30917,UK/PIT/62C03/2016/128,Uttarakhand,Champawat,Sirtoli,29.404139,80.017472,Debris Slide 2006
30918,UK/NAI/53O07/2015/114,Uttarakhand,Nainital,Pangot - Nainital,29.404647,79.445464,Rock Slide NA
30919,UK/NAI/53O07/2015/42,Uttarakhand,Nainital,Pangot -Timalpani,29.404868,79.394397,Debris Slide NA
30920,UK/NAI/53O11/2015/281,Uttarakhand,Nainital,Gunigaon - Kasyalkhet,29.405257,79.633573,Rock Slide NA
30921,UK/CHA/62C03/2016/31,Uttarakhand,Champawat,Raikot,29.406278,80.107278,Rock Slide 2012
30922,UK/CHA/62C03/2016/30,Uttarakhand,Champawat,Pokhri,29.407222,80.16725,Rock Slide 2005
30923,UK/CHA/53O15/2016/6,Uttarakhand,Champawat,Pati,29.407944,79.918389,Rock Fall 2011
30924,UK/CHA/53O15/2016/5,Uttarakhand,Champawat,Pati,29.408667,79.923472,Rock Slide 2002
30925,UK/CHA/62C03/2016/22,Uttarakhand,Champawat,Raul,29.40875,80.203917,Rock Slide 2014
30926,UK/NAI/53O11/2015/269,Uttarakhand,Nainital,Gunigaon - Kasyalkhet,29.409112,79.633611,Rock Slide NA
30927,UK/CHA/53O15/2016/8,Uttarakhand,Champawat,Dungra,29.409944,79.906806,Rock Slide 2013
30928,UK/CHA/53O15/2016/7,Uttarakhand,Champawat,Dungra,29.410528,79.908194,Rock Topple 2013
30929,UK/NAI/53O11/2015/246,Uttarakhand,Nainital,Bhowali - Almora,29.410766,79.517304,Debris Slide NA
30930,UK/NAI/53O07/2015/13,Uttarakhand,Nainital,Pangot - Timalpani,29.414158,79.411408,Rock Slide NA
30931,UK/NAI/53O07/2015/64,Uttarakhand,Nainital,Pangot - Timalpani,29.415458,79.406092,Rock Slide NA
30932,UK/NAI/53O11/2015/230,Uttarakhand,Nainital,Gunigaon - Kasyalkhet,29.416097,79.638859,Debris Slide NA
30933,UK/NAI/53O07/2015/21,Uttarakhand,Nainital,Pangot -Timalpani,29.417086,79.387631,Rock Slide NA
30934,UK/CHA/62C03/2016/29,Uttarakhand,Champawat,Dakla,29.4175,80.196694,Rock Slide 2005
30935,UK/NAI/53O07/2015/105,Uttarakhand,Nainital,Pangot - Timalpani,29.417607,79.402302,Rock Slide NA
30936,UK/NAI/53O07/2015/3,Uttarakhand,Nainital,Kotabagh - Kaladhungi,29.418,79.34,Rock Slide NA
30937,UK/NAI/53O11/2015/167,Uttarakhand,Nainital,Kurthi (Reserved Forest),29.418382,79.597594,Rock Slide NA
30938,UK/NAI/53O07/2015/102,Uttarakhand,Nainital,Pangot -Timalpani,29.419853,79.393179,Debris Slide NA
30939,UK/NAI/53O07/2015/70,Uttarakhand,Nainital,Pandegaon - Pipalkhet,29.420083,79.32776,Debris Slide NA
30940,UK/NAI/53O07/2015/85,Uttarakhand,Nainital,Baghani - Kaladhungi,29.422354,79.302632,Rock Slide NA
30941,UK/NAI/53O11/2015/236,Uttarakhand,Nainital,Letibunga - Darmali,29.422364,79.679933,Rock Slide NA
30942,UK/NAI/53O11/2015/251,Uttarakhand,Nainital,Letibunga - Darmali,29.423392,79.680267,Rock Slide NA
30943,UK/NAI/53O07/2015/80,Uttarakhand,Nainital,Pandegaon - Pipalkhet,29.424927,79.32868,Rock Slide NA
30944,UK/NAI/53O11/2015/222,Uttarakhand,Nainital,Ninglat Talli - Talla Ramgarh,29.426547,79.511671,Rock Slide NA
30945,UK/NAI/53O07/2015/50,Uttarakhand,Nainital,Kotabagh - Baghani,29.426775,79.32081,Debris Slide NA
30946,UK/NAI/53O11/2015/260,Uttarakhand,Nainital,Talla Ramgarh - Nathuwakhan,29.428,79.566889,Debris Slide NA
30947,UK/NAI/53O11/2015/244,Uttarakhand,Nainital,Gunigaon - Kasyalkhet,29.428922,79.632526,Debris Slide NA
30948,UK/NAI/53O11/2015/262,Uttarakhand,Nainital,Talla Ramgarh - Nathuwakhan,29.430497,79.564227,Rock Slide NA
30949,UK/NAI/53O11/2015/267,Uttarakhand,Nainital,Ninglat Talli - Talla Ramgarh,29.43078,79.511475,Debris Slide NA
30950,UK/CHA/62C03/2016/41,Uttarakhand,Champawat,Pawa,29.431083,80.075639,Debris Subsidence 2011
30951,UK/NAI/53O07/2015/140,Uttarakhand,Nainital,Baghani - Kaladhungi,29.431331,79.298088,Debris Slide NA
30952,UK/CHA/53O15/2016/74,Uttarakhand,Champawat,Timla Gunth,29.431918,79.857583,Rock Slide 2016
30953,UK/NAI/53O07/2015/33,Uttarakhand,Nainital,Baghani - Kaladhungi,29.432721,79.300439,Debris Slide NA
30954,UK/CHA/53O15/2016/89,Uttarakhand,Champawat,Chatri,29.432874,79.973087,Rock Slide 2013
30955,UK/NAI/53O07/2015/84,Uttarakhand,Nainital,Baghani - Kaladhungi,29.433606,79.290411,Rock Slide NA
30956,UK/CHA/53O15/2016/75,Uttarakhand,Champawat,Timla Gunth,29.433745,79.861747,Rock Slide 2011
30957,UK/CHA/62C03/2016/40,Uttarakhand,Champawat,Pawa,29.433889,80.06725,Debris Subsidence 2014
30958,UK/NAI/53O11/2015/243,Uttarakhand,Nainital,Ninglat Talli - Talla Ramgarh,29.434142,79.507797,Rock Slide NA
30959,UK/NAI/53O07/2015/79,Uttarakhand,Nainital,Bhowali - Almora,29.434478,79.492994,Debris Slide NA
30960,UK/NAI/53O11/2015/237,Uttarakhand,Nainital,Letibunga - Darmali,29.434665,79.668186,Debris Slide NA
30961,UK/NAI/53O07/2015/10,Uttarakhand,Nainital,Bhowali - Almora,29.435561,79.495321,Debris Slide NA
30962,UK/CHA/62C03/2016/19,Uttarakhand,Champawat,Surkot,29.435583,80.023861,Debris Slide 2012
30963,UK/NAI/53O07/2015/32,Uttarakhand,Nainital,Bhowali - Almora,29.435591,79.492528,Rock Slide NA
30964,UK/CHA/53O15/2016/79,Uttarakhand,Champawat,Rithakhal,29.436333,79.880639,Debris Slide 2011
30965,UK/NAI/53O11/2015/266,Uttarakhand,Nainital,Malla Ramgarh - Talla Ramgarh,29.436548,79.542285,Rock Slide NA
30966,UK/NAI/53O11/2015/232,Uttarakhand,Nainital,Talla Ramgarh - Nathuwakhan,29.436556,79.568019,Rock Slide NA
30967,UK/NAI/53O11/2015/247,Uttarakhand,Nainital,Ninglat Talli - Talla Ramgarh,29.43657,79.503321,Rock Slide NA
30968,UK/CHA/62C03/2016/21,Uttarakhand,Champawat,Syuri,29.436861,80.046417,Debris Slide 2006
30969,UK/NAI/53O11/2015/256,Uttarakhand,Nainital,Ninglat Talli - Talla Ramgarh,29.437123,79.50453,Debris Slide NA
30970,UK/CHA/62C03/2016/20,Uttarakhand,Champawat,Syuri,29.437167,80.043694,Rock Slide 2006
30971,UK/CHA/62C03/2016/17,Uttarakhand,Champawat,Surkot,29.4375,80.016528,Rock Slide 2016
30972,UK/CHA/62C03/2016/24,Uttarakhand,Champawat,Chanchri,29.43825,80.141278,Debris Slide 2014
30973,UK/CHA/62C03/2016/18,Uttarakhand,Champawat,Surkot,29.438444,80.022806,Rock Slide 2006
30974,UK/NAI/53O07/2015/47,Uttarakhand,Nainital,Bhowali - Almora,29.439979,79.486256,Rock Slide NA
30975,UK/CHA/62C03/2016/28,Uttarakhand,Champawat,Laddang,29.440417,80.228639,Rock Slide 2014
30976,UK/NAI/53O11/2015/241,Uttarakhand,Nainital,Talla Ramgarh - Nathuwakhan,29.440671,79.560423,Debris Slide NA
30977,UK/NAI/53O07/2015/88,Uttarakhand,Nainital,Ghugukhan - Baghani,29.440695,79.409513,Rock Slide NA
30978,UK/NAI/53O07/2015/87,Uttarakhand,Nainital,Ninglat Talli - Talla Ramgarh,29.440714,79.497838,Debris Slide NA
30979,UK/NAI/53O07/2015/48,Uttarakhand,Nainital,Ninglat Talli - Talla Ramgarh,29.440762,79.472619,Debris Slide NA
30980,UK/CHA/62C03/2016/39,Uttarakhand,Champawat,Jhirkunj,29.440778,80.068111,Rock Slide 2015
30981,UK/NAI/53O11/2015/255,Uttarakhand,Nainital,Malla Ramgarh - Talla Ramgarh,29.441184,79.539751,Rock Slide NA
30982,UK/NAI/53O07/2015/31,Uttarakhand,Nainital,Pangot - Kunj Kharak,29.441417,79.431811,Rock Slide NA
30983,UK/PIT/62C03/2016/117,Uttarakhand,Champawat,Jhirkunj,29.441944,80.064028,Rock Slide 2016
30984,UK/CHA/53O15/2016/73,Uttarakhand,Champawat,Timla Gunth,29.441972,79.864222,Rock Slide 2013
30985,UK/NAI/53O07/2015/119,Uttarakhand,Nainital,Ninglat Talli - Talla Ramgarh,29.442571,79.496577,Debris Slide NA
30986,UK/PIT/62C03/2016/118,Uttarakhand,Champawat,Jhirkunj,29.444306,80.051639,Rock Slide 2012
30987,UK/CHA/53O15/2016/90,Uttarakhand,Champawat,Chatri,29.444437,79.989443,Debris Slide 2002
30988,UK/CHA/53O15/2016/57,Uttarakhand,Champawat,Punauli,29.444722,79.942861,Rock Slide 2011
30989,UK/CHA/62C03/2016/10,Uttarakhand,Champawat,Bantoli,29.44525,80.083111,Rock Slide 2016
30990,UK/CHA/53O15/2016/55,Uttarakhand,Champawat,Chatri,29.445458,79.970473,Debris Slide 2016
30991,UK/CHA/53O15/2016/56,Uttarakhand,Champawat,Punauli,29.445583,79.952972,Rock Slide 2014
30992,UK/CHA/62C03/2016/15,Uttarakhand,Champawat,Surkot,29.4475,80.02525,Rock Slide 2015
30993,UK/NAI/53O07/2015/45,Uttarakhand,Nainital,Baghani - Kaladhungi,29.448438,79.289705,Rock Slide NA
30994,UK/NAI/53O07/2015/51,Uttarakhand,Nainital,Baghani - Kaladhungi,29.448585,79.284737,Rock Slide NA
30995,UK/NAI/53O07/2015/39,Uttarakhand,Nainital,Ninglat Talli - Talla Ramgarh,29.448601,79.476353,Debris Slide NA
30996,UK/NAI/53O07/2015/62,Uttarakhand,Nainital,Baghani - Kaladhungi,29.449456,79.310022,Rock Slide NA
30997,UK/CHA/53O15/2016/91,Uttarakhand,Champawat,Chatri,29.449468,79.968647,Debris Slide 2011
30998,UK/CHA/53O15/2016/54,Uttarakhand,Champawat,Chatri,29.450917,79.962694,Debris Slide 2016
30999,UK/CHA/62C03/2016/37,Uttarakhand,Champawat,Jhirkunj,29.451306,80.051056,Debris Slide 2015
31000,UK/NAI/53O07/2015/120,Uttarakhand,Nainital,Ninglat Talli - Talla Ramgarh,29.452029,79.491627,Rock Slide NA
31001,UK/CHA/62C03/2016/14,Uttarakhand,Champawat,Surkot,29.4524,80.003607,Rock Slide 2011
31002,UK/NAI/53O07/2015/41,Uttarakhand,Nainital,Bhowali - Almora,29.452536,79.481161,Debris Slide NA
31003,UK/CHA/53O15/2016/53,Uttarakhand,Champawat,Chatri,29.452596,79.964519,Debris Slide 2016
31004,UK/PIT/62C03/2016/116,Uttarakhand,Champawat,Jhirkunj,29.452611,80.059646,Rock Slide 2011
31005,UK/NAI/53O07/2015/83,Uttarakhand,Nainital,Khairna - Kaphulta,29.452635,79.461743,Debris Slide NA
31006,UK/NAI/53O07/2015/73,Uttarakhand,Nainital,Baghani - Kaladhungi,29.452928,79.314286,Rock Slide NA
31007,UK/NAI/53O07/2015/136,Uttarakhand,Nainital,Khairna - Kaphulta,29.452999,79.465617,Rock Slide NA
31008,UK/PIT/62C03/2016/115,Uttarakhand,Champawat,Jhirkunj,29.453047,80.062032,Rock Slide 2011
31009,UK/NAI/53O07/2015/35,Uttarakhand,Nainital,Ninglat Talli - Talla Ramgarh,29.453408,79.476306,Debris Slide NA
31010,UK/CHA/62C03/2016/95,Uttarakhand,Champawat,Bantoli,29.453649,80.0921,Rock Slide 2002
31011,UK/CHA/53O15/2016/52,Uttarakhand,Champawat,Chatri,29.453823,79.979557,Rock Slide 2002
31012,UK/NAI/53O11/2015/250,Uttarakhand,Nainital,Kasiyalekh - Pata,29.454073,79.600257,Rock Slide NA
31013,UK/NAI/53O07/2015/49,Uttarakhand,Nainital,Bhowali - Almora,29.454168,79.481917,Debris Slide NA
31014,UK/NAI/53O07/2015/4,Uttarakhand,Nainital,Ghugukhan - Baghani,29.454283,79.323847,Rock Slide NA
31015,UK/CHA/62C03/2016/13,Uttarakhand,Champawat,Surkot,29.454463,80.009497,Rock Slide 2016
31016,UK/NAI/53O07/2015/9,Uttarakhand,Nainital,Baghani - Kaladhungi,29.454519,79.293377,Rock Slide NA
31017,UK/NAI/53O07/2015/78,Uttarakhand,Nainital,Ninglat Talli - Talla Ramgarh,29.454749,79.498678,Rock Slide NA
31018,UK/NAI/53O07/2015/98,Uttarakhand,Nainital,Baghani - Kaladhungi,29.454975,79.314111,Rock Slide NA
31019,UK/CHA/53O15/2016/51,Uttarakhand,Champawat,Chatri,29.455151,79.964503,Debris Slide 2016
31020,UK/CHA/62C03/2016/36,Uttarakhand,Champawat,Nadera,29.455314,80.046745,Debris Slide 2011
31021,UK/CHA/53O15/2016/50,Uttarakhand,Champawat,Chatri,29.455599,79.965148,Debris Slide 2016
31022,UK/CHA/62C03/2016/38,Uttarakhand,Champawat,Nadera,29.455639,80.048306,Rock Slide 2011
31023,UK/PIT/62C03/2016/109,Uttarakhand,Pithoragarh,Panthyuara,29.455654,80.225193,Rock Slide 2005
31024,UK/CHA/62C03/2016/94,Uttarakhand,Champawat,Barakot,29.455774,80.071751,Debris Slide 2014
31025,UK/NAI/53O07/2015/146,Uttarakhand,Nainital,Bhowali - Almora,29.455857,79.481115,Debris Slide NA
31026,UK/ALM/53O15/2016/87,Uttarakhand,Almora,Marnaula,29.456264,79.791906,Debris Slide 2005
31027,UK/NAI/53O11/2015/274,Uttarakhand,Nainital,Talla Ramgarh - Nathuakhan,29.456367,79.574229,Rock Slide NA
31028,UK/NAI/53O07/2015/34,Uttarakhand,Nainital,Ninglat Talli - Talla Ramgarh,29.456501,79.498112,Rock Slide NA
31029,UK/NAI/53O07/2015/93,Uttarakhand,Nainital,Khairna - Kaphulta,29.456903,79.467962,Rock Slide NA
31030,UK/ALM/53O15/2016/71,Uttarakhand,Almora,Rithakhal,29.457486,79.86446,Rock Slide 2011
31031,UK/CHA/62C03/2016/16,Uttarakhand,Champawat,Surkot,29.457658,80.017073,Rock Slide 2002
31032,UK/CHA/62C03/2016/44,Uttarakhand,Champawat,Nadera,29.457833,80.043194,Rock Slide 2011
31033,UK/NAI/53O11/2015/271,Uttarakhand,Nainital,Talla Ramgarh - Nathuwakhan,29.457907,79.576109,Rock Slide NA
31034,UK/CHA/62C03/2016/96,Uttarakhand,Champawat,Bantoli,29.458114,80.096184,Rock Slide 2014
31035,UK/NAI/53O07/2015/55,Uttarakhand,Nainital,Baghani - Kaladhungi,29.458171,79.313518,Rock Slide NA
31036,UK/NAI/53O11/2015/275,Uttarakhand,Nainital,Ninglat Talli - Talla Ramgarh,29.458946,79.50188,Rock Slide NA
31037,UK/PIT/62C03/2016/123,Uttarakhand,Champawat,Surkot,29.459219,80.024606,Rock Slide 2002
31038,UK/ALM/53O15/2016/72,Uttarakhand,Almora,Rithakhal,29.459313,79.866635,Rock Slide 2011
31039,UK/PIT/62C03/2016/121,Uttarakhand,Champawat,Nadera,29.459568,80.029622,Rock Slide 2002
31040,UK/PIT/62C03/2016/122,Uttarakhand,Champawat,Surkot,29.459791,80.026952,Rock Slide 2002
31041,UK/NAI/53O07/2015/74,Uttarakhand,Nainital,Baghani - Kaladhungi,29.460444,79.313361,Rock Slide NA
31042,UK/PIT/62C03/2016/119,Uttarakhand,Champawat,Nadera,29.460453,80.031986,Rock Slide 2002
31043,UK/PIT/62C03/2016/120,Uttarakhand,Champawat,Nadera,29.460469,80.03078,Rock Slide 2002
31044,UK/CHA/62C03/2016/97,Uttarakhand,Champawat,Bantoli,29.460944,80.092688,Rock Slide 2012
31045,UK/NAI/53O07/2015/65,Uttarakhand,Nainital,Bhowali - Almora,29.46106,79.481638,Debris Slide NA
31046,UK/NAI/53O07/2015/59,Uttarakhand,Nainital,Ghugukhan - Baghani,29.461189,79.336127,Debris Slide NA
31047,UK/NAI/53O07/2015/75,Uttarakhand,Nainital,Baghani - Kaladhungi,29.461215,79.312385,Rock Slide NA
31048,UK/CHA/53O15/2016/47,Uttarakhand,Champawat,Chatri,29.461473,79.971673,Rock Slide 2011
31049,UK/NAI/53O11/2015/248,Uttarakhand,Nainital,Ninglat Talli - Talla Ramgarh,29.461608,79.510206,Debris Slide NA
31050,UK/NAI/53O07/2015/101,Uttarakhand,Nainital,Ghugukhan - Baghani,29.461815,79.360454,Rock Fall NA
31051,UK/CHA/53O15/2016/70,Uttarakhand,Champawat,Rithakhal,29.462478,79.879207,Rock Slide 2016
31052,UK/NAI/53O07/2015/109,Uttarakhand,Nainital,Bhowali - Almora,29.462623,79.478482,Rock Slide NA
31053,UK/CHA/62C03/2016/103,Uttarakhand,Champawat,Baruri,29.462823,80.175116,Rock Slide 2005
31054,UK/NAI/53O07/2015/94,Uttarakhand,Nainital,Ghugukhan - Baghani,29.463218,79.364364,Rock Slide NA
31055,UK/CHA/62C03/2016/43,Uttarakhand,Champawat,Surkot,29.463333,80.017611,Rock Slide 2006
31056,UK/PAU/53K15/2016/1,Uttarakhand,Pauri Garhwal,,29.464422,78.864131,Rock Slide NA
31057,UK/NAI/53O07/2015/25,Uttarakhand,Nainital,Ghugukhan - Baghani,29.464564,79.332239,Debris Slide NA
31058,UK/NAI/53O07/2015/58,Uttarakhand,Nainital,Ghugukhan - Baghani,29.465026,79.362192,Rock Slide NA
31059,UK/CHA/53O15/2016/77,Uttarakhand,Champawat,Choura Gurith,29.465039,79.914154,Rock Slide 2016
31060,UK/CHA/53O15/2016/46,Uttarakhand,Champawat,Raigaon,29.465687,79.970247,Rock Slide 2011
31061,UK/NAI/53O07/2015/99,Uttarakhand,Nainital,Ghugukhan - Baghani,29.465998,79.338935,Debris Slide NA
31062,UK/NAI/53O07/2015/57,Uttarakhand,Nainital,Baghani - Kaladhungi,29.466071,79.315767,Debris Slide NA
31063,UK/NAI/53O07/2015/52,Uttarakhand,Nainital,Ghugukhan - Baghani,29.466562,79.335137,Debris Slide NA
31064,UK/NAI/53O07/2015/121,Uttarakhand,Nainital,Bhowali - Almora,29.466752,79.479497,Debris Slide NA
31065,UK/CHA/53O15/2016/31,Uttarakhand,Champawat,Raigaon,29.466972,79.994861,Rock Slide 2006
31066,UK/CHA/53O15/2016/45,Uttarakhand,Champawat,Dagduwa,29.468026,79.973511,Rock Slide 2002
31067,UK/CHA/62C03/2016/42,Uttarakhand,Champawat,Raigaon,29.468111,80.00775,Rock Slide 2011
31068,UK/NAI/53O07/2015/30,Uttarakhand,Nainital,Baghani - Kaladhungi,29.468896,79.332207,Rock Slide NA
31069,UK/NAI/53O07/2015/23,Uttarakhand,Nainital,Baghani - Kaladhungi,29.468948,79.333806,Rock Slide NA
31070,UK/CHA/53O15/2016/58,Uttarakhand,Champawat,Choura Gurith,29.470467,79.898318,Debris Slide 2016
31071,UK/NAI/53O11/2015/227,Uttarakhand,Nainital,Nathuwakhan - Mukteshwar,29.471361,79.63297,Rock Slide NA
31072,UK/NAI/53O07/2015/125,Uttarakhand,Nainital,Baghani - Kaladhungi,29.471534,79.326119,Rock Slide NA
31073,UK/CHA/53O15/2016/78,Uttarakhand,Champawat,Choura Gurith,29.472139,79.917863,Rock Slide 2002
31074,UK/CHA/53O15/2016/69,Uttarakhand,Champawat,Choura Gurith,29.472222,79.882667,Rock Slide 2011
31075,UK/CHA/53O15/2016/68,Uttarakhand,Champawat,Choura Gurith,29.473,79.883361,Rock Slide 2011
31076,UK/NAI/53O07/2015/56,Uttarakhand,Nainital,Khairna - Kaphulta,29.473236,79.443064,Rock Slide NA
31077,UK/NAI/53O03/2017/5,Uttarakhand,Nainital,Forest,29.475,79.1102,Rock Slide 2011
31078,UK/CHA/62C03/2016/104,Uttarakhand,Champawat,Chalmora,29.475895,80.146605,Rock Slide 2012
31079,UK/CHA/53O15/2016/67,Uttarakhand,Champawat,Choura Gurith,29.475896,79.899179,Debris Slide 2016
31080,UK/PIT/62C03/2016/113,Uttarakhand,Champawat,Raigaon,29.476878,80.004872,Rock Slide 2011
31081,UK/NAI/53O07/2015/82,Uttarakhand,Nainital,Khairna - Kaphulta,29.476936,79.413531,Rock Slide NA
31082,UK/CHA/62C03/2016/47,Uttarakhand,Pithoragarh,Deothala,29.477222,80.209528,Rock Slide 2005
31083,UK/NAI/53O11/2015/233,Uttarakhand,Nainital,Hartola- Tarikhet,29.47735,79.534649,Rock Slide NA
31084,UK/NAI/53O07/2015/2,Uttarakhand,Nainital,Ghugukhan - Baghani,29.478783,79.334856,Rock Slide NA
31085,UK/CHA/53O15/2016/30,Uttarakhand,Champawat,Badiyari,29.479028,79.983278,Rock Slide 2011
31086,UK/NAI/53O11/2015/249,Uttarakhand,Nainital,Nathuwakhan - Sitla,29.479721,79.629434,Rock Slide NA
31087,UK/NAI/53O07/2015/126,Uttarakhand,Nainital,Khairna - Kaphulta,29.479931,79.445905,Rock Slide NA
31088,UK/CHA/53O15/2016/29,Uttarakhand,Champawat,Badiyari,29.480917,79.984417,Rock Slide 2011
31089,UK/NAI/53O07/2015/61,Uttarakhand,Nainital,Khairna - Kaphulta,29.481406,79.433918,Rock Slide NA
31090,UK/ALM/53O15/2016/48,Uttarakhand,Almora,Badiyari,29.481724,79.968877,Rock Slide 2013
31091,UK/PIT/62C03/2016/112,Uttarakhand,Champawat,Dasaula,29.483224,80.002729,Rock Slide 2002
31092,UK/CHA/62C03/2016/108,Uttarakhand,Champawat,Ghat,29.484069,80.125076,Rock Slide 2006
31093,UK/ALM/53O15/2016/37,Uttarakhand,Almora,Badiyari,29.484713,79.972357,Rock Slide 2002
31094,UK/CHA/53O15/2016/36,Uttarakhand,Champawat,Badiyari,29.48481,79.991369,Rock Slide 2002
31095,UK/CHA/53O15/2016/66,Uttarakhand,Champawat,Choura Gurith,29.484841,79.886383,Rock Slide 2005
31096,UK/NAI/53O07/2015/91,Uttarakhand,Nainital,Bhowali - Majhkot,29.48518,79.449638,Debris Slide NA
31097,UK/CHA/53O15/2016/27,Uttarakhand,Champawat,Badiyari,29.485528,79.985472,Rock Slide 2011
31098,UK/CHA/53O15/2016/28,Uttarakhand,Champawat,Badiyari,29.485694,79.975583,Rock Slide 2011
31099,UK/ALM/53O15/2016/86,Uttarakhand,Almora,Borgao,29.486191,79.789682,Rock Slide 2005
31100,UK/NAI/53O03/2017/4,Uttarakhand,Nainital,Forest,29.4865,79.0892,Rock Slide 2011
31101,UK/CHA/53O15/2016/35,Uttarakhand,Champawat,Dasaula,29.486943,79.995147,Rock Slide 2002
31102,UK/CHA/53O15/2016/60,Uttarakhand,Champawat,Choura Gurith,29.486944,79.923045,Rock Slide 2016
31103,UK/NAI/53O11/2015/265,Uttarakhand,Nainital,Lwesal - Mukteshwar,29.48695,79.677336,Rock Slide NA
31104,UK/NAI/53O03/2017/3,Uttarakhand,Nainital,Forest,29.4871,79.0883,Rock Slide 2011
31105,UK/CHA/53O15/2016/61,Uttarakhand,Champawat,Choura Gurith,29.487104,79.916204,Rock Slide 2002
31106,UK/NAI/53O11/2015/221,Uttarakhand,Nainital,Lwesal - Mukteshwar,29.487178,79.676803,Rock Slide NA
31107,UK/CHA/53O15/2016/26,Uttarakhand,Champawat,Badiyari,29.487306,79.985861,Debris Slide 2002
31108,UK/CHA/62C03/2016/102,Uttarakhand,Champawat,Ghat NH-125,29.487457,80.120093,Rock Slide 2011
31109,UK/NAI/53O07/2015/38,Uttarakhand,Nainital,Majhkot - Bajeri,29.488004,79.451893,Debris Slide NA
31110,UK/NAI/53O07/2015/100,Uttarakhand,Nainital,Bhowali - Majhkot,29.488902,79.4479,Rock Slide NA
31111,UK/ALM/53O15/2016/62,Uttarakhand,Almora,Choura Gurith,29.48947,79.914678,Rock Slide 2011
31112,UK/ALM/53O15/2016/59,Uttarakhand,Almora,Choura Gurith,29.489627,79.923371,Rock Slide 2011
31113,UK/CHA/53O15/2016/63,Uttarakhand,Champawat,Choura Gurith,29.489714,79.911899,Rock Slide 2005
31114,UK/NAI/53O07/2015/145,Uttarakhand,Nainital,Bhowali - Almora,29.489896,79.480645,Rock Slide NA
31115,UK/ALM/53O15/2016/39,Uttarakhand,Almora,Badiyari,29.490328,79.979559,Rock Slide 2011
31116,UK/ALM/53O15/2016/49,Uttarakhand,Almora,Badiyari,29.490373,79.981771,Rock Slide 2011
31117,UK/CHA/62C03/2016/7,Uttarakhand,Pithoragarh,Ghat NH-125,29.490624,80.132585,Debris Slide 2011
31118,UK/ALM/53O15/2016/38,Uttarakhand,Almora,Badiyari,29.491278,79.976678,Rock Slide 2011
31119,UK/CHA/62C03/2016/8,Uttarakhand,Pithoragarh,Ghat NH-125,29.491556,80.130528,Rock Slide 2014
31120,UK/NAI/53O03/2017/2,Uttarakhand,Nainital,Garjiya Devi,29.492889,79.142232,Rock Slide NA
31121,UK/PIT/62C03/2016/106,Uttarakhand,Pithoragarh,Dakura,29.493381,80.152911,Rock Slide 2009
31122,UK/ALM/53O15/2016/64,Uttarakhand,Almora,Chinouriya,29.493782,79.899406,Rock Slide 2016
31123,UK/NAI/53O07/2015/110,Uttarakhand,Nainital,Majhkot - Bajeri,29.494121,79.466822,Debris Slide NA
31124,UK/NAI/53O11/2015/268,Uttarakhand,Nainital,Lohali - Atabirta,29.494193,79.512639,Debris Slide NA
31125,UK/NAI/53O07/2015/44,Uttarakhand,Nainital,Khairna - Kaphulta,29.494203,79.423222,Rock Slide NA
31126,UK/NAI/53O11/2015/155,Uttarakhand,Nainital,Bhowali - Almora,29.494233,79.500354,Rock Slide NA
31127,UK/CHA/62C03/2016/48,Uttarakhand,Pithoragarh,Bera,29.495611,80.162889,Rock Fall 2014
31128,UK/CHA/62C03/2016/101,Uttarakhand,Champawat,Ghat NH-125,29.495737,80.112035,Rock Slide 2012
31129,UK/ALM/62C03/2016/110,Uttarakhand,Almora,Dasaula,29.495945,80.000591,Rock Slide 2006
31130,UK/NAI/53O11/2015/252,Uttarakhand,Nainital,Lwesal - Mukteshwar,29.495949,79.614913,Rock Slide NA
31131,UK/PIT/62C03/2016/105,Uttarakhand,Pithoragarh,Dakura,29.496397,80.145302,Debris Slide 2009
31132,UK/ALM/62C03/2016/114,Uttarakhand,Almora,Dasaula,29.496931,80.012234,Rock Slide 2012
31133,UK/ALM/62C03/2016/111,Uttarakhand,Almora,Dasaula,29.49699,80.00083,Rock Slide 2014
31134,UK/NAI/53O07/2015/40,Uttarakhand,Almora,Bhowali - Almora,29.497497,79.482201,Rock Slide NA
31135,UK/ALM/53O15/2016/34,Uttarakhand,Almora,Dasaula,29.497892,79.998586,Rock Slide 2012
31136,UK/CHA/62C03/2016/45,Uttarakhand,Champawat,Ghat NH-125,29.498008,80.123594,Rock Fall 2006
31137,UK/NAI/53O03/2017/1,Uttarakhand,Nainital,Garjiya Devi,29.498295,79.142698,Rock Slide 2013
31138,UK/ALM/53O07/2015/36,Uttarakhand,Almora,Bhowali - Majhkot,29.498572,79.481119,Debris Slide NA
31139,UK/CHA/62C03/2016/46,Uttarakhand,Champawat,Ghat NH-125,29.498674,80.124267,Rock Slide 2006
31140,UK/CHA/62C03/2016/100,Uttarakhand,Champawat,Jamreri,29.498759,80.104137,Rock Slide 2014
31141,UK/ALM/53O15/2016/65,Uttarakhand,Almora,Chinouriya,29.49879,79.887989,Rock Slide 2011
31142,UK/CHA/53O15/2016/25,Uttarakhand,Almora,Badiyari,29.498861,79.991472,Rock Slide 2005
31143,UK/CHA/62C03/2016/99,Uttarakhand,Champawat,Jamreri,29.49942,80.101188,Rock Slide 2014
31144,UK/CHA/62C03/2016/98,Uttarakhand,Champawat,Jamreri,29.499696,80.099342,Rock Slide 2014
31145,UK/CHA/62C03/2016/9,Uttarakhand,Champawat,Jamreri,29.499743,80.107481,Rock Fall 2006
31146,UK/ALM/62C02/2015/465,Uttarakhand,Almora,,29.5,80.000111,Rock Slide NA
31147,UK/ALM/62C02/2015/464,Uttarakhand,Almora,,29.500389,80.001181,Debris Slide NA
31148,UK/ALM/53O06/2017/72,Uttarakhand,Almora,Majhela,29.500501,79.482274,Debris Slide 2013
31149,UK/ALM/62C02/2015/463,Uttarakhand,Almora,,29.500667,80.001667,Debris Slide NA
31150,UK/ALM/62C02/2015/462,Uttarakhand,Almora,,29.501361,80.001683,Debris Slide NA
31151,UK/ALM/62C02/2015/461,Uttarakhand,Almora,,29.501617,80.003067,Debris Slide NA
31152,UK/NAI/53O06/2017/9,Uttarakhand,Nainital,Forest,29.502053,79.420426,Rock Slide 2014
31153,UK/NAI/53O06/2017/73,Uttarakhand,Almora,Majhela,29.50211,79.481801,Debris Slide 2013
31154,UK/ALM/62C02/2015/460,Uttarakhand,Almora,,29.502806,80.004139,Debris Slide NA
31155,UK/ALM/62C02/2015/459,Uttarakhand,Almora,,29.503194,80.002694,Debris Slide NA
31156,UK/NAI/53O06/2017/54,Uttarakhand,Nainital,Harnoli,29.503478,79.442838,Rock Slide NA
31157,UK/ALM/62C02/2015/458,Uttarakhand,Almora,,29.503686,80.008583,Debris Slide NA
31158,UK/NAI/53O02/2017/42,Uttarakhand,Nainital,Ukhaldhunga,29.504573,79.203445,Rock cum debris Slide 2014
31159,UK/NAI/53O06/2017/7,Uttarakhand,Nainital,Harnoli,29.50538,79.444287,Rock Slide 2017
31160,UK/ALM/53O14/2015/1353,Uttarakhand,Almora,,29.5056,79.9408,Debris Slide NA
31161,UK/PIT/62C06/2017/86,Uttarakhand,Pithoragarh,Ruma,29.505747,80.292536,Rock Slide 2014
31162,UK/ALM/62C02/2015/471,Uttarakhand,Almora,,29.505772,80.022556,Debris Slide NA
31163,UK/ALM/62C02/2015/480,Uttarakhand,Almora,,29.505809,80.02406,Debris Slide NA
31164,UK/PIT/62C06/2017/88,Uttarakhand,Pithoragarh,,29.50587,80.290045,Rock Slide NA
31165,UK/PIT/62C06/2017/87,Uttarakhand,Pithoragarh,,29.506008,80.292774,Rock Slide 2014
31166,UK/ALM/62C02/2015/492,Uttarakhand,Almora,,29.506139,80.038528,Debris Slide NA
31167,UK/PIT/62C06/2017/89,Uttarakhand,Pithoragarh,,29.506185,80.290165,Rock Slide NA
31168,UK/ALM/62C02/2015/486,Uttarakhand,Almora,,29.506532,80.040331,Debris Slide NA
31169,UK/PIT/62C06/2017/85,Uttarakhand,Pithoragarh,Dhyan,29.507372,80.294053,Rock Slide 2014
31170,UK/ALM/62C02/2015/472,Uttarakhand,Almora,,29.507789,80.019631,Debris Slide NA
31171,UK/ALM/53O14/2015/1354,Uttarakhand,Almora,,29.5083,79.9617,Debris Slide NA
31172,UK/NAI/53O06/2017/71,Uttarakhand,Nainital,Dhari,29.508733,79.458249,Rock Slide NA
31173,UK/PIT/62C02/2015/526,Uttarakhand,Pithoragarh,,29.508756,80.135713,Debris Slide NA
31174,UK/PIT/62C06/2017/90,Uttarakhand,Pithoragarh,,29.508759,80.294632,Debris Slide NA
31175,UK/PIT/62C06/2017/84,Uttarakhand,Pithoragarh,,29.509016,80.303447,Debris Slide 2011
31176,UK/PIT/62C06/2017/91,Uttarakhand,Pithoragarh,,29.509148,80.294816,Debris Slide NA
31177,UK/ALM/62C02/2015/469,Uttarakhand,Almora,,29.509356,80.014267,Debris Slide NA
31178,UK/NAI/53O06/2017/69,Uttarakhand,Nainital,Dhari,29.509503,79.452938,Rock Slide 2017
31179,UK/ALM/62C02/2015/470,Uttarakhand,Almora,,29.509563,80.01437,Debris Slide NA
31180,UK/ALM/62C02/2015/483,Uttarakhand,Almora,,29.509692,80.031267,Rock Slide NA
31181,UK/ALM/62C02/2015/455,Uttarakhand,Almora,,29.509728,80.008639,Debris Slide NA
31182,UK/ALM/62C02/2015/484,Uttarakhand,Almora,,29.510069,80.024114,Rock Slide NA
31183,UK/NAI/53O02/2017/91,Uttarakhand,Nainital,Forest,29.510069,79.039045,Rock Slide 2011
31184,UK/ALM/62C02/2015/467,Uttarakhand,Almora,,29.510686,80.010961,Debris Slide NA
31185,UK/ALM/62C02/2015/466,Uttarakhand,Almora,,29.510944,80.01175,Debris Slide NA
31186,UK/PIT/62C06/2017/92,Uttarakhand,Pithoragarh,,29.511472,80.296,Debris Slide NA
31187,UK/ALM/62C02/2015/491,Uttarakhand,Almora,,29.511619,80.040158,Debris Slide NA
31188,UK/ALM/62C02/2015/493,Uttarakhand,Almora,,29.511717,80.040889,Debris Slide NA
31189,UK/ALM/62C02/2015/488,Uttarakhand,Almora,,29.511869,80.035242,Rock Slide NA
31190,UK/ALM/53O14/2015/1352,Uttarakhand,Almora,,29.511882,79.908295,Debris Slide NA
31191,UK/ALM/62C02/2015/496,Uttarakhand,Almora,,29.5119,80.049837,Debris Slide NA
31192,UK/ALM/62C02/2015/494,Uttarakhand,Almora,,29.511915,80.046168,Debris Slide NA
31193,UK/ALM/62C02/2015/495,Uttarakhand,Almora,,29.511949,80.04291,Debris Slide NA
31194,UK/ALM/62C02/2015/485,Uttarakhand,Almora,,29.512018,80.027571,Debris Slide NA
31195,UK/ALM/62C02/2015/487,Uttarakhand,Almora,,29.512144,80.033528,Debris Slide NA
31196,UK/ALM/62C02/2015/499,Uttarakhand,Almora,,29.512408,80.060808,Debris Slide NA
31197,UK/ALM/62C02/2015/468,Uttarakhand,Almora,,29.512417,80.014972,Debris Slide NA
31198,UK/ALM/62C02/2015/498,Uttarakhand,Almora,,29.512569,80.043822,Rock Slide NA
31199,UK/ALM/62C02/2015/454,Uttarakhand,Almora,,29.512611,80.010683,Debris Slide NA
31200,UK/ALM/62C02/2015/489,Uttarakhand,Almora,,29.512797,80.039101,Debris Slide NA
31201,UK/NAI/53O02/2017/90,Uttarakhand,Nainital,Forest,29.512947,79.04282,Rock Slide 2011
31202,UK/ALM/62C02/2015/490,Uttarakhand,Almora,,29.513156,80.039572,Debris Slide NA
31203,UK/ALM/62C02/2015/451,Uttarakhand,Almora,,29.514005,80.001918,Debris Slide NA
31204,UK/ALM/53O06/2017/91,Uttarakhand,Almora,Bhujan,29.51404,79.479387,Rock Slide 2013
31205,UK/ALM/62C02/2015/497,Uttarakhand,Almora,,29.514347,80.052621,Debris Slide NA
31206,UK/ALM/62C02/2015/449,Uttarakhand,Almora,,29.514371,80.003944,Debris Slide NA
31207,UK/ALM/62C02/2015/453,Uttarakhand,Almora,,29.514583,80.008361,Debris Slide NA
31208,UK/ALM/62C02/2015/450,Uttarakhand,Almora,,29.514767,80.001972,Debris Slide NA
31209,UK/ALM/62C02/2015/452,Uttarakhand,Almora,,29.514883,80.007083,Debris Slide NA
31210,UK/ALM/62C02/2015/502,Uttarakhand,Almora,,29.515211,80.065156,Debris Slide NA
31211,UK/NAI/53O06/2017/8,Uttarakhand,Nainital,Bharari,29.515572,79.435206,Debris Slide 2014
31212,UK/ALM/62C02/2015/500,Uttarakhand,Almora,,29.515718,80.060672,Rock Slide NA
31213,UK/ALM/62C02/2015/482,Uttarakhand,Almora,,29.515981,80.026761,Rock Slide NA
31214,UK/ALM/53O14/2015/1355,Uttarakhand,Almora,,29.516055,79.961347,Debris Slide NA
31215,UK/ALM/62C02/2015/501,Uttarakhand,Almora,,29.516119,80.061525,Rock Slide NA
31216,UK/ALM/53O06/2017/90,Uttarakhand,Almora,Bhujan,29.516336,79.480038,Rock Slide 2013
31217,UK/ALM/62C02/2015/481,Uttarakhand,Almora,,29.516444,80.029111,Debris Slide NA
31218,UK/ALM/62C02/2015/456,Uttarakhand,Almora,,29.516649,80.011476,Debris Slide NA
31219,UK/ALM/62C02/2015/457,Uttarakhand,Almora,,29.517222,80.008278,Debris Slide NA
31220,UK/ALM/62C02/2015/504,Uttarakhand,Almora,,29.517297,80.071861,Rock Slide NA
31221,UK/ALM/62C02/2015/503,Uttarakhand,Almora,,29.517472,80.065881,Debris Slide NA
31222,UK/NAI/53O10/2015/1287,Uttarakhand,Nainital,,29.517725,79.65905,Debris Slide NA
31223,UK/ALM/53O06/2017/70,Uttarakhand,Almora,Dhari,29.517852,79.456513,Rock Slide 2014
31224,UK/ALM/53O06/2017/76,Uttarakhand,Almora,Bhujan,29.518165,79.480328,Rock Slide 2014
31225,UK/NAI/53O06/2017/53,Uttarakhand,Nainital,Forest,29.51827,79.433167,Debris Slide 2014
31226,UK/ALM/62C02/2015/505,Uttarakhand,Almora,,29.518375,80.068267,Debris Slide NA
31227,UK/ALM/53O06/2017/89,Uttarakhand,Almora,Bhujan,29.518646,79.480334,Rock Slide 2013
31228,UK/NAI/53O06/2017/84,Uttarakhand,Nainital,Forest,29.5191,79.4066,Rock Slide 2011
31229,UK/PIT/62C06/2017/83,Uttarakhand,Pithoragarh,,29.519314,80.311266,Rock Slide 2017
31230,UK/NAI/53O02/2017/71,Uttarakhand,Nainital,Forest,29.519722,79.194737,Rock Slide NA
31231,UK/NAI/53O06/2017/10,Uttarakhand,Nainital,Forest,29.519744,79.425581,Debris Slide 2014
31232,UK/NAI/53O06/2017/72,Uttarakhand,Nainital,Kanda,29.519993,79.254702,Rock Slide 2014
31233,UK/ALM/53O14/2015/1356,Uttarakhand,Almora,,29.520086,79.963096,Debris Slide NA
31234,UK/NAI/53O06/2017/88,Uttarakhand,Nainital,Forest,29.5203,79.4257,Debris Slide 2014
31235,UK/PIT/62C02/2015/513,Uttarakhand,Pithoragarh,,29.520696,80.240303,Debris Slide NA
31236,UK/NAI/53O06/2017/68,Uttarakhand,Nainital,Saungaon,29.520718,79.411128,Rock Slide 2011
31237,UK/ALM/53O14/2015/1357,Uttarakhand,Almora,,29.520841,79.976073,Debris Slide NA
31238,UK/PIT/62C06/2017/79,Uttarakhand,Pithoragarh,,29.520934,80.262854,Debris Slide NA
31239,UK/NAI/53O02/2017/43,Uttarakhand,Nainital,Forest,29.520998,79.191923,Rock cum debris Slide 2014
31240,UK/NAI/53O06/2017/56,Uttarakhand,Nainital,Saungaon,29.521163,79.406882,Rock Slide 2014
31241,UK/NAI/53O02/2017/72,Uttarakhand,Nainital,Forest,29.521563,79.179942,Rock Slide 2011
31242,UK/PIT/62C06/2017/81,Uttarakhand,Pithoragarh,Bhatigaon,29.521741,80.279549,Debris Slide NA
31243,UK/NAI/53O06/2017/55,Uttarakhand,Nainital,Forest,29.521748,79.431384,Debris Slide 2013
31244,UK/NAI/53O06/2017/67,Uttarakhand,Nainital,Saungaon,29.52181,79.410112,Rock Slide 2011
31245,UK/NAI/53O06/2017/11,Uttarakhand,Nainital,Forest,29.522051,79.430568,Rock Slide 2011
31246,UK/NAI/53O10/2015/1280,Uttarakhand,Nainital,,29.523083,79.587833,Debris Slide NA
31247,UK/NAI/53O06/2017/85,Uttarakhand,Nainital,Saungaon,29.5232,79.421,Debris Slide 2011
31248,UK/PIT/62C06/2017/80,Uttarakhand,Pithoragarh,,29.523534,80.278962,Debris Slide NA
31249,UK/NAI/53O06/2017/57,Uttarakhand,Nainital,Forest,29.523619,79.400202,Rock Slide 2014
31250,UK/NAI/53O02/2017/75,Uttarakhand,Nainital,Dhoulani,29.52376,79.245055,Rock Slide 2014
31251,UK/NAI/53O06/2017/87,Uttarakhand,Nainital,Betaldhunga,29.5241,79.4221,Debris Slide 2011
31252,UK/NAI/53O06/2017/86,Uttarakhand,Nainital,Chamini,29.5243,79.4211,Debris Slide 2011
31253,UK/PIT/62C02/2015/524,Uttarakhand,Pithoragarh,,29.524397,80.100607,Debris Slide NA
31254,UK/ALM/53O10/2015/1284,Uttarakhand,Almora,,29.524417,79.69525,Debris Slide NA
31255,UK/PIT/62C02/2015/525,Uttarakhand,Pithoragarh,,29.524538,80.101055,Debris Slide NA
31256,UK/NAI/53O06/2017/12,Uttarakhand,Nainital,Bardhau Talla,29.52546,79.419857,Rock Slide 2011
31257,UK/ALM/53O14/2015/1349,Uttarakhand,Almora,,29.526191,79.856874,Debris Fall NA
31258,UK/ALM/53O14/2015/1351,Uttarakhand,Almora,,29.5269,79.8733,Debris Slide NA
31259,UK/ALM/53O06/2017/75,Uttarakhand,Almora,Forest,29.527171,79.483819,Rock Slide 2011
31260,UK/NAI/53O10/2015/1288,Uttarakhand,Nainital,,29.52775,79.641333,Debris Slide NA
31261,UK/PIT/62C02/2015/506,Uttarakhand,Pithoragarh,,29.528083,80.071478,Debris Slide NA
31262,UK/ALM/53O14/2015/1350,Uttarakhand,Almora,,29.528162,79.863535,Debris Slide NA
31263,UK/ALM/53O06/2017/6,Uttarakhand,Almora,Forest,29.528231,79.483996,Rock Slide 2013
31264,UK/NAI/53O06/2017/58,Uttarakhand,Nainital,Saungaon,29.528449,79.405771,Rock Slide 2014
31265,UK/PIT/62C02/2015/521,Uttarakhand,Pithoragarh,,29.528843,80.146666,Debris Slide NA
31266,UK/NAI/53O02/2017/74,Uttarakhand,Nainital,Bawas,29.528885,79.24196,Rock Slide 2014
31267,UK/NAI/53O02/2017/94,Uttarakhand,Nainital,Forest,29.5291,79.0842,Rock Slide 2011
31268,UK/NAI/53O06/2017/65,Uttarakhand,Nainital,Forest,29.529269,79.396633,Rock Slide NA
31269,UK/NAI/53O06/2017/13,Uttarakhand,Nainital,Bardhau Talla,29.530216,79.414949,Debris Subsidence 2014
31270,UK/NAI/53O10/2015/1268,Uttarakhand,Nainital,SH-37,29.53075,79.5345,Debris Slide NA
31271,UK/NAI/53O02/2017/92,Uttarakhand,Nainital,Forest,29.5316,79.0723,Rock Slide 2011
31272,UK/NAI/53O10/2015/1266,Uttarakhand,Nainital,SH-37,29.532083,79.547083,Debris Slide NA
31273,UK/PIT/62C06/2017/78,Uttarakhand,Pithoragarh,Bagartol,29.532394,80.254608,Debris Slide 2017
31274,UK/NAI/53O02/2017/93,Uttarakhand,Nainital,Forest,29.532398,79.081261,Rock Slide 2011
31275,UK/NAI/53O10/2015/1271,Uttarakhand,Nainital,SH-37,29.533583,79.544833,Debris Slide NA
31276,UK/NAI/53O10/2015/1272,Uttarakhand,Nainital,SH-37,29.533583,79.544833,Debris Slide NA
31277,UK/ALM/53O02/2017/44,Uttarakhand,Almora,Khalyun,29.533882,79.214052,Rock cum debris Slide NA
31278,UK/NAI/53O06/2017/59,Uttarakhand,Nainital,Forest,29.534144,79.404779,Rock Slide 2017
31279,UK/ALM/53O14/2015/1358,Uttarakhand,Almora,,29.535064,79.987778,Debris Slide NA
31280,UK/NAI/53O06/2017/61,Uttarakhand,Nainital,Bardhau Talla,29.535843,79.421161,Rock Slide 2014
31281,UK/NAI/53O06/2017/83,Uttarakhand,Nainital,Forest,29.5366,79.4069,Rock Slide 2011
31282,UK/ALM/53O14/2015/1359,Uttarakhand,Almora,,29.536691,79.945931,Debris Slide NA
31283,UK/NAI/53O10/2015/1289,Uttarakhand,Nainital,,29.537108,79.633508,Debris Slide NA
31284,UK/ALM/53O02/2017/22,Uttarakhand,Almora,Kunkhet,29.537484,79.163298,Debris Flow 2011
31285,UK/NAI/53O10/2015/1270,Uttarakhand,Nainital,SH-37,29.537917,79.536167,Debris Slide NA
31286,UK/PIT/62C02/2015/523,Uttarakhand,Pithoragarh,,29.537944,80.107139,Debris Slide NA
31287,UK/ALM/53O10/2015/1286,Uttarakhand,Almora,,29.538083,79.669167,Debris Slide NA
31288,UK/ALM/53O14/2015/1332,Uttarakhand,Almora,,29.538166,79.792926,Debris Slide NA
31289,UK/ALM/53O02/2017/45,Uttarakhand,Almora,Chari,29.538235,79.238718,Rock cum debris Slide 2014
31290,UK/PIT/62C06/2017/77,Uttarakhand,Pithoragarh,,29.538607,80.256731,Debris Slide NA
31291,UK/PIT/62C02/2015/522,Uttarakhand,Pithoragarh,,29.539222,80.107472,Debris Slide NA
31292,UK/ALM/53O10/2015/1267,Uttarakhand,Almora,SH-37,29.539333,79.518458,Rock Slide NA
31293,UK/ALM/53O14/2015/1360,Uttarakhand,Almora,,29.539528,79.945251,Rock Slide NA
31294,UK/NAI/53O06/2017/73,Uttarakhand,Nainital,Majhela,29.540628,79.261451,Rock Slide 2014
31295,UK/ALM/53O02/2017/23,Uttarakhand,Almora,Forest,29.541238,79.174411,Rock Slide NA
31296,UK/NAI/53O06/2017/60,Uttarakhand,Nainital,Forest,29.542579,79.413485,Rock Slide 2014
31297,UK/ALM/53O10/2015/1279,Uttarakhand,Almora,,29.543,79.56975,Debris Slide NA
31298,UK/NAI/53O10/2015/1290,Uttarakhand,Nainital,,29.544083,79.6325,Debris Slide NA
31299,UK/ALM/53O14/2015/1348,Uttarakhand,Almora,,29.544119,79.853262,Debris Slide NA
31300,UK/PIT/62C06/2017/104,Uttarakhand,Pithoragarh,Batuna,29.544136,80.312749,Debris Slide NA
31301,UK/PIT/62C06/2017/103,Uttarakhand,Pithoragarh,Batuna,29.544509,80.312151,Soil Slide NA
31302,UK/PIT/62C06/2017/95,Uttarakhand,Pithoragarh,,29.5448,80.291452,Debris Slide NA
31303,UK/PIT/62C06/2017/97,Uttarakhand,Pithoragarh,,29.545315,80.306349,Debris Slide NA
31304,UK/PIT/62C06/2017/99,Uttarakhand,Pithoragarh,,29.545565,80.306717,Debris Slide NA
31305,UK/PIT/62C06/2017/98,Uttarakhand,Pithoragarh,,29.545576,80.306923,Debris Slide NA
31306,UK/PIT/62C06/2017/100,Uttarakhand,Pithoragarh,,29.545599,80.306429,Debris Slide NA
31307,UK/ALM/53O02/2017/2,Uttarakhand,Almora,Forest,29.545642,79.197311,Rock Slide 2011
31308,UK/PIT/62C06/2017/96,Uttarakhand,Pithoragarh,,29.545648,80.304297,Debris Slide NA
31309,UK/PIT/62C06/2017/101,Uttarakhand,Pithoragarh,,29.545839,80.308765,Debris Slide NA
31310,UK/PIT/62C06/2017/102,Uttarakhand,Pithoragarh,,29.545978,80.310203,Debris Slide NA
31311,UK/PIT/62C06/2017/94,Uttarakhand,Pithoragarh,,29.546208,80.287147,Debris Slide NA
31312,UK/ALM/53O14/2015/1333,Uttarakhand,Almora,,29.546833,79.794876,Debris Slide NA
31313,UK/ALM/53O10/2015/1285,Uttarakhand,Almora,,29.546917,79.689833,Debris Slide NA
31314,UK/PIT/62C06/2017/93,Uttarakhand,Pithoragarh,,29.547152,80.284095,Debris Slide 2017
31315,UK/NAI/53O06/2017/28,Uttarakhand,Nainital,Ghoriya Halson,29.547198,79.338611,Rock Slide 2010
31316,UK/ALM/53O14/2015/1347,Uttarakhand,Almora,,29.547457,79.850327,Rock Fall NA
31317,UK/NAI/53O06/2017/26,Uttarakhand,Nainital,Ghoriya Halson,29.548203,79.341684,Rock Slide 2010
31318,UK/ALM/53O10/2015/1277,Uttarakhand,Almora,SH-37,29.548417,79.572833,Debris Slide NA
31319,UK/ALM/53O10/2015/1269,Uttarakhand,Almora,SH-37,29.548583,79.540417,Debris Slide NA
31320,UK/NAI/53O06/2017/27,Uttarakhand,Nainital,Forest,29.548741,79.337898,Rock Slide 2010
31321,UK/NAI/53O06/2017/45,Uttarakhand,Nainital,Forest,29.549047,79.255669,Rock cum debris Slide 2017
31322,UK/NAI/53O06/2017/17,Uttarakhand,Nainital,Forest,29.549228,79.324747,Rock Slide 2014
31323,UK/NAI/53O06/2017/30,Uttarakhand,Nainital,Forest,29.54969,79.311012,Rock Slide 2011
31324,UK/ALM/53O10/2015/1273,Uttarakhand,Almora,SH-37,29.55,79.54,Rock Slide NA
31325,UK/NAI/53O06/2017/14,Uttarakhand,Nainital,Forest,29.550017,79.409123,Rock Slide 2010
31326,UK/NAI/53O06/2017/81,Uttarakhand,Nainital,Forest,29.5502,79.4119,Rock Slide 2011
31327,UK/ALM/53O02/2017/73,Uttarakhand,Almora,Totam,29.550526,79.2206,Rock Slide 2014
31328,UK/NAI/53O06/2017/31,Uttarakhand,Nainital,Forest,29.550571,79.309235,Rock Slide 2011
31329,UK/NAI/53O06/2017/25,Uttarakhand,Nainital,Betalghat,29.551054,79.343474,Rock Slide 2010
31330,UK/ALM/53O10/2015/1281,Uttarakhand,Almora,,29.551428,79.592131,Debris Slide NA
31331,UK/PIT/62C06/2017/107,Uttarakhand,Pithoragarh,Baltadi,29.551481,80.341195,Debris Slide 2014
31332,UK/NAI/53O06/2017/16,Uttarakhand,Nainital,Forest,29.551882,79.307892,Rock Slide 2011
31333,UK/NAI/53O06/2017/64,Uttarakhand,Nainital,Forest,29.551926,79.410945,Rock Slide 2011
31334,UK/NAI/53O06/2017/33,Uttarakhand,Nainital,Forest,29.552966,79.285619,Rock Slide 2014
31335,UK/ALM/53O10/2015/1276,Uttarakhand,Almora,SH-37,29.553167,79.581083,Debris Slide NA
31336,UK/ALM/53O14/2015/1334,Uttarakhand,Almora,,29.553228,79.800286,Debris Slide NA
31337,UK/NAI/53O06/2017/34,Uttarakhand,Nainital,Katimi,29.553321,79.281461,Rock Slide 2014
31338,UK/ALM/53O02/2017/76,Uttarakhand,Almora,Malukhan,29.553396,79.239855,Rock Slide NA
31339,UK/ALM/53O10/2015/1291,Uttarakhand,Almora,,29.553583,79.651333,Debris Slide NA
31340,UK/ALM/53O02/2017/1,Uttarakhand,Almora,Forest,29.553724,79.193619,Rock Slide 2017
31341,UK/ALM/53O06/2017/44,Uttarakhand,Almora,Minklya,29.553982,79.249893,Rock cum debris Slide 2014
31342,UK/NAI/53O06/2017/79,Uttarakhand,Nainital,Betalghat,29.5542,79.3492,Rock Slide 2011
31343,UK/NAI/53O06/2017/32,Uttarakhand,Nainital,Forest,29.55471,79.306447,Rock Slide 2011
31344,UK/PIT/62C06/2017/106,Uttarakhand,Pithoragarh,Batuna,29.555313,80.346067,Debris Slide 2014
31345,UK/PIT/62C06/2017/105,Uttarakhand,Pithoragarh,Batuna,29.555841,80.347144,Debris Slide 2014
31346,UK/NAI/53O06/2017/15,Uttarakhand,Nainital,Forest,29.556113,79.405966,Rock Slide 2010
31347,UK/NAI/53O06/2017/80,Uttarakhand,Nainital,Forest,29.5566,79.4019,Rock Slide 2011
31348,UK/ALM/53O02/2017/70,Uttarakhand,Almora,Forest,29.55698,79.196327,Rock Slide 2011
31349,UK/ALM/53O14/2015/1336,Uttarakhand,Almora,,29.557139,79.825734,Rock Fall NA
31350,UK/ALM/53O10/2015/1296,Uttarakhand,Almora,,29.558333,79.536,Debris Slide NA
31351,UK/NAI/53O06/2017/62,Uttarakhand,Nainital,Forest,29.558407,79.400222,Rock Slide 2011
31352,UK/ALM/53O06/2017/47,Uttarakhand,Almora,Tipoula,29.558795,79.453735,Rock Slide 2011
31353,UK/ALM/53O10/2015/1283,Uttarakhand,Almora,SH-37,29.558917,79.6245,Debris Slide NA
31354,UK/NAI/53O06/2017/63,Uttarakhand,Nainital,Chadyula,29.558934,79.39725,Rock Slide 2011
31355,UK/ALM/53O14/2015/1346,Uttarakhand,Almora,,29.560208,79.852006,Rock Fall NA
31356,UK/ALM/53O02/2017/30,Uttarakhand,Almora,Forest,29.561249,79.141339,Rock Slide 2014
31357,UK/ALM/53O02/2017/69,Uttarakhand,Almora,Forest,29.561459,79.213104,Rock Slide 2011
31358,UK/NAI/53O06/2017/77,Uttarakhand,Nainital,Betalghat,29.5618,79.3344,Debris Slide 2014
31359,UK/NAI/53O06/2017/78,Uttarakhand,Nainital,Betalghat,29.5622,79.3341,Debris Slide 2014
31360,UK/ALM/53O02/2017/13,Uttarakhand,Almora,Malukhan,29.563205,79.228522,Rock Slide 2015
31361,UK/ALM/53O06/2017/48,Uttarakhand,Almora,Tipoula,29.563324,79.463238,Rock Slide 2010
31362,UK/ALM/53O10/2015/1278,Uttarakhand,Almora,,29.563833,79.571417,Debris Slide NA
31363,UK/ALM/53O14/2015/1335,Uttarakhand,Almora,,29.563859,79.802065,Debris Slide NA
31364,UK/NAI/53O06/2017/50,Uttarakhand,Nainital,Forest,29.56447,79.356111,Rock Slide 2017
31365,UK/ALM/53O06/2017/18,Uttarakhand,Almora,Forest,29.565062,79.262501,Debris Slide 2017
31366,UK/NAI/53O06/2017/51,Uttarakhand,Nainital,Joshikhola,29.565344,79.352622,Rock Slide 2017
31367,UK/NAI/53O06/2017/49,Uttarakhand,Nainital,Joshikhola,29.565387,79.350924,Rock Slide 2017
31368,UK/ALM/53O02/2017/15,Uttarakhand,Almora,Malukhan,29.565468,79.227907,Debris Slide 2016
31369,UK/ALM/53O10/2015/1292,Uttarakhand,Almora,,29.565583,79.639083,Rock Fall NA
31370,UK/ALM/53O02/2017/31,Uttarakhand,Almora,Forest,29.565761,79.151775,Rock Slide 2014
31371,UK/ALM/53O02/2017/14,Uttarakhand,Almora,Malukhan,29.56598,79.231635,Rock Slide 2015
31372,UK/ALM/53O02/2017/4,Uttarakhand,Almora,Forest,29.566246,79.21301,Rock Fall NA
31373,UK/ALM/53O02/2017/24,Uttarakhand,Almora,Forest,29.566535,79.21527,Rock Slide 2017
31374,UK/ALM/53O10/2015/1318,Uttarakhand,Almora,,29.5675,79.6145,Rock Slide NA
31375,UK/ALM/53O02/2017/11,Uttarakhand,Almora,Forest,29.568114,79.24392,Debris Slide 2017
31376,UK/ALM/53O06/2017/19,Uttarakhand,Almora,Minklya,29.568226,79.250359,Debris Slide NA
31377,UK/ALM/53O10/2015/1293,Uttarakhand,Almora,SH-37,29.568417,79.6485,Debris Slide NA
31378,UK/ALM/53O14/2015/1330,Uttarakhand,Almora,,29.568669,79.786435,Debris Slide NA
31379,UK/ALM/53O02/2017/32,Uttarakhand,Almora,Sanana,29.568785,79.160047,Rock Slide 2014
31380,UK/PIT/62C06/2017/75,Uttarakhand,Pithoragarh,,29.568875,80.293013,Rock Slide NA
31381,UK/NAI/53O06/2017/24,Uttarakhand,Nainital,Dayolikhet,29.569622,79.340426,Debris Slide 2011
31382,UK/PIT/62C06/2017/74,Uttarakhand,Pithoragarh,,29.569704,80.287106,Rock Slide NA
31383,UK/PIT/62C06/2017/76,Uttarakhand,Pithoragarh,,29.569832,80.319601,Rock Slide NA
31384,UK/ALM/53O02/2017/12,Uttarakhand,Almora,Forest,29.570169,79.246095,Rock Slide 2015
31385,UK/ALM/53O06/2017/74,Uttarakhand,Almora,Tipoula,29.570559,79.461211,Rock Slide 2010
31386,UK/ALM/53O10/2015/1297,Uttarakhand,Almora,,29.571,79.50525,Debris Slide NA
31387,UK/ALM/53O06/2017/20,Uttarakhand,Almora,Forest,29.57106,79.252089,Rock Slide 2015
31388,UK/ALM/53O14/2015/1345,Uttarakhand,Almora,,29.57144,79.855998,Rock Fall NA
31389,UK/ALM/53O02/2017/33,Uttarakhand,Almora,Sanana,29.571608,79.166608,Rock Slide 2015
31390,UK/ALM/53O02/2017/35,Uttarakhand,Almora,Kyarki,29.571724,79.165075,Rock Slide 2015
31391,UK/NAI/53O06/2017/36,Uttarakhand,Nainital,Joshikhola,29.572067,79.348693,Rock cum debris Slide NA
31392,UK/ALM/53O14/2015/1363,Uttarakhand,Almora,,29.572091,79.909662,Rock Slide NA
31393,UK/ALM/53O02/2017/34,Uttarakhand,Almora,Bhounkhal,29.572519,79.16607,Rock Slide 2015
31394,UK/NAI/53O06/2017/23,Uttarakhand,Nainital,Tourar,29.573819,79.33811,Debris Slide 2011
31395,UK/PIT/62C06/2017/8,Uttarakhand,Pithoragarh,Gaurihat,29.573836,80.353159,Debris Slide 2017
31396,UK/ALM/53O10/2015/1275,Uttarakhand,Almora,SH-37,29.57475,79.549833,Debris Slide NA
31397,UK/ALM/53O02/2017/25,Uttarakhand,Almora,Forest,29.575332,79.242916,Rock Slide 2017
31398,UK/ALM/53O14/2015/1364,Uttarakhand,Almora,,29.57583,79.941065,Rock Slide NA
31399,UK/ALM/53O02/2017/36,Uttarakhand,Almora,Forest,29.575936,79.170947,Rock Slide 2017
31400,UK/NAI/53O06/2017/22,Uttarakhand,Nainital,Sunsyari,29.576506,79.340543,Rock Slide 2013
31401,UK/ALM/53O10/2015/1282,Uttarakhand,Almora,SH-37,29.578833,79.626833,Rock Slide NA
31402,UK/ALM/53O10/2015/1274,Uttarakhand,Almora,SH-37,29.578917,79.556417,Debris Slide NA
31403,UK/NAI/53O06/2017/38,Uttarakhand,Nainital,Forest,29.580121,79.338157,Rock Slide NA
31404,UK/ALM/53O02/2017/5,Uttarakhand,Almora,Khabli,29.581584,79.2003,Rock Slide NA
31405,UK/ALM/53O02/2017/37,Uttarakhand,Almora,Forest,29.581946,79.175371,Rock Slide 2014
31406,UK/ALM/53O02/2017/38,Uttarakhand,Almora,Baur Malla,29.584287,79.176148,Rock Slide 2014
31407,UK/NAI/53O06/2017/37,Uttarakhand,Nainital,Binkot,29.584915,79.338873,Rock Slide NA
31408,UK/PIT/62C06/2017/66,Uttarakhand,Pithoragarh,Ritakhani,29.585772,80.348176,Debris Slide 2014
31409,UK/ALM/53O02/2017/41,Uttarakhand,Almora,Nigrali,29.587365,79.191544,Debris Slide NA
31410,UK/PIT/62C06/2017/67,Uttarakhand,Pithoragarh,Ritakhani,29.587935,80.354206,Rock Slide 2014
31411,UK/ALM/53O14/2015/1331,Uttarakhand,Almora,,29.588181,79.78208,Debris Slide NA
31412,UK/ALM/53O02/2017/6,Uttarakhand,Almora,Nigrali,29.588297,79.19026,Rock Slide NA
31413,UK/ALM/53O06/2017/43,Uttarakhand,Almora,Forest,29.588564,79.43198,Rock Slide 2011
31414,UK/BAG/53O09/2018/40,Uttarakhand,Bageshwar,Reetha Reetha-Baijnath,29.589722,79.584056,Debris Slide 2018
31415,UK/ALM/53O02/2017/101,Uttarakhand,Almora,Jamoun,29.59,79.0638,Rock Slide 2010
31416,UK/PIT/62C06/2017/108,Uttarakhand,Pithoragarh,Baltadi,29.590044,80.296667,Rock Slide 2012
31417,UK/NAI/53O06/2017/21,Uttarakhand,Nainital,Naughar,29.590891,79.327146,Rock Slide 2014
31418,UK/ALM/53O14/2015/1365,Uttarakhand,Almora,,29.591721,79.972911,Rock Fall NA
31419,UK/ALM/53O02/2017/3,Uttarakhand,Almora,Machhor,29.59247,79.230078,Debris Slide 2017
31420,UK/PIT/62C06/2017/68,Uttarakhand,Pithoragarh,Charighad,29.592647,80.379755,Rock Slide 2017
31421,UK/ALM/53O02/2017/39,Uttarakhand,Almora,Baur Malla,29.594428,79.167676,Rock Slide 2014
31422,UK/ALM/53O02/2017/27,Uttarakhand,Almora,Forest,29.595263,79.097637,Debris Slide 2011
31423,UK/ALM/53O02/2017/7,Uttarakhand,Almora,Forest,29.595297,79.0988,Rock Slide 2014
31424,UK/ALM/53O02/2017/102,Uttarakhand,Almora,Jamoun,29.5954,79.0636,Rock Slide 2010
31425,UK/PIT/62C06/2017/70,Uttarakhand,Pithoragarh,,29.598368,80.368901,Rock Slide NA
31426,UK/PIT/62C06/2017/109,Uttarakhand,Pithoragarh,Baitadi,29.598418,80.348364,Rock Slide NA
31427,UK/PIT/62C06/2017/69,Uttarakhand,Pithoragarh,,29.59842,80.374603,Rock Slide 2017
31428,UK/ALM/53O02/2017/79,Uttarakhand,Almora,Forest,29.598527,79.088171,Rock Slide 2011
31429,UK/ALM/53O06/2017/39,Uttarakhand,Almora,Forest,29.598601,79.274904,Rock Slide 2014
31430,UK/PIT/62C06/2017/71,Uttarakhand,Pithoragarh,,29.599056,80.362817,Rock Slide NA
31431,UK/ALM/53O10/2015/1317,Uttarakhand,Almora,,29.59925,79.624,Rock Slide NA
31432,UK/ALM/53O02/2017/8,Uttarakhand,Almora,Forest,29.599263,79.088069,Rock Slide 2011
31433,UK/ALM/53O02/2017/80,Uttarakhand,Almora,Forest,29.599873,79.088206,Rock Slide 2011
31434,UK/ALM/53O02/2017/81,Uttarakhand,Almora,Forest,29.600399,79.0882,Rock Slide 2011
31435,UK/ALM/53O10/2015/1294,Uttarakhand,Almora,SH-37,29.600583,79.653333,Debris Slide NA
31436,UK/PIT/62C06/2017/72,Uttarakhand,Pithoragarh,Gyani,29.601952,80.357774,Rock Slide NA
31437,UK/PIT/62C06/2017/73,Uttarakhand,Pithoragarh,,29.603252,80.351608,Rock Slide NA
31438,UK/ALM/53O02/2017/103,Uttarakhand,Almora,Forest,29.603269,79.064462,Rock Slide 2010
31439,UK/PIT/62C06/2017/110,Uttarakhand,Pithoragarh,Jakh,29.604733,80.337558,Rock Slide 2016
31440,UK/ALM/53O02/2017/77,Uttarakhand,Almora,Barghat,29.605502,79.07586,Rock Slide 2011
31441,UK/ALM/53O02/2017/78,Uttarakhand,Almora,Marchula,29.606667,79.09074,Rock Slide 2011
31442,UK/ALM/53O02/2017/9,Uttarakhand,Almora,Majhura,29.608722,79.216848,Rock Slide NA
31443,UK/ALM/53O06/2017/5,Uttarakhand,Almora,Suni,29.608828,79.306039,Rock Slide 2015
31444,UK/ALM/53O02/2017/67,Uttarakhand,Almora,Amori,29.609432,79.112425,Rock Slide 2014
31445,UK/ALM/53O02/2017/66,Uttarakhand,Almora,Marchula,29.609924,79.10295,Rock Slide NA
31446,UK/ALM/53O02/2017/10,Uttarakhand,Almora,Jakh,29.611128,79.239187,Rock Slide 2017
31447,UK/ALM/53O14/2015/1361,Uttarakhand,Almora,,29.6122,79.9389,Debris Slide NA
31448,UK/ALM/53O02/2017/46,Uttarakhand,Almora,Forest,29.612701,79.178812,Rock Slide 2014
31449,UK/ALM/53O10/2015/1316,Uttarakhand,Almora,,29.614083,79.622833,Debris Slide NA
31450,UK/PIT/62C02/2015/520,Uttarakhand,Pithoragarh,,29.615535,80.003424,Rock Slide NA
31451,UK/ALM/53O02/2017/50,Uttarakhand,Almora,Diyuna,29.615571,79.155288,Debris Slide NA
31452,UK/ALM/53O02/2017/48,Uttarakhand,Almora,Diyuna,29.615722,79.161139,Debris Slide 2014
31453,UK/ALM/53O02/2017/49,Uttarakhand,Almora,Jhargaon,29.616143,79.125247,Debris Slide 2015
31454,UK/ALM/53O10/2015/1314,Uttarakhand,Almora,,29.61675,79.553917,Debris Slide NA
31455,UK/ALM/53O14/2015/1362,Uttarakhand,Almora,,29.6175,79.9414,Debris Slide NA
31456,UK/ALM/53O02/2017/47,Uttarakhand,Almora,Diyuna,29.617667,79.16125,Rock Slide 2014
31457,UK/ALM/53O02/2017/19,Uttarakhand,Almora,Nagchula,29.617835,79.215985,Rock Slide 2017
31458,UK/PIT/62C06/2017/1,Uttarakhand,Pithoragarh,Nainipatal,29.618156,80.259177,Rock Slide 2016
31459,UK/ALM/53O02/2017/40,Uttarakhand,Almora,Jhargaon,29.618688,79.129281,Rock Slide 2016
31460,UK/PAU/53O02/2017/64,Uttarakhand,Pauri Garhwal,Betaldhunga,29.621418,79.083969,Rock Slide 2017
31461,UK/ALM/53O10/2015/1315,Uttarakhand,Almora,,29.6215,79.61375,Rock Slide NA
31462,UK/ALM/53O02/2017/18,Uttarakhand,Almora,Gharkhetori,29.622446,79.219786,Rock Slide 2017
31463,UK/PIT/62C06/2017/46,Uttarakhand,Pithoragarh,Nagara,29.622701,80.355815,Rock Slide NA
31464,UK/ALM/53O02/2017/29,Uttarakhand,Almora,Sarur,29.624167,79.103222,Debris Slide 2015
31465,UK/ALM/53O10/2015/1313,Uttarakhand,Almora,,29.624333,79.574333,Debris Slide NA
31466,UK/PAU/53O02/2017/52,Uttarakhand,Pauri Garhwal,Kamera,29.625215,79.040688,Rock Slide 2012
31467,UK/ALM/53O10/2015/1312,Uttarakhand,Almora,,29.626,79.629,Rock Fall NA
31468,UK/PIT/62C06/2017/44,Uttarakhand,Pithoragarh,Malan,29.626494,80.257705,Rock cum debris Slide NA
31469,UK/PIT/62C06/2017/2,Uttarakhand,Pithoragarh,,29.627335,80.278681,Rock Slide NA
31470,UK/ALM/53O02/2017/51,Uttarakhand,Almora,Gingre,29.628444,79.149493,Debris Slide 2015
31471,UK/PAU/53O02/2017/63,Uttarakhand,Pauri Garhwal,Gaula,29.628932,79.058413,Rock Slide NA
31472,UK/PIT/62C06/2017/61,Uttarakhand,Pithoragarh,,29.629699,80.377843,Debris Slide NA
31473,UK/PAU/53O02/2017/100,Uttarakhand,Pauri Garhwal,Kamera,29.629843,79.03881,Rock Slide 2011
31474,UK/PAU/53K14/2016/7,Uttarakhand,Pauri Garhwal,Jimkorbet,29.63,78.93,Rock Slide NA
31475,UK/PIT/62C06/2017/62,Uttarakhand,Pithoragarh,,29.630546,80.379195,Rock Slide NA
31476,UK/PIT/62C06/2017/63,Uttarakhand,Pithoragarh,,29.630567,80.37987,Debris Slide NA
31477,UK/PAU/53O02/2017/89,Uttarakhand,Pauri Garhwal,Kyarki,29.630989,79.073334,Rock Slide 2014
31478,UK/PAU/53O02/2017/65,Uttarakhand,Pauri Garhwal,Kyarki,29.631694,79.062201,Rock Slide 2016
31479,UK/PIT/62C06/2017/65,Uttarakhand,Pithoragarh,Ritakhani,29.631806,80.385531,Rock cum debris Slide NA
31480,UK/PIT/62C06/2017/60,Uttarakhand,Pithoragarh,Chaubata,29.632168,80.377977,Debris Slide NA
31481,UK/PIT/62C06/2017/64,Uttarakhand,Pithoragarh,,29.632504,80.381304,Rock cum debris Slide NA
31482,UK/PAU/53O02/2017/88,Uttarakhand,Pauri Garhwal,Nala,29.632631,79.080085,Rock Slide 2011
31483,UK/PIT/62C06/2017/3,Uttarakhand,Pithoragarh,,29.632686,80.279366,Rock Slide NA
31484,UK/PIT/62C06/2017/45,Uttarakhand,Pithoragarh,Bajet,29.633552,80.25202,Debris Slide NA
31485,UK/PIT/62C06/2017/59,Uttarakhand,Pithoragarh,Gurchu,29.633879,80.378431,Debris Slide NA
31486,UK/PIT/62C02/2015/518,Uttarakhand,Pithoragarh,,29.63425,80.003194,Debris Slide NA
31487,UK/ALM/53O06/2017/46,Uttarakhand,Almora,Forest,29.634433,79.254016,Rock cum debris Slide 2017
31488,UK/PIT/62C06/2017/58,Uttarakhand,Pithoragarh,,29.634848,80.379669,Rock Slide NA
31489,UK/PIT/62C02/2015/519,Uttarakhand,Pithoragarh,,29.634866,80.005002,Rock Slide NA
31490,UK/PAU/53K13/2016/131,Uttarakhand,Pauri Garhwal,Jimcorbet,29.638,78.943,Rock Slide NA
31491,UK/ALM/53O02/2017/62,Uttarakhand,Almora,Forest,29.638136,79.100107,Rock Slide NA
31492,UK/PIT/62C06/2017/54,Uttarakhand,Pithoragarh,,29.638246,80.339599,Debris Slide NA
31493,UK/ALM/53O10/2015/1311,Uttarakhand,Almora,,29.638657,79.644482,Rock Slide NA
31494,UK/PIT/62C06/2017/55,Uttarakhand,Pithoragarh,Binkot,29.641536,80.353654,Rock Slide 2017
31495,UK/PIT/62C02/2015/512,Uttarakhand,Pithoragarh,,29.641611,80.240278,Debris Slide NA
31496,UK/ALM/53O10/2015/1300,Uttarakhand,Almora,,29.641667,79.72875,Debris Slide NA
31497,UK/PIT/62C06/2017/53,Uttarakhand,Pithoragarh,,29.641945,80.325487,Rock cum debris Slide NA
31498,UK/PAU/53O02/2017/61,Uttarakhand,Pauri Garhwal,Aunleth,29.6426,79.06758,Rock Slide 2011
31499,UK/PIT/62C06/2017/56,Uttarakhand,Pithoragarh,Gurchu,29.642806,80.354707,Debris Slide 2017
31500,UK/PIT/62C06/2017/48,Uttarakhand,Pithoragarh,Matal,29.643012,80.32502,Rock Slide 2016
31501,UK/ALM/53O10/2015/1303,Uttarakhand,Almora,,29.64325,79.62725,Debris Slide NA
31502,UK/PIT/62C06/2017/51,Uttarakhand,Pithoragarh,,29.643406,80.32413,Rock Slide NA
31503,UK/PIT/62C06/2017/47,Uttarakhand,Pithoragarh,,29.643425,80.325092,Debris Slide NA
31504,UK/PIT/62C06/2017/52,Uttarakhand,Pithoragarh,Kushkatia,29.643798,80.324652,Debris Slide NA
31505,UK/PIT/62C06/2017/57,Uttarakhand,Pithoragarh,,29.644778,80.355423,Rock cum debris Slide NA
31506,UK/PIT/62C06/2017/49,Uttarakhand,Pithoragarh,,29.644992,80.325337,Debris Slide NA
31507,UK/PAU/53K14/2016/9,Uttarakhand,Pauri Garhwal,Jimcorbet,29.645245,78.928629,Debris Flow NA
31508,UK/ALM/53O10/2015/1299,Uttarakhand,Almora,,29.6465,79.70925,Debris Slide NA
31509,UK/PIT/62C06/2017/50,Uttarakhand,Pithoragarh,,29.646564,80.325218,Debris Slide NA
31510,UK/PAU/53K14/2016/23,Uttarakhand,Pauri Garhwal,,29.648109,78.975666,Rock Slide NA
31511,UK/PAU/53K14/2016/24,Uttarakhand,Pauri Garhwal,,29.648331,78.974838,Rock Slide NA
31512,UK/PAU/53O02/2017/99,Uttarakhand,Pauri Garhwal,Kamand Walla,29.648876,79.047397,Rock Slide 2011
31513,UK/PAU/53K14/2016/25,Uttarakhand,Pauri Garhwal,,29.648915,78.974567,Rock Slide NA
31514,UK/ALM/53O02/2017/17,Uttarakhand,Almora,Dabhara,29.649359,79.209309,Rock Slide 2016
31515,UK/PAU/53O02/2017/98,Uttarakhand,Pauri Garhwal,Kamand Walla,29.6499,79.0468,Rock Slide 2011
31516,UK/PAU/53O02/2017/97,Uttarakhand,Pauri Garhwal,Forest,29.650776,79.046208,Rock Slide 2011
31517,UK/PAU/53O02/2017/96,Uttarakhand,Pauri Garhwal,Kamand Walla,29.651,79.0453,Rock Slide 2011
31518,UK/PAU/53O02/2017/87,Uttarakhand,Pauri Garhwal,Salt Mahadev,29.651472,79.077919,Debris Slide 2014
31519,UK/PIT/62C02/2015/511,Uttarakhand,Pithoragarh,,29.652917,80.238417,Rock Slide NA
31520,UK/PAU/53O02/2017/59,Uttarakhand,Pauri Garhwal,Forest,29.653902,79.047244,Rock Slide 2011
31521,UK/PAU/53K14/2016/10,Uttarakhand,Pauri Garhwal,,29.654072,78.923326,Rock Slide NA
31522,UK/ALM/53O02/2017/16,Uttarakhand,Almora,Dabhara,29.654359,79.210911,Rock Slide 2011
31523,UK/PAU/53O02/2017/95,Uttarakhand,Pauri Garhwal,Forest,29.6549,79.0407,Rock Slide 2011
31524,UK/PIT/62C02/2015/473,Uttarakhand,Pithoragarh,,29.655889,80.193778,Rock Slide NA
31525,UK/PAU/53K14/2016/11,Uttarakhand,Pauri Garhwal,,29.655939,78.920761,Rock Slide NA
31526,UK/PAU/53K14/2016/6,Uttarakhand,Pauri Garhwal,,29.655987,78.993071,Rock Slide NA
31527,UK/PAU/53O02/2017/60,Uttarakhand,Pauri Garhwal,Ringalta,29.656813,79.067325,Rock Slide 2011
31528,UK/PAU/53K14/2016/5,Uttarakhand,Pauri Garhwal,road to Sundoli,29.656989,78.992638,Rock Slide NA
31529,UK/PAU/53K14/2016/26,Uttarakhand,Pauri Garhwal,,29.657,78.978,Rock Slide NA
31530,UK/PAU/53K14/2016/4,Uttarakhand,Pauri Garhwal,,29.657596,78.993694,Rock Slide NA
31531,UK/PAU/53K14/2016/8,Uttarakhand,Pauri Garhwal,Road to Haldukhal,29.657609,78.984529,Rock Slide NA
31532,UK/PIT/62C02/2015/475,Uttarakhand,Pithoragarh,,29.65775,80.208133,Debris Slide NA
31533,UK/ALM/53O14/2015/1320,Uttarakhand,Almora,,29.6592,79.7739,Debris Slide NA
31534,UK/PIT/62C02/2015/474,Uttarakhand,Pithoragarh,,29.659278,80.210361,Debris Slide NA
31535,UK/PAU/53O02/2017/53,Uttarakhand,Pauri Garhwal,Tetgaon,29.661478,79.011225,Rock Slide NA
31536,UK/ALM/53O10/2015/1319,Uttarakhand,Almora,,29.662833,79.55875,Debris Slide NA
31537,UK/PAU/53K14/2016/12,Uttarakhand,Pauri Garhwal,,29.663484,78.916883,Rock Slide NA
31538,UK/PIT/62C06/2017/13,Uttarakhand,Pithoragarh,Birkanaj,29.664951,80.336221,Rock Slide NA
31539,UK/PIT/62C06/2017/4,Uttarakhand,Pithoragarh,Shadgarh,29.66531,80.269799,Rock cum debris Slide 2017
31540,UK/PAU/53K14/2016/1,Uttarakhand,Pauri Garhwal,Road to Ghorkhand,29.66593,78.988123,Rock Slide NA
31541,UK/ALM/53O14/2015/1322,Uttarakhand,Almora,,29.6661,79.7667,Debris Slide NA
31542,UK/ALM/53O14/2015/1321,Uttarakhand,Almora,,29.6667,79.7747,Debris Slide NA
31543,UK/PIT/62C06/2017/5,Uttarakhand,Pithoragarh,Kanalichina,29.667054,80.268681,Rock Slide 2017
31544,UK/PAU/53K14/2016/3,Uttarakhand,Pauri Garhwal,Road to Ghorkhand,29.667211,78.98775,Rock Slide NA
31545,UK/PIT/62C06/2017/6,Uttarakhand,Pithoragarh,,29.667582,80.267611,Rock Slide 2017
31546,UK/PAU/53O02/2017/86,Uttarakhand,Pauri Garhwal,Kinath,29.668287,79.07634,Rock Slide 2013
31547,UK/ALM/53O06/2017/4,Uttarakhand,Almora,Forest,29.668611,79.282222,Debris Slide NA
31548,UK/PAU/53O02/2017/85,Uttarakhand,Pauri Garhwal,Kinath,29.669243,79.076167,Rock Slide 2013
31549,UK/ALM/53O06/2017/1,Uttarakhand,Almora,Kaloura,29.671236,79.466566,Debris Slide NA
31550,UK/PIT/62C06/2017/9,Uttarakhand,Pithoragarh,Kanalichina,29.672028,80.26343,Rock Slide 2017
31551,UK/PIT/62C06/2017/7,Uttarakhand,Pithoragarh,Kanalichina,29.672165,80.2623,Rock Slide 2017
31552,UK/PIT/62C06/2017/14,Uttarakhand,Pithoragarh,,29.672241,80.352287,Debris Slide NA
31553,UK/PAU/53K14/2016/13,Uttarakhand,Pauri Garhwal,,29.673,78.909,Rock Slide NA
31554,UK/PIT/62C06/2017/16,Uttarakhand,Pithoragarh,,29.673572,80.375032,Debris Slide NA
31555,UK/PIT/62C06/2017/15,Uttarakhand,Pithoragarh,Pipli,29.673572,80.375032,Debris Slide NA
31556,UK/PIT/62C06/2017/12,Uttarakhand,Pithoragarh,,29.673644,80.340172,Rock Slide NA
31557,UK/ALM/53O06/2017/2,Uttarakhand,Almora,Forest,29.673983,79.273005,Debris Slide 2017
31558,UK/ALM/53O06/2017/35,Uttarakhand,Almora,Forest,29.674003,79.28329,Rock Slide NA
31559,UK/ALM/53O14/2015/1323,Uttarakhand,Almora,,29.674026,79.804944,Debris Slide NA
31560,UK/PIT/62C06/2017/10,Uttarakhand,Pithoragarh,Kanalichina,29.674325,80.269556,Debris Slide 2016
31561,UK/ALM/53O06/2017/3,Uttarakhand,Almora,Forest,29.675059,79.28374,Rock Slide 2014
31562,UK/PIT/62C02/2015/510,Uttarakhand,Pithoragarh,,29.675222,80.231361,Rock Composite NA
31563,UK/PIT/62C06/2017/19,Uttarakhand,Pithoragarh,KANALICHINA,29.675532,80.271407,Debris Slide NA
31564,UK/PIT/62C02/2015/479,Uttarakhand,Pithoragarh,,29.676351,80.097439,Debris Slide NA
31565,UK/ALM/53O10/2015/1301,Uttarakhand,Almora,,29.677667,79.5635,Rock Slide NA
31566,UK/ALM/53O14/2015/1326,Uttarakhand,Almora,,29.678662,79.894059,Debris Slide NA
31567,UK/PIT/62C06/2017/20,Uttarakhand,Pithoragarh,RITGARA,29.678813,80.271567,Rock Slide NA
31568,UK/PAU/53O02/2017/54,Uttarakhand,Pauri Garhwal,Forest,29.679059,79.067813,Rock Slide 2014
31569,UK/PAU/53O02/2017/55,Uttarakhand,Pauri Garhwal,Pultanda,29.681667,79.061107,Rock Slide 2014
31570,UK/PAU/53O02/2017/58,Uttarakhand,Pauri Garhwal,Utindagaon,29.682467,79.052059,Rock Slide NA
31571,UK/ALM/53O14/2015/1324,Uttarakhand,Almora,,29.682607,79.814875,Debris Slide NA
31572,UK/PIT/62C06/2017/17,Uttarakhand,Pithoragarh,,29.682715,80.374237,Debris Slide NA
31573,UK/PAU/53K14/2016/2,Uttarakhand,Pauri Garhwal,,29.682953,78.999077,Rock Slide NA
31574,UK/PIT/62C06/2017/18,Uttarakhand,Pithoragarh,,29.683837,80.376263,Debris Slide NA
31575,UK/PAU/53O02/2017/56,Uttarakhand,Pauri Garhwal,Pultanda,29.683904,79.051262,Rock Slide 2013
31576,UK/ALM/53O10/2015/1298,Uttarakhand,Almora,,29.684083,79.724333,Debris Slide NA
31577,UK/ALM/53O14/2015/1325,Uttarakhand,Almora,,29.684544,79.816555,Debris Slide NA
31578,UK/PIT/62C06/2017/34,Uttarakhand,Pithoragarh,,29.684952,80.287402,Rock Slide 2012
31579,UK/ALM/53O10/2015/1302,Uttarakhand,Almora,,29.68525,79.55225,Rock Slide NA
31580,UK/PIT/62C06/2017/11,Uttarakhand,Pithoragarh,Dundu,29.685869,80.322893,Rock Slide NA
31581,UK/PIT/62C06/2017/43,Uttarakhand,Pithoragarh,Malan,29.686914,80.256746,Rock Slide 2016
31582,UK/PAU/53O02/2017/82,Uttarakhand,Pauri Garhwal,Amkholi,29.687721,79.074614,Rock Slide 2013
31583,UK/PIT/62C02/2015/516,Uttarakhand,Pithoragarh,,29.688529,80.00186,Rock Slide NA
31584,UK/ALM/53O10/2015/1305,Uttarakhand,Almora,,29.688583,79.550917,Debris Slide NA
31585,UK/PIT/62C02/2015/517,Uttarakhand,Pithoragarh,,29.688931,80.001659,Rock Slide NA
31586,UK/PAU/53O02/2017/83,Uttarakhand,Pauri Garhwal,Amkholi,29.688968,79.073803,Rock Slide 2013
31587,UK/PAU/53K14/2016/17,Uttarakhand,Pauri Garhwal,Road to Dewari,29.689239,78.899036,Rock Slide NA
31588,UK/PAU/53O02/2017/57,Uttarakhand,Pauri Garhwal,Amkholi,29.689263,79.072339,Rock Slide NA
31589,UK/PIT/62C02/2015/515,Uttarakhand,Pithoragarh,,29.689306,80.00075,Rock Slide NA
31590,UK/PIT/62C02/2015/514,Uttarakhand,Pithoragarh,,29.689556,80.0005,Rock Slide NA
31591,UK/PAU/53O02/2017/84,Uttarakhand,Pauri Garhwal,Amkholi,29.69018,79.071683,Rock Slide 2013
31592,UK/ALM/53O06/2017/40,Uttarakhand,Almora,Bhikiyasain,29.69139,79.272552,Rock cum debris Slide NA
31593,UK/ALM/53O02/2017/20,Uttarakhand,Almora,Manuli,29.691396,79.23879,Rock Slide 2017
31594,UK/BAG/53O14/2015/1338,Uttarakhand,Bageshwar,,29.691488,79.867076,Debris Slide NA
31595,UK/PIT/62C06/2017/35,Uttarakhand,Pithoragarh,LAKHANPUR,29.691973,80.314322,Rock Slide 2017
31596,UK/PAU/53K14/2016/15,Uttarakhand,Pauri Garhwal,,29.692,78.908,Rock Slide NA
31597,UK/PIT/62C06/2017/36,Uttarakhand,Pithoragarh,Kandali,29.69206,80.315785,Rock Slide NA
31598,UK/PIT/62C06/2017/37,Uttarakhand,Pithoragarh,,29.692197,80.318907,Rock Slide 2014
31599,UK/PAU/53K14/2016/18,Uttarakhand,Pauri Garhwal,,29.692393,78.915386,Rock Slide NA
31600,UK/ALM/53O14/2015/1327,Uttarakhand,Almora,,29.692924,79.816036,Rock Slide NA
31601,UK/PAU/53K14/2016/14,Uttarakhand,Pauri Garhwal,,29.693145,78.902758,Rock Slide NA
31602,UK/PAU/53K14/2016/16,Uttarakhand,Pauri Garhwal,,29.69332,78.904246,Rock Slide NA
31603,UK/PIT/62C06/2017/38,Uttarakhand,Pithoragarh,Gudar,29.693414,80.31978,Rock Slide 2017
31604,UK/BAG/53O14/2015/1337,Uttarakhand,Bageshwar,,29.6936,79.8608,Debris Slide NA
31605,UK/PIT/53O14/2015/1366,Uttarakhand,Pithoragarh,,29.694997,79.978128,Rock Slide NA
31606,UK/BAG/53O14/2015/1339,Uttarakhand,Bageshwar,,29.69564,79.872488,Debris Slide NA
31607,UK/ALM/53O10/2015/1304,Uttarakhand,Almora,,29.695833,79.571917,Rock Slide NA
31608,UK/PIT/62C02/2015/509,Uttarakhand,Pithoragarh,,29.696889,80.246444,Debris Slide NA
31609,UK/ALM/53O06/2017/41,Uttarakhand,Almora,Forest,29.697054,79.287926,Rock Slide NA
31610,UK/BAG/53O14/2015/1340,Uttarakhand,Bageshwar,,29.6989,79.8703,Debris Slide NA
31611,UK/PIT/62C06/2017/21,Uttarakhand,Pithoragarh,,29.699358,80.265527,Rock Slide NA
31612,UK/BAG/53O14/2015/1341,Uttarakhand,Bageshwar,,29.7006,79.8772,Debris Slide NA
31613,UK/BAG/53O14/2015/1328,Uttarakhand,Bageshwar,,29.702343,79.818362,Debris Slide NA
31614,UK/PIT/62C06/2017/22,Uttarakhand,Pithoragarh,,29.705019,80.260126,Rock Slide NA
31615,UK/ALM/53O10/2015/1306,Uttarakhand,Almora,,29.706923,79.558284,Debris Slide NA
31616,UK/PIT/62C02/2015/448,Uttarakhand,Pithoragarh,,29.708848,80.157662,Rock Composite NA
31617,UK/PIT/53O14/2015/1342,Uttarakhand,Pithoragarh,,29.708986,79.917301,Debris Slide NA
31618,UK/ALM/53O02/2017/21,Uttarakhand,Almora,Kundil Syautari,29.709889,79.249417,Rock Slide 2017
31619,UK/PIT/62C02/2015/508,Uttarakhand,Pithoragarh,,29.710019,80.182883,Debris Slide NA
31620,UK/PIT/62C06/2017/23,Uttarakhand,Pithoragarh,,29.710329,80.262739,Rock Slide NA
31621,UK/PIT/62C02/2015/447,Uttarakhand,Pithoragarh,,29.71178,80.156504,Debris Slide NA
31622,UK/ALM/53O02/2017/68,Uttarakhand,Almora,Myalgaon,29.713618,79.134575,Rock Slide 2011
31623,UK/PAU/53O02/2017/28,Uttarakhand,Pauri Garhwal,Bhandar,29.713777,79.098999,Rock Slide 2011
31624,UK/PIT/62C06/2017/41,Uttarakhand,Pithoragarh,Mitra,29.71427,80.278017,Debris Slide NA
31625,UK/PIT/62C06/2017/42,Uttarakhand,Pithoragarh,Mitra,29.714444,80.280556,Rock Slide NA
31626,UK/ALM/53O10/2015/1307,Uttarakhand,Almora,,29.715,79.576667,Debris Slide NA
31627,UK/PIT/62C06/2017/24,Uttarakhand,Pithoragarh,,29.715585,80.265486,Rock Slide 2017
31628,UK/PIT/62C06/2017/40,Uttarakhand,Pithoragarh,Potli,29.715619,80.277847,Rock cum debris Slide NA
31629,UK/PIT/62C06/2017/39,Uttarakhand,Pithoragarh,Poth,29.715924,80.276865,Debris Slide 2017
31630,UK/ALM/53O06/2017/42,Uttarakhand,Almora,Ghanohit,29.716476,79.265612,Debris Slide NA
31631,UK/ALM/53O10/2015/1310,Uttarakhand,Almora,,29.716583,79.602917,Rock Slide NA
31632,UK/PIT/62C02/2015/507,Uttarakhand,Pithoragarh,,29.716861,80.186208,Rock Slide NA
31633,UK/PIT/62C06/2017/25,Uttarakhand,Pithoragarh,,29.71762,80.27577,Rock Slide 2017
31634,UK/ALM/53O10/2015/1295,Uttarakhand,Almora,,29.718833,79.633917,Debris Slide NA
31635,UK/ALM/53O06/2017/29,Uttarakhand,Almora,Ghanohit,29.720222,79.259939,Rock Slide 2011
31636,UK/PIT/62C06/2017/33,Uttarakhand,Pithoragarh,,29.722754,80.335304,Rock Slide 2015
31637,UK/PAU/53K14/2016/22,Uttarakhand,Pauri Garhwal,,29.72278,78.864961,Rock Slide NA
31638,UK/ALM/53O10/2015/1309,Uttarakhand,Almora,,29.722833,79.601667,Rock Slide NA
31639,UK/BAG/53O14/2015/1329,Uttarakhand,Bageshwar,,29.72358,79.787135,Debris Slide NA
31640,UK/ALM/53O10/2015/1308,Uttarakhand,Almora,,29.724667,79.593083,Rock Slide NA
31641,UK/PAU/53K14/2016/21,Uttarakhand,Pauri Garhwal,,29.724782,78.873783,Debris Slide NA
31642,UK/PIT/62C06/2017/26,Uttarakhand,Pithoragarh,BANDARIMA,29.727222,80.276917,Rock Slide 2017
31643,UK/PAU/53K14/2016/20,Uttarakhand,Pauri Garhwal,,29.728,78.884,Debris Flow NA
31644,UK/PIT/62C06/2017/29,Uttarakhand,Pithoragarh,,29.728622,80.272445,Rock Slide 2016
31645,UK/CHA/62C06/2017/111,Uttarakhand,Champawat,PANTGAON,29.731263,80.335038,Debris Slide NA
31646,UK/PAU/53K14/2016/19,Uttarakhand,Pauri Garhwal,,29.732,78.882,Debris Flow NA
31647,UK/PIT/62C06/2017/28,Uttarakhand,Pithoragarh,NARET,29.733994,80.316378,Rock Slide 2016
31648,UK/PIT/62C06/2017/30,Uttarakhand,Pithoragarh,GHUMKOT,29.734472,80.273785,Rock Slide 2017
31649,UK/PIT/62C02/2015/478,Uttarakhand,Pithoragarh,,29.737407,80.077215,Debris Slide NA
31650,UK/ALM/53O06/2017/66,Uttarakhand,Almora,Bagwalipokhar,29.73796,79.488559,Rock Slide 2014
31651,UK/ALM/53O02/2017/26,Uttarakhand,Almora,Naula,29.738916,79.24565,Debris Slide 2017
31652,UK/PIT/53O14/2015/1343,Uttarakhand,Pithoragarh,,29.740282,79.905795,Debris Slide NA
31653,UK/PIT/53O14/2015/1344,Uttarakhand,Pithoragarh,,29.740532,79.895999,Debris Slide NA
31654,UK/PIT/62C06/2017/32,Uttarakhand,Pithoragarh,HACHILA,29.7415,80.2725,Rock Slide NA
31655,UK/BAG/53O14/2013/0072,Uttarakhand,Bageshwar,UK_BAG_PMGSY_72 Kathpuria Chinna-Raikholi-Baudi Road Section,29.741889,79.801278,Rock cum Debris Slide 16th-17th June 2013
31656,UK/PIT/62C02/2015/477,Uttarakhand,Pithoragarh,,29.742938,80.046214,Debris Slide NA
31657,UK/PIT/62C02/2015/476,Uttarakhand,Pithoragarh,,29.745422,80.046681,Debris Slide NA
31658,UK/PIT/62C06/2017/27,Uttarakhand,Pithoragarh,SARAULI,29.745987,80.303395,Debris Slide NA
31659,UK/PAU/53K13/2016/98,Uttarakhand,Pauri Garhwal,Road to Sanglakoti,29.747642,78.780745,Rock Slide NA
31660,UK/PIT/62C06/2017/31,Uttarakhand,Pithoragarh,GUMKOT,29.748428,80.28129,Rock Slide 2017
31661,UK/BAG/53O13/2015/327,Uttarakhand,Bageshwar,,29.750583,79.754306,Debris Slide 2013
31662,UK/PAU/53O01/2017/107,Uttarakhand,Pauri Garhwal,Jaraukhad,29.751044,79.041216,Debris Slide 2012
31663,UK/BAG/53O14/2013/0071,Uttarakhand,Bageshwar,UK_BAG_PMGSY_71 Kathpuria Chinna-Raikholi-Baudi Road Section,29.751472,79.779667,Rock cum Debris Slide 16th-17th June 2013
31664,UK/BAG/53O13/2013/0031,Uttarakhand,Bageshwar,UK_BAG_SH-6_,31,2.5,km from Katpuriya Chhina 29.751472 79.765889 Debris Slide 16th-17th June 2013
31665,UK/BAG/53O13/2015/326,Uttarakhand,Bageshwar,,29.751701,79.765451,Rock cum Debris Slide 2013
31666,UK/BAG/53O13/2013/0033,Uttarakhand,Bageshwar,UK_BAG_SH-6_,33,300,m north of Slide 32 29.752333 79.756778 Debris Slide 16th-17th June 2013
31667,UK/BAG/53O13/2013/0070,Uttarakhand,Bageshwar,UK_BAG_PMGSY_70 Kathpuria Chinna-Raikholi-Baudi Road Section,29.752528,79.781694,Rock cum Debris Slide 16th-17th June 2013
31668,UK/BAG/53O09/2018/12,Uttarakhand,Bageshwar,Bajail Bajail-Someshwar,29.754,79.661417,Debris Slide 2018
31669,UK/BAG/53O13/2013/0034,Uttarakhand,Bageshwar,UK_BAG_SH-6_,34,150,m North of Slide 33 29.754056 79.757611 Debris 16th-17th June 2013
31670,UK/PIT/53O13/2015/356,Uttarakhand,Pithoragarh,,29.755267,79.931504,Rock cum Debris Slide NA
31671,UK/BAG/53O13/2013/0030,Uttarakhand,Bageshwar,UK_BAG_SH-6_,30,1,km from Katpuriya Chinna at the northward U-bend of the road 29.755556 79.771667 Debris Slide 16th-17th June 2013
31672,UK/BAG/53O13/2015/325,Uttarakhand,Bageshwar,,29.755619,79.771559,Rock cum Debris Slide 2013
31673,UK/PAU/53O01/2017/109,Uttarakhand,Pauri Garhwal,NH121,29.75579,79.019591,Rock Slide 2013
31674,UK/PIT/53O13/2015/358,Uttarakhand,Pithoragarh,,29.756051,79.901721,Rock cum Debris Slide NA
31675,UK/PAU/53K09/2016/186,Uttarakhand,Pauri Garhwal,,29.757124,78.556338,Rock Fall NA
31676,UK/PAU/53O01/2017/108,Uttarakhand,Pauri Garhwal,NH121,29.757315,79.020186,Rock Slide NA
31677,UK/PITH/62C05/2013/0059,Uttarakhand,Pithoragarh,UK/Pith/ Jauljibi-Didihat/LS/0059 State Highway,29.75833,80.3475,Rock cum Debris Fall 16th-17th June 2013
31678,UK/PAU/53K09/2016/10,Uttarakhand,Pauri Garhwal,Kotdwar,29.758467,78.542153,Rock Slide NA
31679,UK/BAG/53O09/2018/22,Uttarakhand,Bageshwar,Siseta Siseta-Someshwar,29.758528,79.514139,Rock Slide 2018
31680,UK/BAG/53O13/2013/0029,Uttarakhand,Bageshwar,UK_BAG_SH-6_,29,500,m NNE of Katpuriya Chhina 29.758972 79.771028 Rock Slide 16th-17th June 2013
31681,UK/PIT/53O13/2015/357,Uttarakhand,Pithoragarh,,29.759057,79.900389,Rock cum Debris Slide NA
31682,UK/PAU/53K09/2016/185,Uttarakhand,Pauri Garhwal,,29.759385,78.554278,Rock Fall NA
31683,UK/BAG/53O09/2018/21,Uttarakhand,Bageshwar,Siseta Siseta-Someshwar,29.759389,79.513194,Rock Slide 2018
31684,UK/PIT/53O13/2015/354,Uttarakhand,Pithoragarh,,29.760038,79.983821,Rock Slide NA
31685,UK/PAU/53K09/2016/37,Uttarakhand,Pauri Garhwal,,29.760406,78.54515,Debris Slide NA
31686,UK/PAU/53O01/2017/110,Uttarakhand,Pauri Garhwal,NH121,29.761732,79.015934,Rock Slide 2015
31687,UK/PAU/53K09/2016/72,Uttarakhand,Pauri Garhwal,,29.762116,78.550144,Debris Flow NA
31688,UK/PAU/53K09/2016/55,Uttarakhand,Pauri Garhwal,,29.763292,78.529789,Rock Slide NA
31689,UK/PITH/62C05/2013/0060,Uttarakhand,Pithoragarh,UK/Pith/ Jauljibi-Didihat/LS/0060 State Highway,29.76389,80.33139,Rock cum Debris Fall 16th-17th June 2013
31690,UK/BAG/53O13/2015/353,Uttarakhand,Bageshwar,,29.764108,79.97879,Rock Slide NA
31691,UK/PAU/53K09/2016/78,Uttarakhand,Pauri Garhwal,,29.765716,78.549401,Rock Flow NA
31692,UK/ALM/53O05/2017/78,Uttarakhand,Almora,Antpur,29.765889,79.185427,Rock Slide 2016
31693,UK/PAU/53O01/2017/119,Uttarakhand,Pauri Garhwal,Raisya MahadevMaithana Marg,29.766183,79.071299,Debris Slide 2016
31694,UK/ALM/53O01/2017/13,Uttarakhand,Almora,Forest,29.766605,79.173346,Debris Slide 2011
31695,UK/PAU/53O01/2017/118,Uttarakhand,Pauri Garhwal,RamnagarSaufkhetSaraikhet Marg,29.76765,79.106814,Rock Slide 2011
31696,UK/PAU/53K09/2016/22,Uttarakhand,Pauri Garhwal,,29.767873,78.701448,Debris Slide NA
31697,UK/PAU/53K09/2016/36,Uttarakhand,Pauri Garhwal,,29.767945,78.554516,Rock Slide NA
31698,UK/ALM/53O01/2017/14,Uttarakhand,Almora,BajkhetNail road,29.76851,79.180219,Debris Slide 2011
31699,UK/ALM/53O01/2017/15,Uttarakhand,Almora,BajkhetNail road,29.768926,79.175919,Rock Slide 2011
31700,UK/ALM/53O01/2017/16,Uttarakhand,Almora,BajkhetNail road,29.768999,79.175607,Rock Slide 2011
31701,UK/ALM/53O01/2017/17,Uttarakhand,Almora,BajkhetNail road,29.769146,79.17524,Rock Slide 2011
31702,UK/ALM/53O01/2017/19,Uttarakhand,Almora,BajkhetNail road,29.7693,79.165294,Debris Slide 2017
31703,UK/PAU/53O01/2017/126,Uttarakhand,Pauri Garhwal,NH121,29.769875,79.119965,Rock Slide 2009
31704,UK/ALM/53O01/2017/18,Uttarakhand,Almora,BajkhetNail road,29.770124,79.173256,Debris Slide 2011
31705,UK/PAU/53O01/2017/121,Uttarakhand,Pauri Garhwal,Raisya MahadevMaithana Marg,29.770703,79.049678,Debris Slide 2011
31706,UK/PAU/53O01/2017/128,Uttarakhand,Pauri Garhwal,NH121,29.770856,79.126885,Rock Slide 2011
31707,UK/PAU/53O01/2017/125,Uttarakhand,Pauri Garhwal,NH121,29.77096,79.118024,Rock Slide 2011
31708,UK/PAU/53O01/2017/124,Uttarakhand,Pauri Garhwal,NH121,29.770984,79.117456,Rock Slide 2009
31709,UK/BAG/53O09/2018/24,Uttarakhand,Bageshwar,Jhiroli Jhiroli-Baijnath,29.771052,79.741412,Rock cum debris Slide 2018
31710,UK/PAU/53O01/2017/127,Uttarakhand,Pauri Garhwal,NH121,29.771343,79.123544,Rock Slide 2011
31711,UK/PAU/53O01/2017/120,Uttarakhand,Pauri Garhwal,Raisya MahadevMaithana Marg,29.771456,79.064459,Rock Slide 2012
31712,UK/ALM/53O01/2017/20,Uttarakhand,Almora,BajkhetNail road,29.773151,79.167168,Rock Slide 2017
31713,UK/PAU/53K13/2016/119,Uttarakhand,Pauri Garhwal,,29.773345,78.860493,Rock Slide NA
31714,UK/PAU/53K09/2016/20,Uttarakhand,Pauri Garhwal,,29.773522,78.541788,Debris Slide NA
31715,UK/ALM/53O01/2017/21,Uttarakhand,Almora,BajkhetNail road,29.77358,79.168366,Rock Slide 2017
31716,UK/ALM/53O01/2017/22,Uttarakhand,Almora,BajkhetNail road,29.774391,79.1703,Debris Slide 2017
31717,UK/PAU/53K13/2016/118,Uttarakhand,Pauri Garhwal,,29.774699,78.832974,Rock Slide NA
31718,UK/PAU/53O01/2017/111,Uttarakhand,Pauri Garhwal,NH121,29.775513,79.018539,Rock Slide 2013
31719,UK/ALM/53O01/2017/4,Uttarakhand,Almora,Deoghat Road turachaura,29.777094,79.225233,Rock Slide 2009
31720,UK/ALM/53O01/2017/5,Uttarakhand,Almora,Deoghat Road turachaura,29.777803,79.223369,Rock Slide 2014
31721,UK/PAU/53O01/2017/112,Uttarakhand,Pauri Garhwal,NH121,29.778168,79.029898,Debris Slide 2013
31722,UK/PIT/53O13/2015/360,Uttarakhand,Pithoragarh,,29.778829,79.834544,Rock Slide NA
31723,UK/PAU/53O01/2017/123,Uttarakhand,Pauri Garhwal,NH121,29.779072,79.03504,Debris Slide 2009
31724,UK/PIT/53O13/2015/359,Uttarakhand,Pithoragarh,,29.779095,79.836423,Rock Slide NA
31725,UK/PAU/53O01/2017/122,Uttarakhand,Pauri Garhwal,NH121,29.77927,79.035503,Debris Slide 2009
31726,UK/ALM/53O01/2017/7,Uttarakhand,Almora,Deoghat Road turachaura,29.779469,79.222961,Rock Slide 2014
31727,UK/BAG/53O09/2018/23,Uttarakhand,Bageshwar,Nagair Nagair-Someshwar,29.779699,79.502572,Rock Slide 2016
31728,UK/BAG/53O09/2018/11,Uttarakhand,Bageshwar,Mehragaon Mehragaon-Bageshwar,29.780083,79.626722,Debris Slide 2016
31729,UK/BAG/53O09/2018/20,Uttarakhand,Bageshwar,Lod Lod-Someshwar,29.780556,79.517528,Debris Slide 2018
31730,UK/ALM/53O01/2017/6,Uttarakhand,Almora,Deoghat Road turachaura,29.781251,79.224752,Rock Slide 2011
31731,UK/PAU/53K09/2016/31,Uttarakhand,Pauri Garhwal,,29.782059,78.693066,Debris Slide NA
31732,UK/ALM/53O01/2017/8,Uttarakhand,Almora,Deoghat Road turachaura,29.78244,79.223968,Rock Slide 2011
31733,UK/PAU/53K09/2016/35,Uttarakhand,Pauri Garhwal,,29.783143,78.570628,Debris Slide NA
31734,UK/ALM/53O01/2017/23,Uttarakhand,Almora,BajkhetNail road,29.783871,79.168191,Rock Slide NA
31735,UK/PAU/53K09/2016/45,Uttarakhand,Pauri Garhwal,,29.784633,78.549221,Rock Slide NA
31736,UK/PAU/53K09/2016/32,Uttarakhand,Pauri Garhwal,,29.784641,78.5711,Debris Slide NA
31737,UK/ALM/53O05/2017/55,Uttarakhand,Almora,NH87,29.784823,79.42674,Rock Slide 2012
31738,UK/PAU/53K09/2016/2,Uttarakhand,Pauri Garhwal,,29.785768,78.548458,Debris Slide NA
31739,UK/ALM/53O01/2017/24,Uttarakhand,Almora,BajkhetNail road,29.786399,79.168817,Rock Slide 2016
31740,UK/PAU/53K13/2016/122,Uttarakhand,Pauri Garhwal,,29.787265,78.753852,Debris Slide NA
31741,UK/BAG/53O13/2015/351,Uttarakhand,Bageshwar,,29.788474,79.974284,Rock cum Debris Slide NA
31742,UK/PAU/53K09/2016/87,Uttarakhand,Pauri Garhwal,,29.788787,78.594795,Rock cum Debris Flow NA
31743,UK/PAU/53K09/2016/84,Uttarakhand,Pauri Garhwal,,29.789548,78.594946,Rock Slide NA
31744,UK/ALM/53O05/2017/59,Uttarakhand,Almora,Muniyachaura,29.790065,79.330042,Rock Slide 2009
31745,UK/PAU/53K09/2016/27,Uttarakhand,Pauri Garhwal,,29.790098,78.676243,Debris Slide NA
31746,UK/PAU/53K13/2016/137,Uttarakhand,Pauri Garhwal,,29.790482,78.890662,Rock Slide NA
31747,UK/ALM/53O01/2017/25,Uttarakhand,Almora,BajkhetNail road,29.790972,79.161897,Rock Slide 2014
31748,UK/BAG/53O13/2015/352,Uttarakhand,Bageshwar,,29.791008,79.970856,Rock cum Debris Slide NA
31749,UK/ALM/53O01/2017/26,Uttarakhand,Almora,BajkhetNail road,29.791171,79.162418,Rock Slide 2014
31750,UK/BAG/53O09/2018/10,Uttarakhand,Bageshwar,Falyari Falyari-Bageshwar,29.791382,79.662171,Debris Slide 2018
31751,UK/PAU/53K09/2016/50,Uttarakhand,Pauri Garhwal,,29.791407,78.543243,Rock Slide NA
31752,UK/PAU/53K13/2016/125,Uttarakhand,Pauri Garhwal,,29.791562,78.750201,Rock Slide NA
31753,UK/BAG/53O09/2018/9,Uttarakhand,Bageshwar,Bhoolgaon Bhoolgaon-Bageshwar,29.791889,79.6665,Debris Slide 2017
31754,UK/PAU/53K13/2016/124,Uttarakhand,Pauri Garhwal,,29.792,78.752,Rock Slide NA
31755,UK/PAU/53K13/2016/123,Uttarakhand,Pauri Garhwal,,29.792731,78.752357,Debris Flow NA
31756,UK/PAU/53K13/2016/120,Uttarakhand,Pauri Garhwal,,29.793,78.817,Rock Slide NA
31757,UK/PAU/53K09/2016/41,Uttarakhand,Pauri Garhwal,,29.793601,78.426796,Rock Slide NA
31758,UK/ALM/53O01/2017/32,Uttarakhand,Almora,DotiyalNailDeghat road,29.79367,79.184957,Rock Slide 2011
31759,UK/ALM/53O01/2017/31,Uttarakhand,Almora,DotiyalNailDeghat road,29.793707,79.184066,Rock Slide 2011
31760,UK/ALM/53O01/2017/30,Uttarakhand,Almora,Gadsari,29.793736,79.172479,Rock Slide 2014
31761,UK/ALM/53O01/2017/29,Uttarakhand,Almora,Gadsari,29.793973,79.172021,Rock Slide 2014
31762,UK/ALM/53O05/2017/56,Uttarakhand,Almora,Road to Dhaun,29.794162,79.43365,Rock Slide 2012
31763,UK/PAU/53K09/2016/86,Uttarakhand,Pauri Garhwal,,29.794488,78.595555,Rock Slide NA
31764,UK/ALM/53O01/2017/28,Uttarakhand,Almora,Gadsari,29.794659,79.168485,Rock Slide 2009
31765,UK/ALM/53O05/2017/81,Uttarakhand,Almora,DotiyalNailDeghat road,29.794701,79.186138,Rock Slide 2011
31766,UK/ALM/53O01/2017/33,Uttarakhand,Almora,DotiyalNailDeghat road,29.794747,79.186653,Rock Slide 2011
31767,UK/PAU/53K09/2016/169,Uttarakhand,Pauri Garhwal,,29.794827,78.529297,Debris Slide NA
31768,UK/PAU/53K09/2016/30,Uttarakhand,Pauri Garhwal,,29.794885,78.62807,Rock Slide NA
31769,UK/ALM/53O01/2017/27,Uttarakhand,Almora,Gadsari,29.794917,79.163947,Rock Slide 2009
31770,UK/PAU/53K09/2016/76,Uttarakhand,Pauri Garhwal,Dugadda,29.794958,78.596622,Rock Slide NA
31771,UK/PAU/53K13/2016/135,Uttarakhand,Pauri Garhwal,,29.795,78.883,Rock Slide NA
31772,UK/PAU/53K13/2016/121,Uttarakhand,Pauri Garhwal,,29.795,78.817,Rock Slide NA
31773,UK/BAG/53O13/2013/0028,Uttarakhand,Bageshwar,UK_BAG_SH-6_28 600 m west of Rikholi Chak Village,29.795111,79.774611,Rock Fall 16th-17th June 2013
31774,UK/PAU/53K09/2016/184,Uttarakhand,Pauri Garhwal,,29.795217,78.59856,Rock Slide NA
31775,UK/PAU/53K09/2016/83,Uttarakhand,Pauri Garhwal,,29.795449,78.595989,Rock Slide NA
31776,UK/ALM/53O01/2017/34,Uttarakhand,Almora,DotiyalNailDeghat road,29.795582,79.187542,Rock Slide 2011
31777,UK/PAU/53O01/2017/105,Uttarakhand,Pauri Garhwal,NH121,29.796222,79.039583,Debris Flow 2017
31778,UK/PAU/53K09/2016/44,Uttarakhand,Pauri Garhwal,,29.79644,78.430524,Rock Slide NA
31779,UK/PAU/53O01/2017/106,Uttarakhand,Pauri Garhwal,NH121,29.796686,79.043557,Rock Slide 2013
31780,UK/PAU/53K13/2016/136,Uttarakhand,Pauri Garhwal,,29.797,78.877,Debris Slide NA
31781,UK/BAG/53O09/2018/7,Uttarakhand,Bageshwar,Bhoolgaon Bhoolgaon-Bageshwar,29.798813,79.69747,Soil Slide 2018
31782,UK/BAG/53O13/2015/331,Uttarakhand,Bageshwar,,29.798917,79.886972,Rock Fall NA
31783,UK/PAU/53K13/2016/138,Uttarakhand,Pauri Garhwal,,29.799,78.817,Rock Slide NA
31784,UK/PAU/53K09/2016/26,Uttarakhand,Pauri Garhwal,,29.799276,78.666595,Debris Slide NA
31785,UK/PAU/53K13/2016/141,Uttarakhand,Pauri Garhwal,,29.799361,78.754465,Rock Slide NA
31786,UK/PAU/53K13/2016/140,Uttarakhand,Pauri Garhwal,,29.799533,78.753783,Debris Flow NA
31787,UK/PAU/53K09/2016/168,Uttarakhand,Pauri Garhwal,Pulinda,29.799639,78.547788,Rock Slide NA
31788,UK/PAU/53K13/2016/134,Uttarakhand,Pauri Garhwal,,29.8,78.893,Rock Slide NA
31789,UK/PAU/53K09/2016/166,Uttarakhand,Pauri Garhwal,,29.800087,78.562309,Debris Slide NA
31790,UK/PAU/53K13/2016/142,Uttarakhand,Pauri Garhwal,,29.800199,78.756922,Rock Slide NA
31791,UK/PAU/53K09/2016/167,Uttarakhand,Pauri Garhwal,,29.800482,78.547727,Rock Slide NA
31792,UK/PITH/62C05/2013/0057,Uttarakhand,Pithoragarh,UK/Pith/ TawaghatJauljibi/Vil/BE/0057 Village Baluwakot,29.80139,80.42972,Debris cum earth Slide 16th-17th June 2013
31793,UK/PAU/53K13/2016/139,Uttarakhand,Pauri Garhwal,,29.801726,78.751558,Debris Flow NA
31794,UK/PAU/53K09/2016/198,Uttarakhand,Pauri Garhwal,Chameta,29.801817,78.74403,Debris Slide NA
31795,UK/ALM/53O01/2017/35,Uttarakhand,Almora,Dhaneta Talla,29.801936,79.178129,Rock Slide 2014
31796,UK/BAG/53O13/2015/345,Uttarakhand,Bageshwar,,29.802222,79.906667,Rock cum Debris Slide NA
31797,UK/BAG/53O13/2015/348,Uttarakhand,Bageshwar,,29.802419,79.981501,Rock Fall NA
31798,UK/BAG/53O13/2013/0036,Uttarakhand,Bageshwar,UK_BAG_PMGSY_36 Syal Dhunga Village,29.802667,79.921556,Rock cum Debris Slide 16th-17th June 2013
31799,UK/BAG/53O13/2015/346,Uttarakhand,Bageshwar,,29.803211,79.921728,Rock Slide NA
31800,UK/PAU/53K09/2016/19,Uttarakhand,Pauri Garhwal,Pulinda,29.803725,78.54577,Debris Slide NA
31801,UK/ALM/53O01/2017/9,Uttarakhand,Almora,Chani,29.8038,79.213779,Debris Slide 2014
31802,UK/PAU/53K09/2016/165,Uttarakhand,Pauri Garhwal,,29.804064,78.552373,Debris Slide NA
31803,UK/ALM/53O01/2017/36,Uttarakhand,Almora,DotiyalNailDeghat road,29.804621,79.180702,Debris Slide NA
31804,UK/PITH/62C05/2013/0054,Uttarakhand,Pithoragarh,UK/Pith/ TawaghatJauljibi/Vil/BE/0054 Village Kalika-Joshikhet,29.805,80.49472,Debris cum earth Slide 16th-17th June 2013
31805,UK/ALM/53O01/2017/44,Uttarakhand,Almora,DotiyalNailDeghat road,29.80537,79.185025,Rock Slide 2011
31806,UK/BAG/53O13/2015/347,Uttarakhand,Bageshwar,,29.806333,79.961083,Rock Slide NA
31807,UK/BAG/53O13/2015/350,Uttarakhand,Bageshwar,,29.806667,79.980556,Rock Fall NA
31808,UK/BAG/53O09/2018/6,Uttarakhand,Bageshwar,Doba Doba-Bageshwar,29.807068,79.710635,Debris Slide 2018
31809,UK/PAU/53K09/2016/164,Uttarakhand,Pauri Garhwal,,29.807296,78.549982,Debris Slide NA
31810,UK/BAG/53O09/2018/19,Uttarakhand,Bageshwar,Dhari Dhari-Bageshwar,29.807472,79.711967,Debris Slide 2018
31811,UK/BAG/53O13/2013/0027,Uttarakhand,Bageshwar,UK_BAG_SH-6_27 600 m south of Bilaunsera Village,29.807583,79.773083,Rock Fall 16th-17th June 2013
31812,UK/BAG/53O09/2018/5,Uttarakhand,Bageshwar,Dhari Dhari-Bageshwar,29.807583,79.716944,Debris Slide 2016
31813,UK/PAU/53K09/2016/161,Uttarakhand,Pauri Garhwal,,29.807844,78.576231,Debris Slide NA
31814,UK/PAU/53K09/2016/199,Uttarakhand,Pauri Garhwal,Dugadda,29.808045,78.598895,Debris Slide NA
31815,UK/PAU/53K09/2016/14,Uttarakhand,Pauri Garhwal,,29.808248,78.612736,Rock Slide NA
31816,UK/BAG/53O13/2015/349,Uttarakhand,Bageshwar,,29.808333,79.972222,Rock Fall NA
31817,UK/PAU/53K09/2016/21,Uttarakhand,Pauri Garhwal,Dugadda,29.808347,78.613518,Rock Slide NA
31818,UK/PAU/53K09/2016/115,Uttarakhand,Pauri Garhwal,,29.809027,78.60608,Debris Slide NA
31819,UK/PAU/53K09/2016/46,Uttarakhand,Pauri Garhwal,,29.809177,78.541261,Rock Slide NA
31820,UK/PAU/53K09/2016/11,Uttarakhand,Pauri Garhwal,,29.809216,78.613298,Rock Fall NA
31821,UK/PITH/62C05/2013/0042,Uttarakhand,Pithoragarh,UK/Pith/ Munsyari-Jauljibi/ LS/0042 State Highway,29.80944,80.37028,Debris cum earth Fall 2013
31822,UK/ALM/53O01/2017/40,Uttarakhand,Almora,Syalde,29.809452,79.196999,Rock Slide 2011
31823,UK/BAG/53O09/2018/18,Uttarakhand,Bageshwar,Dhari Dhari-Bageshwar,29.810006,79.718188,Debris Slide 2018
31824,UK/PAU/53K09/2016/9,Uttarakhand,Pauri Garhwal,,29.810202,78.618283,Rock Fall NA
31825,UK/PAU/53K09/2016/77,Uttarakhand,Pauri Garhwal,,29.810561,78.593752,Debris Slide NA
31826,UK/PAU/53K09/2016/69,Uttarakhand,Pauri Garhwal,,29.810739,78.73962,Debris Slide NA
31827,UK/BAG/53O09/2018/17,Uttarakhand,Bageshwar,Dhari Dhari-Bageshwar,29.81075,79.718472,Debris Slide 2014
31828,UK/PAU/53K13/2016/133,Uttarakhand,Pauri Garhwal,,29.811,78.889,Rock Slide NA
31829,UK/PAU/53K09/2016/160,Uttarakhand,Pauri Garhwal,,29.811342,78.560762,Debris Slide NA
31830,UK/PAU/53K09/2016/85,Uttarakhand,Pauri Garhwal,Dugadda,29.812501,78.596999,Debris Slide NA
31831,UK/PAU/53K09/2016/159,Uttarakhand,Pauri Garhwal,,29.812786,78.556667,Rock Slide NA
31832,UK/ALM/53O01/2017/10,Uttarakhand,Almora,Kuleta,29.812795,79.222023,Rock Slide 2016
31833,UK/PAU/53K13/2016/155,Uttarakhand,Pauri Garhwal,,29.813,78.904,Rock Slide NA
31834,UK/BAG/53O13/2013/0037,Uttarakhand,Bageshwar,UK_BAG_PMGSY_37 West of Dhapalsera village,29.813056,79.912694,Debris Slide 16th-17th June 2013
31835,UK/ALM/53O01/2017/43,Uttarakhand,Almora,Dhika,29.813658,79.186204,Rock Slide 2011
31836,UK/BAG/53O09/2018/16,Uttarakhand,Bageshwar,Dhari Dhari-Bageshwar,29.813861,79.728583,Debris Slide 2013
31837,UK/PAU/53K13/2016/154,Uttarakhand,Pauri Garhwal,,29.814,78.927,Rock Slide NA
31838,UK/ALM/53O01/2017/39,Uttarakhand,Almora,DotiyalNailDeghat road,29.814174,79.196509,Rock Slide 2009
31839,UK/PAU/53O01/2017/117,Uttarakhand,Pauri Garhwal,Nauwon,29.814383,79.097303,Rock Slide 2012
31840,UK/PAU/53K09/2016/12,Uttarakhand,Pauri Garhwal,,29.814589,78.609862,Rock Slide NA
31841,UK/BAG/53O09/2018/8,Uttarakhand,Bageshwar,Dhari Dhari-Bageshwar,29.815385,79.728751,Rock Fall 2018
31842,UK/BAG/53O09/2018/15,Uttarakhand,Bageshwar,Amsarkot Amsarkot-Bageshwar,29.816028,79.731833,Rock Fall 2013
31843,UK/PAU/53K13/2016/168,Uttarakhand,Pauri Garhwal,,29.816046,78.89589,Rock Slide NA
31844,UK/PAU/53K13/2016/157,Uttarakhand,Pauri Garhwal,,29.816588,78.895758,Debris Slide NA
31845,UK/ALM/53O01/2017/42,Uttarakhand,Almora,Maharoli Talli,29.816631,79.183947,Rock Slide 2011
31846,UK/ALM/53O05/2017/60,Uttarakhand,Almora,Simar road,29.816695,79.360851,Rock Slide 2009
31847,UK/PAU/53K09/2016/49,Uttarakhand,Pauri Garhwal,Ramni,29.816712,78.539947,Rock Slide NA
31848,UK/PAU/53K13/2016/152,Uttarakhand,Pauri Garhwal,,29.817,78.937,Rock Slide NA
31849,UK/PAU/53K13/2016/93,Uttarakhand,Pauri Garhwal,,29.817,78.897,Rock Slide NA
31850,UK/BAG/53O13/2015/334,Uttarakhand,Bageshwar,,29.81725,79.79175,Rock Fall NA
31851,UK/BAG/53O09/2018/14,Uttarakhand,Bageshwar,Amsarkot Amsarkot-Bageshwar,29.817333,79.731806,Debris Slide 2012
31852,UK/PAU/53K13/2016/153,Uttarakhand,Pauri Garhwal,,29.817368,78.931549,Rock Slide NA
31853,UK/ALM/53O01/2017/41,Uttarakhand,Almora,Syalde,29.818419,79.187299,Rock Slide 2014
31854,UK/ALM/53O05/2017/79,Uttarakhand,Almora,Bawansa Talla,29.818624,79.069057,Debris Slide 2011
31855,UK/ALM/53O01/2017/38,Uttarakhand,Almora,DotiyalNailDeghat road,29.819029,79.196182,Debris Slide 2009
31856,UK/ALM/53O01/2017/37,Uttarakhand,Almora,DotiyalNailDeghat road,29.819772,79.197128,Rock Slide 2009
31857,UK/PIT/62C09/2020/26,Uttarakhand,Pithoragarh,Tawa Ghat-Dharchula-Gothi,29.82,80.5,Debris Slide 2013
31858,UK/PAU/53K09/2016/130,Uttarakhand,Pauri Garhwal,,29.820046,78.705068,Debris Slide NA
31859,UK/PAU/53K09/2016/175,Uttarakhand,Pauri Garhwal,,29.821027,78.599025,Rock Slide NA
31860,UK/ALM/53O05/2017/65,Uttarakhand,Almora,Guin Talla,29.821338,79.075172,Rock cum debris Slide 2011
31861,UK/PAU/53O01/2017/104,Uttarakhand,Pauri Garhwal,NH121,29.821648,79.066877,Debris Slide NA
31862,UK/PAU/53K09/2016/129,Uttarakhand,Pauri Garhwal,,29.821964,78.706875,Rock Slide NA
31863,UK/PAU/53K09/2016/25,Uttarakhand,Pauri Garhwal,MariaKhal,29.822208,78.649691,Debris Slide NA
31864,UK/PAU/53K09/2016/127,Uttarakhand,Pauri Garhwal,Godi,29.822375,78.607718,Debris Slide NA
31865,UK/PAU/53K09/2016/40,Uttarakhand,Pauri Garhwal,,29.822439,78.542017,Rock Slide NA
31866,UK/PAU/53K13/2016/151,Uttarakhand,Pauri Garhwal,,29.822853,78.948894,Rock Slide NA
31867,UK/PAU/53K09/2016/29,Uttarakhand,Pauri Garhwal,,29.822863,78.543805,Rock Slide NA
31868,UK/PAU/53K13/2016/127,Uttarakhand,Pauri Garhwal,,29.82303,78.860671,Rock Slide NA
31869,UK/PAU/53O01/2017/103,Uttarakhand,Pauri Garhwal,NH121,29.823459,79.06736,Rock Slide 2011
31870,UK/PITH/62C09/2013/0053,Uttarakhand,Pithoragarh,UK/Pith/Tawaghat-Jauljibi/ Vil/BE/0053 Village Nigalpani & Gothi,29.82361,80.50722,Rock cum Debris Slide 16th-17th June 2013
31871,UK/BAG/53O13/2013/0035,Uttarakhand,Bageshwar,UK_BAG_PMGSY_ 35 Saukhola Village,29.823611,79.8765,Rock Slide 16th-17th June 2013
31872,UK/PAU/53K09/2016/47,Uttarakhand,Pauri Garhwal,,29.823662,78.537939,Rock Slide NA
31873,UK/PAU/53K13/2016/128,Uttarakhand,Pauri Garhwal,,29.823773,78.863744,Debris Slide NA
31874,UK/PAU/53K09/2016/150,Uttarakhand,Pauri Garhwal,,29.824616,78.709797,Debris Slide NA
31875,UK/PAU/53K09/2016/111,Uttarakhand,Pauri Garhwal,,29.824742,78.718338,Debris Slide NA
31876,UK/BAG/53O09/2018/13,Uttarakhand,Bageshwar,Amsarkot Amsarkot-Bageshwar,29.824833,79.740889,Debris Slide 2018
31877,UK/PAU/53K13/2016/150,Uttarakhand,Pauri Garhwal,,29.825053,78.949714,Rock Slide NA
31878,UK/PAU/53K09/2016/15,Uttarakhand,Pauri Garhwal,,29.825212,78.594693,Rock Slide NA
31879,UK/PAU/53K13/2016/126,Uttarakhand,Pauri Garhwal,Kanda Malla,29.825291,78.951698,Rock Slide NA
31880,UK/PIT/62C01/2015/410,Uttarakhand,Pithoragarh,,29.825306,80.090917,Rock cum Debris Fall NA
31881,UK/PIT/62C01/2015/411,Uttarakhand,Pithoragarh,,29.825306,80.090917,Rock cum Debris Fall NA
31882,UK/PIT/62C01/2015/408,Uttarakhand,Pithoragarh,,29.825306,80.090917,Rock cum Debris Fall NA
31883,UK/PIT/62C01/2015/409,Uttarakhand,Pithoragarh,,29.825306,80.090917,Rock Fall NA
31884,UK/BAG/53O13/2013/0013,Uttarakhand,Bageshwar,UK_BAG_SH-11_ 13 Mankot road subsidence,29.825361,79.815944,Earth Slump 16th-17th June 2013
31885,UK/BAG/53O13/2015/333,Uttarakhand,Bageshwar,,29.825912,79.778448,Rock cum Debris Slide NA
31886,UK/PAU/53K13/2016/169,Uttarakhand,Pauri Garhwal,,29.826,78.943,Rock Slide NA
31887,UK/PAU/53K13/2016/145,Uttarakhand,Pauri Garhwal,,29.826,78.977,Rock Slide NA
31888,UK/PITH/62C01/2013/0003,Uttarakhand,Chamoli,UK/Pith/ Seraghat- Thal/SZ/0003 State Highway,29.82639,80.11694,Debris cum earth Subsidence 16th-17th June 2013
31889,UK/PAU/53K13/2016/130,Uttarakhand,Pauri Garhwal,,29.826892,78.871768,Rock Slide NA
31890,UK/PAU/53K09/2016/163,Uttarakhand,Pauri Garhwal,,29.827006,78.500812,Rock Slide NA
31891,UK/PAU/53K09/2016/16,Uttarakhand,Pauri Garhwal,,29.827009,78.596896,Debris Slide NA
31892,UK/PITH/62C01/2013/0004,Uttarakhand,Pithoragarh,UK/Pith/ Seraghat- Thal/LS/0004 State Highway,29.82722,80.11972,Debris cum earth Flow 16th-17th June 2013
31893,UK/PAU/53K09/2016/43,Uttarakhand,Pauri Garhwal,,29.827488,78.498522,Rock Slide NA
31894,UK/PAU/53O01/2017/102,Uttarakhand,Pauri Garhwal,Right bank of purvi nayar river,29.827877,79.058041,Debris Slide 2009
31895,UK/PAU/53K13/2016/129,Uttarakhand,Pauri Garhwal,,29.827913,78.870396,Rock Slide NA
31896,UK/BAG/53O13/2015/332,Uttarakhand,Bageshwar,,29.82822,79.775016,Debris Slide NA
31897,UK/BAG/53O13/2015/340,Uttarakhand,Bageshwar,,29.828503,79.898567,Debris Slide NA
31898,UK/PAU/53K09/2016/8,Uttarakhand,Pauri Garhwal,,29.829043,78.681199,Rock Fall NA
31899,UK/PITH/62C05/2013/0040,Uttarakhand,Pithoragarh,UK/Pith/ MunsyariJauljibi/Vil/BE/0040 Ghatta Bagar village,29.82917,80.36611,Earth cum Rock Slide 16th-17th June 2013
31900,UK/PAU/53K09/2016/42,Uttarakhand,Pauri Garhwal,,29.82931,78.526817,Rock Slide NA
31901,UK/PAU/53K13/2016/132,Uttarakhand,Pauri Garhwal,,29.829834,78.874938,Rock Slide NA
31902,UK/PAU/53K09/2016/38,Uttarakhand,Pauri Garhwal,Balli,29.829883,78.503783,Rock Slide NA
31903,UK/PAU/53O01/2017/96,Uttarakhand,Pauri Garhwal,BironkhalRikhnikhalKotdwara Marg,29.830485,79.002984,Rock Slide 2013
31904,UK/PAU/53O01/2017/95,Uttarakhand,Pauri Garhwal,BironkhalRikhnikhalKotdwara Marg,29.830531,79.002536,Rock Slide 2013
31905,UK/PAU/53K13/2016/143,Uttarakhand,Pauri Garhwal,,29.831,78.997,Rock Slide NA
31906,UK/PIT/62C01/2015/407,Uttarakhand,Pithoragarh,,29.8312,80.116072,Rock cum Debris Slide NA
31907,UK/PAU/53K09/2016/13,Uttarakhand,Pauri Garhwal,,29.831502,78.600294,Rock Slide NA
31908,UK/PAU/53K13/2016/156,Uttarakhand,Pauri Garhwal,,29.83161,78.897483,Rock Slide NA
31909,UK/BAG/53O13/2013/0012,Uttarakhand,Bageshwar,UK_BAG_SH-11_ 12 Near Chhati Viilage,29.831972,79.797556,Debris Flow 16th-17th June 2013
31910,UK/BAG/53O13/2015/328,Uttarakhand,Bageshwar,,29.832111,79.799056,Rock Slide NA
31911,UK/BAG/53O13/2015/329,Uttarakhand,Bageshwar,,29.832306,79.801611,Rock Fall NA
31912,UK/PAU/53K13/2016/144,Uttarakhand,Pauri Garhwal,,29.832364,78.987403,Debris Slide NA
31913,UK/PAU/53O01/2017/99,Uttarakhand,Pauri Garhwal,NH121,29.833143,79.045469,Rock cum debris Slide 2012
31914,UK/PAU/53O01/2017/101,Uttarakhand,Pauri Garhwal,NH121,29.833155,79.05763,Debris Slide 2013
31915,UK/BAG/53O13/2013/0038,Uttarakhand,Bageshwar,UK_BAG_Sh-11_ 38 Near Udena village,29.833528,79.822778,Debris Slide 16th-17th June 2013
31916,UK/PAU/53O01/2017/100,Uttarakhand,Pauri Garhwal,NH121,29.833591,79.045177,Debris Slide 2012
31917,UK/PAU/53K09/2016/73,Uttarakhand,Pauri Garhwal,,29.833835,78.710154,Debris Slide NA
31918,UK/PAU/53K09/2016/28,Uttarakhand,Pauri Garhwal,Lansdowne,29.833874,78.695542,Debris Slide NA
31919,UK/BAG/53O13/2013/0069,Uttarakhand,Bageshwar,UK_BAG_PMGSY_69 Dhalmalla- Khanoli Road Section,29.833944,79.872889,Rock cum Debris Slide 16th-17th June 2013
31920,UK/PAU/53K09/2016/57,Uttarakhand,Pauri Garhwal,,29.83434,78.598053,Debris Slide NA
31921,UK/PAU/53O01/2017/98,Uttarakhand,Pauri Garhwal,BironkhalRikhnikhalKotdwara Marg,29.834723,79.017239,Rock Slide 2012
31922,UK/BAG/53O13/2015/330,Uttarakhand,Bageshwar,,29.834861,79.869421,Rock cum Debris Slide NA
31923,UK/BAG/53O13/2013/0068,Uttarakhand,Bageshwar,UK_BAG_PMGSY_68 Dhalmalla- Khanoli Road Section,29.835472,79.874556,Rock cum Debris Slide 16th-17th June 2013
31924,UK/PAU/53O01/2017/97,Uttarakhand,Pauri Garhwal,BironkhalRikhnikhalKotdwara Marg,29.836447,79.019369,Rock Slide 2012
31925,UK/BAG/53O13/2015/342,Uttarakhand,Bageshwar,,29.836583,79.780889,Rock Fall NA
31926,UK/BAG/52O13/2013/0001,Uttarakhand,Bageshwar,UK_BAG_SH-11_ 01 Nearly 4.5 km from Bageshwar,29.836611,79.788889,Rock cum Debris Slide NA
31927,UK/PAU/53K09/2016/62,Uttarakhand,Pauri Garhwal,,29.836855,78.597226,Debris Slide NA
31928,UK/PAU/53O01/2017/94,Uttarakhand,Pauri Garhwal,NH121,29.837642,79.04286,Rock cum debris Slide 2012
31929,UK/PAU/53K13/2016/148,Uttarakhand,Pauri Garhwal,,29.837812,78.980182,Rock Slide NA
31930,UK/BAG/52O13/2013/0002,Uttarakhand,Bageshwar,UK_BAG_NH_ 02 Nearly 5 km from Bageshwar,29.838639,79.792167,NA 16th-17th June 2013
31931,UK/PAU/53K13/2016/149,Uttarakhand,Pauri Garhwal,,29.838648,78.980377,Rock Slide NA
31932,UK/ALM/53O05/2017/58,Uttarakhand,Almora,Forest,29.839139,79.446824,Debris Slide 2011
31933,UK/BAG/53O13/2013/0067,Uttarakhand,Bageshwar,UK_BAG_PMGSY_67 Bijaipur Ora-Dhupti Road Section,29.839306,79.9205,Rock cum Debris Slide 16th-17th June 2013
31934,UK/BAG/53O13/2015/343,Uttarakhand,Bageshwar,,29.839306,79.9205,Rock cum Debris Slide NA
31935,UK/BAG/53O13/2015/293,Uttarakhand,Bageshwar,,29.83945,79.799478,Rock Fall NA
31936,UK/BAG/53O13/2015/341,Uttarakhand,Bageshwar,,29.839939,79.869903,Rock Slide NA
31937,UK/ALM/53O01/2017/12,Uttarakhand,Almora,AikukhetJhag road,29.839969,79.136536,Rock Slide 2011
31938,UK/PAU/53K09/2016/79,Uttarakhand,Pauri Garhwal,,29.840155,78.702449,Debris Slide NA
31939,UK/BAG/53O13/2013/0066,Uttarakhand,Bageshwar,UK_BAG_PMGSY_66 Bijaipur Ora-Dhupti Road Section,29.840278,79.928361,Rock cum Debris Flow 16th-17th June 2013
31940,UK/BAG/53O13/2015/344,Uttarakhand,Bageshwar,,29.840298,79.928481,Rock Slide NA
31941,UK/PAU/53K09/2016/60,Uttarakhand,Pauri Garhwal,,29.84111,78.599614,Rock Fall NA
31942,UK/PAU/53K13/2016/102,Uttarakhand,Pauri Garhwal,,29.841318,78.984692,Debris Slide NA
31943,UK/BAG/53O13/2015/294,Uttarakhand,Bageshwar,,29.841672,79.797239,Rock cum Debris Slide NA
31944,UK/BAG/53O13/2015/289,Uttarakhand,Bageshwar,,29.842841,79.767303,Rock cum Debris Slide NA
31945,UK/BAG/53O13/2013/0003,Uttarakhand,Bageshwar,UK_BAG_SH-11_ 03 Nearly 6.5 km from Bageshwar,29.843194,79.797222,Rock cum Debris Slide 16th-17th June 2013
31946,UK/PAU/53O01/2017/116,Uttarakhand,Pauri Garhwal,Bandarkhuta,29.843256,79.093631,Rock Slide 2015
31947,UK/BAG/53O13/2015/318,Uttarakhand,Bageshwar,,29.843671,79.960763,Rock Fall NA
31948,UK/BAG/53O13/2013/0014,Uttarakhand,Bageshwar,UK_BAG_SH-11_ 14 Kanda 12 km milestone and Kameridevi 1 km,29.843722,79.960722,Rock Fall 16th-17th June 2013
31949,UK/PAU/53K09/2016/66,Uttarakhand,Pauri Garhwal,,29.843906,78.724534,Debris Slide NA
31950,UK/PAU/53O01/2017/114,Uttarakhand,Pauri Garhwal,Bandarkhuta,29.844796,79.085754,Rock Slide 2012
31951,UK/PAU/53K09/2016/61,Uttarakhand,Pauri Garhwal,,29.844845,78.600763,Rock Slide NA
31952,UK/PAU/53K09/2016/67,Uttarakhand,Pauri Garhwal,,29.845208,78.722552,Debris Slide NA
31953,UK/PAU/53K13/2016/147,Uttarakhand,Pauri Garhwal,,29.845511,78.976995,Debris Slide NA
31954,UK/BAG/53O13/2015/290,Uttarakhand,Bageshwar,,29.845578,79.797223,Debris Slide NA
31955,UK/ALM/53O05/2017/83,Uttarakhand,Almora,Bamankhola,29.846156,79.213802,Rock Slide 2014
31956,UK/PAU/53O01/2017/115,Uttarakhand,Pauri Garhwal,Bandarkhuta,29.846318,79.090592,Debris Flow 2015
31957,UK/PITH/62C09/2013/0052,Uttarakhand,Pithoragarh,UK/Pith/ TawaghatJauljibi/Vil/BE/0052 Village Dharchula,29.84667,80.53639,Rock cum Debris Slide 16th-17th June 2013
31958,UK/PAU/53K13/2016/146,Uttarakhand,Pauri Garhwal,,29.847305,78.976638,Rock Slide NA
31959,UK/PAU/53O01/2017/113,Uttarakhand,Pauri Garhwal,Bandarkhuta,29.847442,79.086055,Rock Slide 2012
31960,UK/BAG/53O13/2015/291,Uttarakhand,Bageshwar,,29.847847,79.756697,Rock cum Debris Slide NA
31961,UK/PAU/53K09/2016/34,Uttarakhand,Pauri Garhwal,,29.848671,78.710764,Debris Slide NA
31962,UK/PAU/53K09/2016/116,Uttarakhand,Pauri Garhwal,,29.849139,78.711093,Debris Slide NA
31963,UK/PAU/53K13/2016/101,Uttarakhand,Pauri Garhwal,,29.850585,78.858173,Debris Slide NA
31964,UK/PAU/53K13/2016/104,Uttarakhand,Pauri Garhwal,,29.850862,78.849348,Debris Slide NA
31965,UK/PIT/62C01/2015/406,Uttarakhand,Pithoragarh,,29.850942,80.016361,Rock cum Debris Flow NA
31966,UK/PAU/53K13/2016/103,Uttarakhand,Pauri Garhwal,,29.851523,78.849715,Debris Flow NA
31967,UK/BAG/53O13/2015/292,Uttarakhand,Bageshwar,,29.851683,79.775017,Debris Slide NA
31968,UK/ALM/53O01/2017/1,Uttarakhand,Almora,Syalde,29.852501,79.213432,Debris Flow 2011
31969,UK/ALM/53O05/2017/57,Uttarakhand,Almora,Forest,29.853841,79.427874,Debris Slide 2011
31970,UK/PITH/62C09/2013/0051,Uttarakhand,Pithoragarh,UK/Pith/ TawaghatJauljibi/Vil/BE/0051 Village Khotala,29.85417,80.54944,Rock cum Debris Slide 16th-17th June 2013
31971,UK/PAU/53K13/2016/109,Uttarakhand,Pauri Garhwal,,29.85536,78.825739,Debris Slide NA
31972,UK/ALM/53O01/2017/2,Uttarakhand,Almora,Bauligaon,29.855362,79.205448,Debris Slide 2009
31973,UK/PAU/53K13/2016/107,Uttarakhand,Pauri Garhwal,,29.855822,78.828401,Debris Slide NA
31974,UK/PAU/53K13/2016/108,Uttarakhand,Pauri Garhwal,,29.856044,78.826136,Rock Slide NA
31975,UK/PAU/53K13/2016/112,Uttarakhand,Pauri Garhwal,,29.857,78.81,Debris Slide NA
31976,UK/PAU/53K13/2016/110,Uttarakhand,Pauri Garhwal,,29.857732,78.826666,Debris Slide NA
31977,UK/PAU/53K13/2016/105,Uttarakhand,Pauri Garhwal,,29.858114,78.836989,Rock Slide NA
31978,UK/PAU/53K13/2016/106,Uttarakhand,Pauri Garhwal,,29.858196,78.8347,Rock Slide NA
31979,UK/PAU/53K13/2016/111,Uttarakhand,Pauri Garhwal,,29.858827,78.824634,Rock Slide NA
31980,UK/PAU/53K05/2016/21,Uttarakhand,Pauri Garhwal,Dundeka,29.860258,78.497537,Debris Slide NA
31981,UK/ALM/53O01/2017/3,Uttarakhand,Almora,Balmaro,29.861075,79.204587,Rock Slide 2012
31982,UK/BAG/53O13/2015/284,Uttarakhand,Bageshwar,,29.861326,79.785994,Debris Slide 2012
31983,UK/PAU/53O01/2017/93,Uttarakhand,Pauri Garhwal,NH121 near Gurinda,29.861943,79.017563,Rock Slide 2012
31984,UK/ALM/53O05/2017/80,Uttarakhand,Almora,Antpur,29.862076,79.007199,Rock Slide 2009
31985,UK/PAU/53K09/2016/65,Uttarakhand,Pauri Garhwal,Gairgaddu,29.86242,78.725173,Rock Slide NA
31986,UK/PAU/53K09/2016/71,Uttarakhand,Pauri Garhwal,,29.862501,78.723117,Rock Slide NA
31987,UK/BAG/53O13/2015/335,Uttarakhand,Bageshwar,,29.862778,79.813611,Rock Slide NA
31988,UK/PAU/53K09/2016/58,Uttarakhand,Pauri Garhwal,,29.863296,78.599093,Debris Slide NA
31989,UK/BAG/53O13/2015/398,Uttarakhand,Bageshwar,,29.864036,79.951338,Rock cum Debris Slide NA
31990,UK/PAU/53K09/2016/56,Uttarakhand,Pauri Garhwal,Jhatri,29.86465,78.595345,Debris Slide NA
31991,UK/ALM/53O05/2017/77,Uttarakhand,Almora,Bhaurad,29.864849,79.010169,Rock Slide 2012
31992,UK/PAU/53K09/2016/53,Uttarakhand,Pauri Garhwal,,29.864947,78.58604,Rock Slide NA
31993,UK/PAU/53K09/2016/59,Uttarakhand,Pauri Garhwal,,29.865027,78.591888,Debris Slide NA
31994,UK/PAU/53K09/2016/157,Uttarakhand,Pauri Garhwal,,29.865096,78.504779,Debris Slide NA
31995,UK/PAU/53K13/2016/71,Uttarakhand,Pauri Garhwal,Road to Dudharkhal,29.866313,78.769464,Debris Slide NA
31996,UK/PAU/53K13/2016/72,Uttarakhand,Pauri Garhwal,Road to Dudharkhal,29.866424,78.768794,Debris Flow NA
31997,UK/BAG/53O13/2013/0022,Uttarakhand,Bageshwar,UK_BAG_PMGSY_22 Downslope of Sem Devta village,29.867333,79.826111,Debris Slide 16th-17th June 2013
31998,UK/BAG/53O13/2015/337,Uttarakhand,Bageshwar,,29.867364,79.826091,Debris Slide NA
31999,UK/BAG/53O13/2013/0021,Uttarakhand,Bageshwar,UK_BAG_PMGSY_ 21 Chirang Village,29.867639,79.820472,Rock cum Debris Slide 16th-17th June 2013
32000,UK/ALM/53O01/2017/11,Uttarakhand,Almora,AikukhetSaraikhet road,29.868299,79.114114,Rock Slide 2011
32001,UK/BAG/53O13/2013/0020,Uttarakhand,Bageshwar,UK_BAG_PMGSY_ 20 Chirang Village,29.868472,79.820389,Rock cum Debris Slide 16th-17th June 2013
32002,UK/BAG/53O13/2015/336,Uttarakhand,Bageshwar,,29.868485,79.821005,Debris Slide NA
32003,UK/PAU/53K13/2016/69,Uttarakhand,Pauri Garhwal,Road to Dudharkhal,29.87,78.797,Debris Slide NA
32004,UK/PAU/53K09/2016/158,Uttarakhand,Pauri Garhwal,,29.870075,78.501598,Debris Slide NA
32005,UK/PAU/53K09/2016/132,Uttarakhand,Pauri Garhwal,,29.870247,78.514187,Debris Slide NA
32006,UK/PITH/62C09/2013/0050,Uttarakhand,Pithoragarh,UK/Pith/ TawaghatJauljibi/Vil/BE/0050 Village Tapoban,29.87028,80.55583,Rock cum Debris Slide 16th-17th June 2013
32007,UK/PAU/53K09/2016/173,Uttarakhand,Pauri Garhwal,,29.870463,78.591276,Debris Slide NA
32008,UK/BAG/53O13/2013/0023,Uttarakhand,Bageshwar,UK_BAG_PMGSY_23 Mahatgaon village,29.870889,79.842694,Debris Slump 16th-17th June 2013
32009,UK/PAU/53K09/2016/51,Uttarakhand,Pauri Garhwal,Balsog,29.871163,78.593039,Rock Fall NA
32010,UK/PAU/53K13/2016/73,Uttarakhand,Pauri Garhwal,Road to Dudharkhal,29.871429,78.76241,Rock Slide NA
32011,UK/PAU/53K13/2016/77,Uttarakhand,Pauri Garhwal,Road to Dudharkhal,29.871431,78.753533,Debris Slide NA
32012,UK/PAU/53K13/2016/76,Uttarakhand,Pauri Garhwal,Road to Dudharkhal,29.871733,78.753766,Debris Slide NA
32013,UK/PAU/53K09/2016/179,Uttarakhand,Pauri Garhwal,,29.871857,78.608874,Debris Slide NA
32014,UK/PAU/53K09/2016/75,Uttarakhand,Pauri Garhwal,,29.872021,78.722121,Rock Slide NA
32015,UK/PAU/53K13/2016/74,Uttarakhand,Pauri Garhwal,Road to Dudharkhal,29.872203,78.760867,Debris Slide NA
32016,UK/PAU/53K09/2016/172,Uttarakhand,Pauri Garhwal,,29.872211,78.587204,Rock Slide NA
32017,UK/PITH/62C09/2013/0049,Uttarakhand,Pithoragarh,UK/Pith/ TawaghatJauljibi/Vil/BE/0049 State Highway,29.874741,80.559086,Rock cum Debris Fall 16th-17th June 2013
32018,UK/BAG/53O13/2015/285,Uttarakhand,Bageshwar,,29.872231,79.779256,Debris Slide NA
32019,UK/PAU/53K09/2016/174,Uttarakhand,Pauri Garhwal,,29.873477,78.591181,Debris Slide NA
32020,UK/PAU/53K13/2016/75,Uttarakhand,Pauri Garhwal,Road to Dudharkhal,29.874414,78.757772,Rock Slide NA
32021,UK/PAU/53K09/2016/194,Uttarakhand,Pauri Garhwal,,29.874434,78.518676,Debris Slide NA
32022,UK/PAU/53K09/2016/145,Uttarakhand,Pauri Garhwal,,29.874453,78.514025,Debris Slide NA
32023,UK/BAG/53O13/2015/338,Uttarakhand,Bageshwar,,29.874524,79.876226,Rock Slide 2014
32024,UK/BAG/53O09/2018/2,Uttarakhand,Bageshwar,Patli Patli-Bageshwar,29.874556,79.627722,Rock Fall 2013
32025,UK/BAG/53O13/2013/0025,Uttarakhand,Bageshwar,UK_BAG_PMGSY_ 25 NE of Parai Village on right bank of Pungar nadi,29.874833,79.904528,Rock Slide 16th-17th June 2013
32026,UK/PAU/53K09/2016/170,Uttarakhand,Pauri Garhwal,,29.875063,78.585731,Rock Slide NA
32027,UK/PAU/53K09/2016/187,Uttarakhand,Pauri Garhwal,,29.875524,78.515601,Debris Slide NA
32028,UK/PITH/62C09/2013/0048,Uttarakhand,Pithoragarh,UK/Pith/ TawaghatJauljibi/Vil/BE/0048 Village Dobat,29.87694,80.5625,Debris cum earth Slide 16th-17th June 2013
32029,UK/PAU/53K13/2016/78,Uttarakhand,Pauri Garhwal,Road to Dudharkhal,29.877599,78.752605,Rock Slide NA
32030,UK/PAU/53K05/2016/14,Uttarakhand,Pauri Garhwal,,29.878412,78.449121,Rock Slide NA
32031,UK/BAG/53O13/2013/0024,Uttarakhand,Bageshwar,UK_BAG_PMGSY_ 24 Naghar Village,29.878444,79.898639,Debris Slide 16th-17th June 2013
32032,UK/PAU/53K13/2016/79,Uttarakhand,Pauri Garhwal,Road to Dudharkhal,29.879083,78.75095,Rock Slide NA
32033,UK/PIT/62C09/2020/2,Uttarakhand,Pithoragarh,Tawa Ghat-Dharchula-Gothi,29.88,80.56,Debris Slide 2014
32034,UK/PAU/53K09/2016/171,Uttarakhand,Pauri Garhwal,,29.88012,78.585108,Debris Slide NA
32035,UK/BAG/53O13/2015/339,Uttarakhand,Bageshwar,,29.880266,79.889626,Debris Slide NA
32036,UK/PAU/53K13/2016/80,Uttarakhand,Pauri Garhwal,Road to Dudharkhal,29.880281,78.75037,Rock Slide NA
32037,UK/PAU/53K09/2016/1,Uttarakhand,Pauri Garhwal,Gumkhal ( Lansdown Road),29.880515,78.675259,Rock Slide NA
32038,UK/BAG/53O13/2015/397,Uttarakhand,Bageshwar,,29.880692,79.982155,Rock cum Debris Slide NA
32039,UK/PAU/53K05/2016/11,Uttarakhand,Pauri Garhwal,,29.880709,78.45552,Debris Slide NA
32040,UK/BAG/53O13/2015/387,Uttarakhand,Bageshwar,,29.881444,79.927639,Debris Slide NA
32041,UK/ALM/53O05/2017/15,Uttarakhand,Almora,Tarag Tal,29.881623,79.433404,Debris Flow 2011
32042,UK/PAU/53K09/2016/54,Uttarakhand,Pauri Garhwal,Hatnur,29.88169,78.581074,Rock Slide NA
32043,UK/ALM/53O05/2017/14,Uttarakhand,Almora,Tarag Tal,29.881803,79.433317,Debris Flow 2011
32044,UK/ALM/53O05/2017/16,Uttarakhand,Almora,Tarag Tal,29.881888,79.428333,Rock Slide 2011
32045,UK/PAU/53K09/2016/151,Uttarakhand,Pauri Garhwal,,29.882055,78.611968,Debris Slide NA
32046,UK/PAU/53K09/2016/24,Uttarakhand,Pauri Garhwal,,29.882401,78.746014,Debris Slide NA
32047,UK/ALM/53O05/2017/13,Uttarakhand,Almora,Tarag Tal,29.882454,79.433351,Debris Flow 2011
32048,UK/BAG/62C01/2013/0100,Uttarakhand,Bageshwar,UK_BAG_PMGSY_100 Jalmani bridge over Pungar River near Uttardug village,29.88275,79.969278,Rock Fall and Slide 16th-17th June 2013
32049,UK/PAU/53K13/2016/70,Uttarakhand,Pauri Garhwal,Road to Dudharkhal,29.884811,78.997437,Debris Slide NA
32050,UK/PITH/62C09/2013/0047,Uttarakhand,Pithoragarh,UK/Pith/ Tawaghat-Jauljibi/LS/0047 State Highway,29.885,80.56722,Debris cum earth Slide 16th-17th June 2013
32051,UK/PAU/53K13/2016/91,Uttarakhand,Pauri Garhwal,,29.885176,78.996561,Rock Slide NA
32052,UK/PAU/53K13/2016/90,Uttarakhand,Pauri Garhwal,Road to Bedikhal,29.885663,78.998514,Rock Slide NA
32053,UK/PAU/53K13/2016/89,Uttarakhand,Pauri Garhwal,Road to Bedikhal,29.886083,78.998823,Rock Slide NA
32054,UK/PAU/53K13/2016/92,Uttarakhand,Pauri Garhwal,,29.886144,78.996052,Rock Slide NA
32055,UK/BAG/53O13/2015/395,Uttarakhand,Bageshwar,,29.886612,79.965521,Rock Slide NA
32056,UK/PAU/53K09/2016/74,Uttarakhand,Pauri Garhwal,,29.886802,78.716715,Debris Slide NA
32057,UK/BAG/53O13/2015/388,Uttarakhand,Bageshwar,,29.8875,79.923333,Rock cum Debris Slide NA
32058,UK/BAG/53O13/2015/394,Uttarakhand,Bageshwar,,29.887541,79.963422,Rock Slide NA
32059,UK/PAU/53K05/2016/13,Uttarakhand,Pauri Garhwal,,29.888431,78.456578,Rock cum Debris Flow NA
32060,UK/PAU/53K09/2016/23,Uttarakhand,Pauri Garhwal,,29.888754,78.742424,Rock Fall NA
32061,UK/BAG/53O13/2013/0026,Uttarakhand,Bageshwar,UK_BAG_PMGSY_26 500 m SW of Binari Village,29.889361,79.928861,Rock Slide 16th-17th June 2013
32062,UK/BAG/53O13/2015/389,Uttarakhand,Bageshwar,,29.88944,79.928726,Rock cum Debris Slide NA
32063,UK/PAU/53O01/2017/87,Uttarakhand,Pauri Garhwal,MatelaJogmari road,29.889736,79.065206,Rock Slide 2017
32064,UK/PAU/53K13/2016/96,Uttarakhand,Pauri Garhwal,,29.889837,78.969873,Rock Slide NA
32065,UK/PIT/62C09/2020/1,Uttarakhand,Pithoragarh,Tawa Ghat-Dharchula-Gothi,29.890866,80.569027,Rock Slide 2014
32066,UK/PAU/53K13/2016/88,Uttarakhand,Pauri Garhwal,Road to Bedikhal,29.890322,78.998829,Rock Slide NA
32067,UK/BAG/53O09/2018/1,Uttarakhand,Bageshwar,Kansyari Kansyari-Bageshwar,29.890444,79.659917,Debris Slide 2018
32068,UK/PITH/62C05/2013/0039,Uttarakhand,Pithoragarh,UK/Pith/ Munsyari-Jauljibi/LS/0039 Dharchula village,29.89056,80.32556,Debris cum earth Fall and Flow 16th-17th June 2013
32069,UK/BAG/53O13/2013/0004,Uttarakhand,Bageshwar,UK_BAG_SH-11_ 04 Gwar village,29.890917,79.792306,Rock Slide 16th-17th June 2013
32070,UK/BAG/53O13/2015/286,Uttarakhand,Bageshwar,,29.891433,79.792476,Rock Fall NA
32071,UK/PAU/53K09/2016/131,Uttarakhand,Pauri Garhwal,,29.891444,78.6993,Rock Slide NA
32072,UK/PAU/53O01/2017/88,Uttarakhand,Pauri Garhwal,MatelaJogmari road,29.892045,79.064519,Rock cum debris Subsidence 2017
32073,UK/BAG/53O13/2013/0005,Uttarakhand,Bageshwar,UK_BAG_SH-11_ 05 Deval Chaura Village,29.892139,79.795083,Debris Slide 16th-17th June 2013
32074,UK/PITH/62C05/2013/0038,Uttarakhand,Pithoragarh,UK/Pith/ MunsyariJauljibi/Vil/BE/0038 Lumti(Talla) village,29.8925,80.31806,Debris cum earth Slide 16th-17th June 2013
32075,UK/PAU/53K05/2016/5,Uttarakhand,Pauri Garhwal,,29.893177,78.455382,Rock Slide NA
32076,UK/PAU/53O01/2017/90,Uttarakhand,Pauri Garhwal,MatelaJogmari road,29.893183,79.060203,Rock Slide 2012
32077,UK/PAU/53O01/2017/89,Uttarakhand,Pauri Garhwal,MatelaJogmari road,29.893286,79.06062,Rock Slide 2012
32078,UK/PAU/53K13/2016/87,Uttarakhand,Pauri Garhwal,Road to Bedikhal,29.893486,78.998484,Rock Slide NA
32079,UK/PAU/53K13/2016/95,Uttarakhand,Pauri Garhwal,,29.893843,78.973332,Rock Slide NA
32080,UK/PAU/53O01/2017/86,Uttarakhand,Pauri Garhwal,MatelaJogmari road,29.895239,79.064361,Rock Slide 2016
32081,UK/PIT/62C01/2015/412,Uttarakhand,Pithoragarh,,29.895292,80.032288,Rock Slide NA
32082,UK/PAU/53O01/2017/80,Uttarakhand,Pauri Garhwal,Suraikhet road,29.895765,79.124397,Rock Slide 2016
32083,UK/PAU/53K13/2016/94,Uttarakhand,Pauri Garhwal,,29.896169,78.974821,Rock Slide NA
32084,UK/BAG/53O13/2015/392,Uttarakhand,Bageshwar,,29.896255,79.956947,Rock Slide NA
32085,UK/PAU/53K09/2016/96,Uttarakhand,Pauri Garhwal,,29.896303,78.708126,Debris Slide NA
32086,UK/BAG/53O09/2018/25,Uttarakhand,Bageshwar,Padrapalli Padrapalli-Bageshwar,29.896338,79.748373,Rock Slide 2018
32087,UK/PAU/53O01/2017/84,Uttarakhand,Pauri Garhwal,MatelaJogmari road,29.896417,79.061722,Debris Slide 2015
32088,UK/PAU/53K09/2016/68,Uttarakhand,Pauri Garhwal,,29.896437,78.707455,Debris Slide NA
32089,UK/PAU/53O01/2017/83,Uttarakhand,Pauri Garhwal,MatelaJogmari road,29.896528,79.06038,Debris Slide 2015
32090,UK/PAU/53O01/2017/85,Uttarakhand,Pauri Garhwal,MatelaJogmari road,29.896819,79.06294,Rock Slide 2015
32091,UK/PAU/53K09/2016/48,Uttarakhand,Pauri Garhwal,,29.896822,78.706201,Debris Slide NA
32092,UK/BAG/62C01/2013/0095,Uttarakhand,Bageshwar,UK_BAG_PMGSY_95,29.897306,80.032667,Rock cum Debris Fall 16th-17th June 2013
32093,UK/BAG/62C01/2015/413,Uttarakhand,Bageshwar,,29.89744,80.033033,Rock Slide NA
32094,UK/PAU/53K13/2016/67,Uttarakhand,Pauri Garhwal,Pokhra Road,29.898006,78.858767,Rock Slide NA
32095,UK/BAG/53O13/2015/391,Uttarakhand,Bageshwar,,29.898056,79.937917,Rock Slide NA
32096,UK/PAU/53K13/2016/68,Uttarakhand,Pauri Garhwal,Pokhra Road,29.898067,78.857982,Rock Slide NA
32097,UK/PAU/53K13/2016/66,Uttarakhand,Pauri Garhwal,Pokhra Road,29.898245,78.859359,Debris Slide NA
32098,UK/PAU/53K09/2016/152,Uttarakhand,Pauri Garhwal,,29.898287,78.622077,Rock Slide NA
32099,UK/PAU/53K09/2016/6,Uttarakhand,Pauri Garhwal,,29.898449,78.710885,Rock Fall NA
32100,UK/BAG/53O13/2015/396,Uttarakhand,Bageshwar,,29.898694,79.960556,Debris Slide NA
32101,UK/PAU/53K09/2016/63,Uttarakhand,Pauri Garhwal,,29.898737,78.666637,Rock Slide NA
32102,UK/PAU/53K13/2016/57,Uttarakhand,Pauri Garhwal,Pokhra Road,29.898795,78.900504,Rock Slide NA
32103,UK/BAG/62C01/2015/414,Uttarakhand,Bageshwar,,29.898832,80.03288,Rock Slide NA
32104,UK/PAU/53K13/2016/64,Uttarakhand,Pauri Garhwal,Pokhra Road,29.899,78.861,Debris Slide NA
32105,UK/PAU/53K13/2016/65,Uttarakhand,Pauri Garhwal,Pokhra Road,29.899,78.86,Debris Slide NA
32106,UK/BAG/62C01/2013/0096,Uttarakhand,Bageshwar,UK_BAG_PMGSY_96 1 km short of Dwari,29.89925,80.028028,Rock Slide 16th-17th June 2013
32107,UK/PAU/53K13/2016/99,Uttarakhand,Pauri Garhwal,,29.9,78.915,Rock Slide NA
32108,UK/PAU/53K13/2016/33,Uttarakhand,Pauri Garhwal,,29.900226,78.7794,Rock Slide NA
32109,UK/BAG/53O13/2015/393,Uttarakhand,Bageshwar,,29.900395,79.951006,Rock Slide NA
32110,UK/HAR/53K1/2016/4,Uttarakhand,Haridwar,,29.900437,78.191591,Debris Slide NA
32111,UK/PAU/53O01/2017/82,Uttarakhand,Pauri Garhwal,MatelaJogmari road,29.900482,79.059231,Rock Slide 2016
32112,UK/PAU/53K09/2016/18,Uttarakhand,Pauri Garhwal,,29.900673,78.725642,Debris Slide NA
32113,UK/PAU/53K13/2016/58,Uttarakhand,Pauri Garhwal,Pokhra Road,29.900727,78.898956,Rock Slide NA
32114,UK/PAU/53K09/2016/118,Uttarakhand,Pauri Garhwal,Bagi,29.900767,78.506237,Rock Slide NA
32115,UK/PAU/53K13/2016/34,Uttarakhand,Pauri Garhwal,,29.900853,78.762751,Rock Slide NA
32116,UK/BAG/62C01/2013/0097,Uttarakhand,Bageshwar,UK_BAG_PMGSY_97 0.5 km short of Dwari,29.900861,80.02775,Rock Slide 16th-17th June 2013
32117,UK/PAU/53O01/2017/81,Uttarakhand,Pauri Garhwal,AikukhetSaraikhet road,29.90088,79.056878,Rock Slide 2016
32118,UK/HAR/53K1/2016/2,Uttarakhand,Haridwar,,29.901485,78.181501,Rock Slide NA
32119,UK/PAU/53K13/2016/42,Uttarakhand,Pauri Garhwal,,29.901521,78.833326,Rock Slide NA
32120,UK/PAU/53K13/2016/35,Uttarakhand,Pauri Garhwal,Road to Gadai,29.901611,78.761162,Rock Slide NA
32121,UK/PAU/53K13/2016/62,Uttarakhand,Pauri Garhwal,Pokhra Road,29.901654,78.879128,Rock Slide NA
32122,UK/PITH/62C09/2013/0046,Uttarakhand,Pithoragarh,UK/Pith/ Tawaghat-Jauljibi/LS/0046 State Highway,29.90167,80.57,Rock cum Debris Fall and Flow 16th-17th June 2013
32123,UK/BAG/53O09/2018/26,Uttarakhand,Bageshwar,Harbar Harbar-Baijnath,29.901688,79.741146,Debris Slide 2017
32124,UK/PAU/53K13/2016/63,Uttarakhand,Pauri Garhwal,Pokhra Road,29.901748,78.878753,Rock Slide NA
32125,UK/PAU/53K09/2016/7,Uttarakhand,Pauri Garhwal,Satpuli Malli,29.902383,78.713652,Rock Slide NA
32126,UK/HAR/53K1/2016/3,Uttarakhand,Haridwar,,29.90322,78.197423,Debris Slide NA
32127,UK/BAG/62C01/2013/0099,Uttarakhand,Bageshwar,UK_BAG_PMGSY_99 1 km short of Dwari,29.903222,80.025694,Rock Slide 16th-17th June 2013
32128,UK/PAU/53K13/2016/60,Uttarakhand,Pauri Garhwal,Pokhra Road,29.903226,78.889982,Rock Slide NA
32129,UK/PAU/53K13/2016/40,Uttarakhand,Pauri Garhwal,Road to Sanglakoti,29.90327,78.840159,Rock Slide NA
32130,UK/PITH/62C05/2013/0037,Uttarakhand,Pithoragarh,UK/Pith/ Munsyari-Jauljibi/LS/0037 State Highway,29.90333,80.31528,Rock cum Debris Fall and Flow 16th-17th June 2013
32131,UK/PAU/53K13/2016/41,Uttarakhand,Pauri Garhwal,Road to Sanglokoti,29.903383,78.839916,Rock Slide NA
32132,UK/PAU/53K13/2016/59,Uttarakhand,Pauri Garhwal,Pokhra Road,29.904477,78.891976,Rock Slide NA
32133,UK/PAU/53K13/2016/61,Uttarakhand,Pauri Garhwal,Pokhra Road,29.905,78.885,Debris Flow NA
32134,UK/PAU/53K09/2016/126,Uttarakhand,Pauri Garhwal,,29.905024,78.592605,Rock Slide NA
32135,UK/PITH/62C05/2013/0036,Uttarakhand,Pithoragarh,UK/Pith/ MunsyariJauljibi/Vil/BE/0036 Mori (Talla) village,29.90528,80.31278,Debris cum earth Slide 16th-17th June 2013
32136,UK/PAU/53K13/2016/43,Uttarakhand,Pauri Garhwal,Road to Sanglakoti,29.905394,78.829191,Rock Slide NA
32137,UK/PAU/53K13/2016/29,Uttarakhand,Pauri Garhwal,Road to Nandoli,29.905402,78.816758,Rock Slide NA
32138,UK/PAU/53K13/2016/32,Uttarakhand,Pauri Garhwal,,29.905617,78.798351,Rock Slide NA
32139,UK/PAU/53K13/2016/39,Uttarakhand,Pauri Garhwal,Gadai,29.905712,78.753924,Rock Slide NA
32140,UK/PAU/53K13/2016/159,Uttarakhand,Pauri Garhwal,,29.906165,78.784618,Rock Slide NA
32141,UK/PAU/53O01/2017/91,Uttarakhand,Pauri Garhwal,MatelaJogmari road,29.906565,79.034338,Rock Slide 2012
32142,UK/BAG/62C01/2015/417,Uttarakhand,Bageshwar,,29.906586,80.142172,Rock Fall NA
32143,UK/PAU/53O01/2017/92,Uttarakhand,Pauri Garhwal,MatelaJogmari road,29.906639,79.032722,Rock Slide 2012
32144,UK/BAG/53O13/2015/288,Uttarakhand,Bageshwar,,29.906706,79.813945,Rock Fall NA
32145,UK/PAU/53K13/2016/44,Uttarakhand,Pauri Garhwal,,29.906812,78.830182,Rock Slide NA
32146,UK/PAU/53K13/2016/36,Uttarakhand,Pauri Garhwal,Road Gadai to Kiad,29.906896,78.765509,Rock Slide NA
32147,UK/PAU/53K13/2016/37,Uttarakhand,Pauri Garhwal,Road Gadai to Kiad,29.906918,78.763643,Rock Slide NA
32148,UK/PAU/53K13/2016/46,Uttarakhand,Pauri Garhwal,Road to Sanglakoti,29.906995,78.827942,Rock Slide NA
32149,UK/BAG/62C01/2013/0094,Uttarakhand,Bageshwar,UK_BAG_PMGSY_94,29.907019,80.142056,Debris Slide 16th-17th June 2013
32150,UK/PAU/53K13/2016/38,Uttarakhand,Pauri Garhwal,Road Gadai to Kiad,29.907042,78.760336,Rock Slide NA
32151,UK/PAU/53K13/2016/47,Uttarakhand,Pauri Garhwal,Road to Sanglakoti,29.907145,78.822693,Debris Slide NA
32152,UK/BAG/62C01/2015/420,Uttarakhand,Bageshwar,,29.907198,80.140281,Rock Slide NA
32153,UK/PAU/53K09/2016/156,Uttarakhand,Pauri Garhwal,,29.907242,78.71279,Rock Fall NA
32154,UK/BAG/62C01/2015/419,Uttarakhand,Bageshwar,,29.907355,80.138828,Rock Fall NA
32155,UK/BAG/62C01/2013/0093,Uttarakhand,Bageshwar,UK_BAG_PMGSY_93,29.907472,80.138639,Debris Slide 16th-17th June 2013
32156,UK/PAU/53K13/2016/45,Uttarakhand,Pauri Garhwal,Road to Sanglakoti,29.907595,78.828351,Rock Slide NA
32157,UK/BAG/62C01/2013/0098,Uttarakhand,Bageshwar,UK_BAG_PMGSY_98 Dwari village,29.907611,80.031778,Rock Slide 16th-17th June 2013
32158,UK/BAG/62C01/2013/0092,Uttarakhand,Bageshwar,UK_BAG_PMGSY_92 Along the road section downslope of Kismila-Machhera village,29.907639,80.133333,Debris Slide 16th-17th June 2013
32159,UK/BAG/62C01/2015/418,Uttarakhand,Bageshwar,,29.907742,80.132416,Rock Fall NA
32160,UK/BAG/53O13/2015/355,Uttarakhand,Bageshwar,,29.907917,79.941694,Rock cum Debris Slide NA
32161,UK/PAU/53O01/2017/71,Uttarakhand,Pauri Garhwal,Thanga Bichla,29.908345,79.016021,Rock Slide 2012
32162,UK/PAU/53K13/2016/158,Uttarakhand,Pauri Garhwal,,29.908378,78.814331,Rock Slide NA
32163,UK/PAU/53K13/2016/160,Uttarakhand,Pauri Garhwal,,29.908426,78.785802,Rock Slide NA
32164,UK/BAG/62C01/2013/0091,Uttarakhand,Bageshwar,UK_BAG_PMGSY_91 Near Kheti village,29.908611,80.130389,Rock cum Debris Flow 16th-17th June 2013
32165,UK/PAU/53K13/2016/83,Uttarakhand,Pauri Garhwal,Road to Nauli,29.908612,78.813795,Rock Slide NA
32166,UK/PAU/53K09/2016/17,Uttarakhand,Pauri Garhwal,Satpuli,29.908631,78.713455,Rock Slide NA
32167,UK/BAG/53O13/2015/287,Uttarakhand,Bageshwar,,29.909028,79.819461,Rock cum Debris Slide NA
32168,UK/BAG/53O09/2018/4,Uttarakhand,Bageshwar,Aana Aana-Baijnath,29.909042,79.59222,Debris Slide 2017
32169,UK/HAR/53K1/2016/6,Uttarakhand,Haridwar,,29.909234,78.18456,Rock Slide NA
32170,UK/BAG/62C01/2013/0090,Uttarakhand,Bageshwar,UK_BAG_PMGSY_90 Kheti Slides along the left bank.,29.909417,80.128194,Rock cum Debris Slide 16th-17th June 2013
32171,UK/BAG/62C01/2015/421,Uttarakhand,Bageshwar,,29.909697,80.159628,Rock Slide NA
32172,UK/BAG/62C01/2015/422,Uttarakhand,Bageshwar,,29.909697,80.159628,Rock Slide NA
32173,UK/PAU/53K09/2016/153,Uttarakhand,Pauri Garhwal,,29.909702,78.635017,Rock Slide NA
32174,UK/BAG/62C01/2013/0089,Uttarakhand,Bageshwar,UK_BAG_PMGSY_89 SSE of Bhalori and SW of Kheti villages.,29.910083,80.126111,Rock cum Debris Slide 16th-17th June 2013
32175,UK/PAU/53K13/2016/30,Uttarakhand,Pauri Garhwal,,29.910203,78.810171,Rock Slide NA
32176,UK/PAU/53K13/2016/162,Uttarakhand,Pauri Garhwal,,29.910246,78.790721,Rock Slide NA
32177,UK/PAU/53K13/2016/161,Uttarakhand,Pauri Garhwal,,29.910667,78.788084,Rock Slide NA
32178,UK/BAG/53O13/2013/0065,Uttarakhand,Bageshwar,UK_BAG_PMGSY_65 Harsila on right bank of the Saryu River,29.910917,79.819917,Earth Slide 16th-17th June 2013
32179,UK/HAR/53K1/2016/5,Uttarakhand,Haridwar,,29.911128,78.190271,Debris Slide NA
32180,UK/PAU/53K13/2016/97,Uttarakhand,Pauri Garhwal,Road to Sanglakoti,29.911575,78.81113,Rock Slide NA
32181,UK/ALM/53O05/2017/52,Uttarakhand,Almora,Bhatwari,29.911727,79.28194,Debris Slide 2016
32182,UK/ALM/53O05/2017/1,Uttarakhand,Almora,Ramganga Nadi,29.911727,79.417462,Debris Slide 2006
32183,UK/PAU/53K13/2016/28,Uttarakhand,Pauri Garhwal,,29.911808,78.810917,Rock Slide NA
32184,UK/BAG/53O13/2013/0064,Uttarakhand,Bageshwar,UK_BAG_PMGSY_64 Right bank of Kanal Gad,29.911889,79.809278,Rock Fall 16th-17th June 2013
32185,UK/ALM/53O05/2017/2,Uttarakhand,Almora,Ramganga Nadi,29.911984,79.417765,Debris Slide 2006
32186,UK/PAU/53O01/2017/70,Uttarakhand,Pauri Garhwal,BaijroChokhalBungidhar Marg,29.912203,79.034292,Rock Slide 2011
32187,UK/BAG/53O13/2015/402,Uttarakhand,Bageshwar,,29.912545,79.811848,Debris Slide NA
32188,UK/ALM/53O05/2017/50,Uttarakhand,Almora,ThanigaonMarbukhal road,29.912832,79.326544,Debris Flow 2014
32189,UK/BAG/62C01/2013/0088,Uttarakhand,Bageshwar,UK_BAG_PMGSY_88 Right Bank of Mehar Gad,29.913639,80.119111,Debris Slide 16th-17th June 2013
32190,UK/BAG/62C01/2013/0087,Uttarakhand,Bageshwar,UK_BAG_PMGSY_87 Sukhchauna on left bank of the Mehar Gad,29.913806,80.118694,Rock Fall 16th-17th June 2013
32191,UK/ALM/53O05/2017/3,Uttarakhand,Almora,Ramganga Nadi,29.913858,79.420476,Debris Slide NA
32192,UK/BAG/62C01/2015/416,Uttarakhand,Bageshwar,,29.913889,80.038889,Rock cum Debris Slide NA
32193,UK/PAU/53O01/2017/72,Uttarakhand,Pauri Garhwal,Purvi Nayar river,29.913905,79.033629,Rock Slide 2012
32194,UK/ALM/53O05/2017/51,Uttarakhand,Almora,Bhatwari,29.914023,79.288127,Rock Slide 2016
32195,UK/PAU/53K10/2016/2,Uttarakhand,Pauri Garhwal,,29.914095,78.711847,Rock Fall NA
32196,UK/PAU/53K05/2016/22,Uttarakhand,Pauri Garhwal,,29.914207,78.492254,Debris Slide NA
32197,UK/PAU/53K05/2016/37,Uttarakhand,Pauri Garhwal,,29.914489,78.394409,Rock Fall NA
32198,UK/ALM/53O05/2017/4,Uttarakhand,Almora,Ramganga Nadi,29.914575,79.418203,Debris Slide 2012
32199,UK/PAU/53O01/2017/73,Uttarakhand,Pauri Garhwal,BaijroChokhalBungidhar Marg,29.914817,79.037974,Debris Slide 2017
32200,UK/BAG/53O13/2015/390,Uttarakhand,Bageshwar,,29.914853,79.967175,Rock cum Debris Slide NA
32201,UK/PAU/53O01/2017/74,Uttarakhand,Pauri Garhwal,BaijroChokhalBungidhar Marg,29.914931,79.039605,Rock Slide 2012
32202,UK/PAU/53K09/2016/52,Uttarakhand,Pauri Garhwal,Kritikal,29.91496,78.654361,Debris Slide NA
32203,UK/PAU/53K09/2016/93,Uttarakhand,Pauri Garhwal,Dhanda,29.915017,78.742328,Rock Slide NA
32204,UK/PAU/53K13/2016/31,Uttarakhand,Pauri Garhwal,road to Rithakhal,29.91541,78.806832,Rock Slide NA
32205,UK/PIT/62C01/2015/423,Uttarakhand,Pithoragarh,,29.915419,80.161789,Rock Slide NA
32206,UK/PAU/53K13/2016/163,Uttarakhand,Pauri Garhwal,,29.91592,78.794933,Rock Slide NA
32207,UK/PAU/53K13/2016/27,Uttarakhand,Pauri Garhwal,,29.916,78.812,Debris Slide NA
32208,UK/BAG/62C01/2015/415,Uttarakhand,Bageshwar,,29.916111,80.035,Rock cum Debris Slide NA
32209,UK/ALM/53O05/2017/49,Uttarakhand,Almora,ThanigaonMarbukhal road,29.916289,79.326608,Rock Slide 2014
32210,UK/BAG/53O09/2018/3,Uttarakhand,Bageshwar,Bimola Bimola-Baijnath,29.916483,79.599998,Soil Slide 2018
32211,UK/BAG/53O13/2015/320,Uttarakhand,Bageshwar,,29.916485,79.806394,Debris Slide NA
32212,UK/PIT/62C01/2015/426,Uttarakhand,Pithoragarh,,29.916667,80.157778,Rock Slide NA
32213,UK/BAG/53O13/2015/403,Uttarakhand,Bageshwar,,29.91675,79.810639,Debris Slide NA
32214,UK/ALM/53O05/2017/48,Uttarakhand,Almora,ThanigaonMarbukhal road,29.916883,79.326221,Debris Flow 2014
32215,UK/PAU/53K13/2016/26,Uttarakhand,Pauri Garhwal,,29.917,78.829,Rock Slide NA
32216,UK/BAG/53O13/2013/0063,Uttarakhand,Bageshwar,UK_BAG_PMGSY_63 Left bank of Kanal Gad,29.917028,79.800139,Rock cum Debris Slide 16th-17th June 2013
32217,UK/BAG/53O13/2013/0062,Uttarakhand,Bageshwar,UK_BAG_PMGSY_62 Bhitalgaon (Kum Gad near the confluence with Kanyal Gad),29.917389,79.799194,Debris Slide 16th-17th June 2013
32218,UK/BAG/62C01/2015/425,Uttarakhand,Bageshwar,,29.917513,80.147943,Rock Slide NA
32219,UK/PAU/53K13/2016/25,Uttarakhand,Pauri Garhwal,,29.918,78.811,Rock Slide NA
32220,UK/PAU/53K10/2016/1,Uttarakhand,Pauri Garhwal,,29.918065,78.676453,Rock Fall NA
32221,UK/BAG/53O13/2015/319,Uttarakhand,Bageshwar,,29.918146,79.803131,Debris Slide NA
32222,UK/BAG/53O13/2013/0060,Uttarakhand,Bageshwar,UK_BAG_PMGSY_60 On left bank of the Kanal Gad,29.918417,79.7895,Rock Slide 16th-17th June 2013
32223,UK/ALM/53O05/2017/36,Uttarakhand,Almora,Badgiyal Gaon Reserve Forest,29.918425,79.192952,Rock Fall 2012
32224,UK/BAG/53O13/2013/0061,Uttarakhand,Bageshwar,UK_BAG_PMGSY_61 Village Chachai,29.918444,79.794833,Debris Slide 16th-17th June 2013
32225,UK/ALM/53O05/2017/6,Uttarakhand,Almora,Ramganga Nadi,29.918456,79.418316,Debris Slide 2012
32226,UK/PAU/53K09/2016/181,Uttarakhand,Pauri Garhwal,,29.918462,78.543596,Rock Slide NA
32227,UK/PAU/53K09/2016/125,Uttarakhand,Pauri Garhwal,S of Kunti village,29.918732,78.59211,Debris Slide NA
32228,UK/PAU/53K09/2016/128,Uttarakhand,Pauri Garhwal,,29.918965,78.618338,Debris Subsidence NA
32229,UK/ALM/53O05/2017/5,Uttarakhand,Almora,Ramganga Nadi,29.91909,79.417782,Debris Flow 2012
32230,UK/PAU/53K09/2016/155,Uttarakhand,Pauri Garhwal,,29.919303,78.538402,Rock Slide NA
32231,UK/ALM/53O05/2017/35,Uttarakhand,Almora,Badgiyal Gaon Reserve Forest,29.919407,79.192601,Rock Slide 2012
32232,UK/PAU/53O01/2017/76,Uttarakhand,Pauri Garhwal,BaijroChokhalBungidhar Marg,29.91989,79.062969,Rock Slide 2013
32233,UK/PAU/53K13/2016/164,Uttarakhand,Pauri Garhwal,,29.919963,78.798512,Rock Slide NA
32234,UK/BAG/62C01/2013/0086,Uttarakhand,Bageshwar,UK_BAG_PMGSY_86 Right bank of Mehar Gad,29.920056,80.108361,Rock Flow 16th-17th June 2013
32235,UK/BAG/62C01/2013/0085,Uttarakhand,Bageshwar,UK_BAG_PMGSY_85 On right bank of Mehar Gad,29.920167,80.101056,Debris Flow 16th-17th June 2013
32236,UK/PAU/53K09/2016/180,Uttarakhand,Pauri Garhwal,,29.920376,78.552631,Rock Slide NA
32237,UK/PAU/53K13/2016/165,Uttarakhand,Pauri Garhwal,,29.92038,78.798214,Rock Slide NA
32238,UK/BAG/62C01/2013/0084,Uttarakhand,Bageshwar,UK_BAG_PMGSY_84 Chetabagar Village,29.920583,80.099194,Debris Flow 16th-17th June 2013
32239,UK/BAG/53O13/2015/322,Uttarakhand,Bageshwar,,29.920775,79.790417,Rock Fall NA
32240,UK/PAU/53K13/2016/100,Uttarakhand,Pauri Garhwal,,29.920844,78.808976,Rock Slide NA
32241,UK/PAU/53K13/2016/166,Uttarakhand,Pauri Garhwal,,29.920875,78.798426,Rock Slide NA
32242,UK/PAU/53K05/2016/38,Uttarakhand,Pauri Garhwal,,29.921112,78.430056,Debris Slide NA
32243,UK/PAU/53O01/2017/77,Uttarakhand,Pauri Garhwal,BaijroChokhalBungidhar Marg,29.921241,79.06579,Rock Slide 2012
32244,UK/PAU/53K09/2016/149,Uttarakhand,Pauri Garhwal,,29.92133,78.618524,Debris Slide NA
32245,UK/PAU/53K05/2016/39,Uttarakhand,Pauri Garhwal,,29.921799,78.439054,Debris Slide NA
32246,UK/PAU/53K13/2016/167,Uttarakhand,Pauri Garhwal,,29.922119,78.79868,Rock Slide NA
32247,UK/ALM/53O05/2017/46,Uttarakhand,Almora,ThanigaonMarbukhal road,29.922513,79.317131,Debris Slide 2014
32248,UK/ALM/53O05/2017/45,Uttarakhand,Almora,ThanigaonMarbukhal road,29.922569,79.315115,Debris Slide 2014
32249,UK/BAG/53O13/2015/321,Uttarakhand,Bageshwar,,29.922746,79.797079,Rock cum Debris Slide NA
32250,UK/BAG/53O13/2015/295,Uttarakhand,Bageshwar,,29.922805,79.87605,Rock cum Debris Slide NA
32251,UK/PAU/53K09/2016/146,Uttarakhand,Pauri Garhwal,,29.923148,78.620333,Debris Slide NA
32252,UK/ALM/53O05/2017/47,Uttarakhand,Almora,ThanigaonMarbukhal road,29.923497,79.318706,Debris Slide 2014
32253,UK/PAU/53K09/2016/136,Uttarakhand,Pauri Garhwal,Hiyunlag,29.923554,78.513504,Rock cum Debris Slide NA
32254,UK/PAU/53K09/2016/104,Uttarakhand,Pauri Garhwal,NH532,29.924167,78.716123,Debris Slide NA
32255,UK/PAU/53K09/2016/64,Uttarakhand,Pauri Garhwal,Kalauri,29.92417,78.622268,Debris Slide NA
32256,UK/PAU/53O01/2017/75,Uttarakhand,Pauri Garhwal,Matela,29.924206,79.043311,Rock Slide 2012
32257,UK/PAU/53K09/2016/147,Uttarakhand,Pauri Garhwal,,29.92479,78.62064,Debris Flow NA
32258,UK/PAU/53K09/2016/148,Uttarakhand,Pauri Garhwal,,29.925336,78.619149,Debris Slide NA
32259,UK/PITH/62C05/2013/0035,Uttarakhand,Pithoragarh,UK/Pith/ Munsayri-Jauljibi/LS/0035 State Highway,29.92556,80.30444,Rock cum Debris Fall 16th-17th June 2013
32260,UK/PAU/53K13/2016/48,Uttarakhand,Pauri Garhwal,Road to Dewalikhal,29.92651,78.874579,Rock Slide NA
32261,UK/PAU/53K09/2016/124,Uttarakhand,Pauri Garhwal,,29.926676,78.58882,Debris Slide NA
32262,UK/PAU/53K13/2016/49,Uttarakhand,Pauri Garhwal,Road to Dewalikhal,29.927295,78.875508,Rock Slide NA
32263,UK/PAU/53K09/2016/144,Uttarakhand,Pauri Garhwal,,29.927341,78.591088,Debris Slide NA
32264,UK/ALM/53O05/2017/34,Uttarakhand,Almora,Samaya,29.927586,79.18071,Rock Slide 2012
32265,UK/PAU/53K05/2016/33,Uttarakhand,Pauri Garhwal,,29.927936,78.391041,Debris Slide NA
32266,UK/ALM/53O05/2017/7,Uttarakhand,Almora,Ramganga Nadi,29.928281,79.416141,Debris Flow NA
32267,UK/PAU/53K09/2016/123,Uttarakhand,Pauri Garhwal,,29.928712,78.589905,Debris Slide NA
32268,UK/PAU/53K13/2016/50,Uttarakhand,Pauri Garhwal,,29.929447,78.875234,Debris Slide NA
32269,UK/PAU/53K09/2016/143,Uttarakhand,Pauri Garhwal,,29.929465,78.591501,Rock Slide NA
32270,UK/BAG/53O13/2015/323,Uttarakhand,Bageshwar,,29.929722,79.805,Rock cum Debris Slide NA
32271,UK/PAU/53K09/2016/183,Uttarakhand,Pauri Garhwal,Dwarikal,29.929802,78.630512,Rock Slide NA
32272,UK/PAU/53K05/2016/36,Uttarakhand,Pauri Garhwal,,29.930187,78.487801,Rock Slide NA
32273,UK/PIT/62C01/2015/424,Uttarakhand,Pithoragarh,,29.930675,80.157842,Rock Slide NA
32274,UK/BAG/53O13/2013/0059,Uttarakhand,Bageshwar,UK_BAG_PMGSY_59 Opposite of Kanyalikot Govt. Inter College located on the Left bank of Kanal Gad,29.930778,79.771028,Debris Slide 16th-17th June 2013
32275,UK/ALM/53O05/2017/8,Uttarakhand,Almora,Ramganga Nadi,29.931515,79.414375,Debris Slide NA
32276,UK/PAU/53K05/2016/32,Uttarakhand,Pauri Garhwal,Paranda,29.931655,78.487194,Rock Slide NA
32277,UK/PAU/53K05/2016/30,Uttarakhand,Pauri Garhwal,Bissi,29.932207,78.478068,Debris Slide NA
32278,UK/ALM/53O05/2017/28,Uttarakhand,Almora,UphrainkhalPawantoli road,29.932496,79.126407,Rock Slide 2014
32279,UK/PAU/53K09/2016/122,Uttarakhand,Pauri Garhwal,,29.932832,78.591494,Rock Slide NA
32280,UK/ALM/53O05/2017/29,Uttarakhand,Almora,UphrainkhalPawantoli road,29.932907,79.126607,Rock Slide 2014
32281,UK/PAU/53K13/2016/53,Uttarakhand,Pauri Garhwal,Road to Dewalikhal,29.933576,78.874352,Debris Slide NA
32282,UK/PAU/53K09/2016/112,Uttarakhand,Pauri Garhwal,NH532,29.933652,78.740579,Debris Slide NA
32283,UK/PAU/53K09/2016/121,Uttarakhand,Pauri Garhwal,,29.933772,78.591131,Debris Slide NA
32284,UK/ALM/53O05/2017/69,Uttarakhand,Almora,Near Totalgaon,29.933922,79.356805,Debris Slide 2012
32285,UK/PIT/62C01/2015/427,Uttarakhand,Pithoragarh,,29.934192,80.147296,Rock cum Debris Slide NA
32286,UK/PAU/53K09/2016/177,Uttarakhand,Pauri Garhwal,,29.934366,78.590789,Rock cum Debris Slide NA
32287,UK/PAU/53K13/2016/51,Uttarakhand,Pauri Garhwal,Road to Dewalikhal,29.934438,78.875785,Debris Slide NA
32288,UK/ALM/53O05/2017/54,Uttarakhand,Almora,Forest,29.934638,79.403016,Rock Slide 2014
32289,UK/PAU/53K13/2016/52,Uttarakhand,Pauri Garhwal,Road to Dewalikhal,29.934964,78.875247,Rock Slide NA
32290,UK/PAU/53K09/2016/178,Uttarakhand,Pauri Garhwal,,29.934976,78.591151,Rock cum Debris Slide NA
32291,UK/PAU/53K09/2016/141,Uttarakhand,Pauri Garhwal,,29.935013,78.602434,Debris Flow NA
32292,UK/ALM/53O05/2017/44,Uttarakhand,Almora,Sungari,29.935225,79.335266,Debris Flow NA
32293,UK/PAU/53O01/2017/50,Uttarakhand,Pauri Garhwal,DhaundThapla road,29.935274,79.070718,Rock Slide 2013
32294,UK/PAU/53K05/2016/31,Uttarakhand,Pauri Garhwal,Chobra,29.935466,78.477362,Rock Slide NA
32295,UK/PAU/53K09/2016/114,Uttarakhand,Pauri Garhwal,Baunsal NH532,29.935625,78.744499,Debris Slide NA
32296,UK/BAG/53O13/2013/0058,Uttarakhand,Bageshwar,UK_BAG_PMGSY_ 58 Ghanshyam Nagri. Right bank of Kanal Gad.,29.937611,79.765083,Rock Slide 16th-17th June 2013
32297,UK/ALM/53O05/2017/43,Uttarakhand,Almora,NH87,29.937738,79.346233,Debris Flow 2014
32298,UK/BAG/53O09/2018/41,Uttarakhand,Bageshwar,Simlekh Simlekh-Bageshwar,29.938074,79.561722,Rock Topple 2015
32299,UK/PAU/53K09/2016/142,Uttarakhand,Pauri Garhwal,,29.938392,78.595355,Rock cum Debris Slide NA
32300,UK/ALM/53O05/2017/30,Uttarakhand,Almora,UphrainkhalPawantoli road,29.938494,79.131991,Rock Fall 2015
32301,UK/ALM/53O05/2017/31,Uttarakhand,Almora,UphrainkhalPawantoli road,29.939061,79.131868,Rock Fall 2015
32302,UK/PAU/53K09/2016/120,Uttarakhand,Pauri Garhwal,,29.939591,78.600457,Debris Slide NA
32303,UK/PIT/62C09/2020/10,Uttarakhand,Pithoragarh,Tawa Ghat-Dharchula-Gothi,29.94,80.58,Rock Slide 2014
32304,UK/PAU/53K13/2016/24,Uttarakhand,Pauri Garhwal,,29.940325,78.753746,Rock Slide NA
32305,UK/PAU/53K09/2016/162,Uttarakhand,Pauri Garhwal,Near Ramjiwala,29.940513,78.368992,Debris Slide NA
32306,UK/PAU/53K05/2016/35,Uttarakhand,Pauri Garhwal,,29.940841,78.484013,Debris Slide NA
32307,UK/PAU/53K09/2016/182,Uttarakhand,Pauri Garhwal,kimsar,29.941021,78.358445,Rock Slide NA
32308,UK/PAU/53O01/2017/78,Uttarakhand,Pauri Garhwal,Suraikhet road,29.941097,79.097696,Rock Slide 2012
32309,UK/PAU/53O01/2017/48,Uttarakhand,Pauri Garhwal,Gurufali road,29.941285,79.076401,Rock Slide 2014
32310,UK/BAG/62C01/2015/428,Uttarakhand,Bageshwar,,29.941667,80.141389,Rock Slide NA
32311,UK/PAU/53O01/2017/49,Uttarakhand,Pauri Garhwal,Gurufali road,29.941733,79.07616,Debris Flow 2014
32312,UK/CHA/53O05/2017/61,Uttarakhand,Chamoli,Forest,29.941886,79.332523,Rock cum debris Slide 2012
32313,UK/ALM/53O05/2017/33,Uttarakhand,Almora,Samaya,29.942124,79.173022,Debris Flow 2012
32314,UK/PAU/53K05/2016/34,Uttarakhand,Pauri Garhwal,,29.942171,78.482875,Debris Slide NA
32315,UK/PAU/53O01/2017/47,Uttarakhand,Pauri Garhwal,Gurufali road,29.942611,79.077556,Rock Slide 2012
32316,UK/PAU/53K09/2016/135,Uttarakhand,Pauri Garhwal,,29.942676,78.510382,Debris Subsidence NA
32317,UK/PAU/53K09/2016/119,Uttarakhand,Pauri Garhwal,,29.942949,78.599987,Rock Slide NA
32318,UK/PAU/53K09/2016/154,Uttarakhand,Pauri Garhwal,,29.943208,78.578758,Debris Slide NA
32319,UK/PAU/53O01/2017/51,Uttarakhand,Pauri Garhwal,DhaundThapla road,29.943316,79.054447,Rock Slide 2011
32320,UK/CHA/53O05/2017/62,Uttarakhand,Chamoli,Forest,29.943367,79.329094,Rock cum debris Slide 2012
32321,UK/CHA/53O05/2017/63,Uttarakhand,Chamoli,Forest,29.943427,79.328566,Rock cum debris Slide 2012
32322,UK/PAU/53K05/2016/29,Uttarakhand,Pauri Garhwal,,29.943743,78.477895,Rock Slide NA
32323,UK/PAU/53K13/2016/115,Uttarakhand,Pauri Garhwal,,29.943962,78.752005,Rock Slide NA
32324,UK/PAU/53K09/2016/108,Uttarakhand,Pauri Garhwal,,29.943978,78.696936,Debris Slide NA
32325,UK/PAU/53K13/2016/116,Uttarakhand,Pauri Garhwal,,29.944139,78.752408,Rock Slide NA
32326,UK/PAU/53O01/2017/45,Uttarakhand,Pauri Garhwal,Chopta,29.944569,79.078828,Rock Slide 2012
32327,UK/PAU/53K13/2016/23,Uttarakhand,Pauri Garhwal,,29.944803,78.755218,Rock Slide NA
32328,UK/PAU/53K09/2016/134,Uttarakhand,Pauri Garhwal,,29.945136,78.509719,Rock cum Debris Subsidence NA
32329,UK/PAU/53K05/2016/28,Uttarakhand,Pauri Garhwal,,29.945477,78.481843,Debris Slide NA
32330,UK/PAU/53K13/2016/22,Uttarakhand,Pauri Garhwal,,29.945559,78.755763,Debris Slide NA
32331,UK/PAU/53K13/2016/54,Uttarakhand,Pauri Garhwal,Road to Devrajkhal to Chaubutta khal,29.945574,78.879838,Rock Slide NA
32332,UK/CHA/53O05/2017/64,Uttarakhand,Chamoli,kunigad,29.945739,79.314079,Rock cum debris Slide 2014
32333,UK/PAU/53O01/2017/46,Uttarakhand,Pauri Garhwal,Chopta,29.945901,79.079346,Rock Slide 2012
32334,UK/ALM/53O05/2017/71,Uttarakhand,Almora,Lambabagar,29.946596,79.422115,Rock cum debris Slide 2014
32335,UK/PAU/53K13/2016/55,Uttarakhand,Pauri Garhwal,Road to Devrajkhal to Chaubutta khal,29.946769,78.878202,Debris Slide NA
32336,UK/CHA/53O05/2017/9,Uttarakhand,Chamoli,Ramganga Nadi,29.946969,79.414909,Debris Slide NA
32337,UK/PAU/53K13/2016/56,Uttarakhand,Pauri Garhwal,Road to Devrajkhal to Chaubutta khal,29.947484,78.877787,Debris Slide NA
32338,UK/PITH/62C05/2013/0034,Uttarakhand,Pithoragarh,UK/Pith/MunsyariJauljibi/Vil/BE/0034 Chhoribagar village,29.94833,80.30222,Rock cum Debris Slide 16th-17th June 2013
32339,UK/BAG/62C01/2015/432,Uttarakhand,Bageshwar,,29.948645,80.110252,Rock Fall NA
32340,UK/PAU/53K09/2016/192,Uttarakhand,Pauri Garhwal,,29.948653,78.519179,Debris Slide NA
32341,UK/PAU/53K09/2016/190,Uttarakhand,Pauri Garhwal,Gorla,29.949645,78.518658,Debris Slide NA
32342,UK/PIT/62C09/2020/3,Uttarakhand,Pithoragarh,Tawa Ghat-Dharchula-Gothi,29.95,80.59,Rock Slide 2014
32343,UK/PAU/53K09/2016/191,Uttarakhand,Pauri Garhwal,,29.950062,78.51842,Rock Slide NA
32344,UK/ALM/53O05/2017/18,Uttarakhand,Almora,Pathaun,29.950629,79.195611,Rock Slide 2016
32345,UK/ALM/53O05/2017/32,Uttarakhand,Almora,UphrainkhalPawantoli road,29.950771,79.144473,Debris Slide 2011
32346,UK/BAG/53O09/2018/39,Uttarakhand,Bageshwar,Dhola gaon Dhola gaon-Baijnath,29.950811,79.586865,Soil Slide 2018
32347,UK/ALM/53O05/2017/19,Uttarakhand,Almora,Pathaun,29.951374,79.195501,Rock Slide 2016
32348,UK/BAG/53O13/2015/297,Uttarakhand,Bageshwar,,29.951444,79.887278,Rock Slide NA
32349,UK/PAU/53K09/2016/110,Uttarakhand,Pauri Garhwal,,29.951466,78.674156,Rock Slide NA
32350,UK/PAU/53K09/2016/109,Uttarakhand,Pauri Garhwal,,29.951675,78.712016,Debris Slide NA
32351,UK/PAU/53K09/2016/113,Uttarakhand,Pauri Garhwal,,29.95175,78.681132,Rock Slide NA
32352,UK/PAU/53K09/2016/106,Uttarakhand,Pauri Garhwal,,29.952011,78.67307,Debris Slide NA
32353,UK/ALM/53O05/2017/20,Uttarakhand,Almora,Pathaun,29.952047,79.19577,Debris Slide 2016
32354,UK/PAU/53O01/2017/69,Uttarakhand,Pauri Garhwal,NH121,29.952097,79.02299,Debris Slide 2012
32355,UK/PITH/62C09/2013/0044,Uttarakhand,Pithoragarh,UK/Pith/ Tawaghat-Jauljibi/LS/0044 State Highway,29.955224,80.589653,Rock cum Debris Fall and Flow 16th-17th June 2013
32356,UK/ALM/53O05/2017/37,Uttarakhand,Almora,Ramganga Nadi,29.952301,79.371902,Rock Slide 2014
32357,UK/PAU/53K09/2016/95,Uttarakhand,Pauri Garhwal,,29.952988,78.671705,Debris Slide NA
32358,UK/PAU/53K09/2016/99,Uttarakhand,Pauri Garhwal,,29.953286,78.718318,Rock Slide NA
32359,UK/BAG/53O09/2018/30,Uttarakhand,Bageshwar,Jakhedu Jakhedu-Baijnath,29.953361,79.699139,Rock Slide 2015
32360,UK/CHA/53O05/2017/76,Uttarakhand,Chamoli,Kalyan talla,29.953439,79.29897,Rock cum debris Slide 2017
32361,UK/CHA/53O05/2017/70,Uttarakhand,Chamoli,Lambari,29.95352,79.258681,Rock cum debris Slide 2011
32362,UK/PAU/53K09/2016/117,Uttarakhand,Pauri Garhwal,Mandalu,29.95368,78.516603,Rock Slide NA
32363,UK/BAG/53O13/2015/399,Uttarakhand,Bageshwar,,29.953788,79.943477,Rock Slide NA
32364,UK/BAG/62C01/2015/436,Uttarakhand,Bageshwar,,29.954114,80.099636,Rock Fall NA
32365,UK/PIT/62C01/2015/431,Uttarakhand,Pithoragarh,,29.9542,80.131119,Rock Fall NA
32366,UK/PIT/62C01/2015/430,Uttarakhand,Pithoragarh,,29.955352,80.126755,Rock Fall NA
32367,UK/BAG/62C01/2015/433,Uttarakhand,Bageshwar,,29.955786,80.107116,Rock Fall NA
32368,UK/PAU/53K09/2016/39,Uttarakhand,Pauri Garhwal,,29.956144,78.160094,Rock Slide NA
32369,UK/ALM/53O05/2017/41,Uttarakhand,Almora,NH87,29.956183,79.342251,Debris Slide 2015
32370,UK/ALM/53O05/2017/21,Uttarakhand,Almora,Pathaun,29.956264,79.195922,Debris Slide 2009
32371,UK/PAU/53K09/2016/101,Uttarakhand,Pauri Garhwal,,29.956919,78.69335,Debris Slide NA
32372,UK/BAG/53O13/2015/404,Uttarakhand,Bageshwar,,29.957066,79.823482,Rock Slide NA
32373,UK/PAU/53K09/2016/97,Uttarakhand,Pauri Garhwal,,29.957242,78.69114,Debris Slide NA
32374,UK/PAU/53K09/2016/176,Uttarakhand,Pauri Garhwal,Mandalu,29.957535,78.530101,Debris Slide NA
32375,UK/PAU/53K09/2016/33,Uttarakhand,Pauri Garhwal,,29.957634,78.165672,Rock Slide NA
32376,UK/BAG/53O13/2015/405,Uttarakhand,Bageshwar,,29.957778,79.82,Rock Slide NA
32377,UK/PAU/53K05/2016/27,Uttarakhand,Pauri Garhwal,,29.957782,78.490921,Rock Slide NA
32378,UK/ALM/53O05/2017/42,Uttarakhand,Almora,NH87,29.958029,79.339867,Debris Flow 2015
32379,UK/PITH/62C09/2013/0043,Uttarakhand,Pithoragarh,UK/Pith/ TawaghatJauljibi/Vil/BE/0043 Village Tawaghat,29.95806,80.60083,Rock cum Debris Slide 16th-17th June 2013
32380,UK/BAG/53O13/2013/0018,Uttarakhand,Bageshwar,UK_BAG_SH-40_ 18 South of Jhusiathaura village,29.958222,79.992417,Earth Slump 16th-17th June 2013
32381,UK/BAG/53O13/2015/400,Uttarakhand,Bageshwar,,29.958225,79.971778,Rock Fall NA
32382,UK/PITH/62C05/2013/0032,Uttarakhand,Pithoragarh,UK/Pith/ Munsyari-Jauljibi/LS/0032 State Highway,29.95833,80.30472,Rock cum Debris Fall 16th-17th June 2013
32383,UK/PITH/62C05/2013/0033,Uttarakhand,Pithoragarh,UK/Pith/ MunsyariJauljibi/Vil/BE/0033 Bangapani village,29.95833,80.30472,Earth Slide 16th-17th June 2013
32384,UK/PAU/53K05/2016/20,Uttarakhand,Pauri Garhwal,Banchuri,29.958431,78.489041,Rock Slide NA
32385,UK/PIT/62C01/2015/434,Uttarakhand,Pithoragarh,,29.958482,80.119166,Rock Fall NA
32386,UK/BAG/53O13/2015/401,Uttarakhand,Bageshwar,,29.959,79.993944,Rock cum Debris Slide NA
32387,UK/PAU/53K09/2016/188,Uttarakhand,Pauri Garhwal,Mandalu,29.959225,78.525382,Debris Slide NA
32388,UK/ALM/53O05/2017/82,Uttarakhand,Almora,Road to Thapla,29.959381,79.074699,Rock Slide 2012
32389,UK/PAU/53K13/2016/21,Uttarakhand,Pauri Garhwal,,29.959553,78.762966,Rock Slide NA
32390,UK/PAU/53K09/2016/189,Uttarakhand,Pauri Garhwal,,29.959609,78.524587,Debris Slide NA
32391,UK/PAU/53K05/2016/26,Uttarakhand,Pauri Garhwal,,29.9597,78.497455,Debris Slide NA
32392,UK/ALM/53O05/2017/24,Uttarakhand,Almora,Gwalthi,29.959707,79.184362,Debris Slide 2012
32393,UK/BAG/53O09/2018/31,Uttarakhand,Bageshwar,Jakhedu Jakhedu-Bageshwar,29.959768,79.678717,Rock cum debris Slide 2018
32394,UK/BAG/53O09/2018/34,Uttarakhand,Bageshwar,Jhubaru Jhubaru-Wasmeshwar,29.959889,79.629417,Debris Slide 2018
32395,UK/ALM/53O05/2017/25,Uttarakhand,Almora,Gwalthi,29.959909,79.183652,Rock Slide 2012
32396,UK/BAG/53O13/2015/298,Uttarakhand,Bageshwar,,29.96,79.948368,Rock cum Debris Slide NA
32397,UK/PIT/62C09/2020/17,Uttarakhand,Pithoragarh,Dahrchula-Mangti,29.96,80.61,Rock Slide 2004
32398,UK/PIT/62C09/2020/23,Uttarakhand,Pithoragarh,Tawa Ghat-Narayan ashram,29.96,80.6,Debris Slide 2014
32399,UK/BAG/53O09/2018/42,Uttarakhand,Bageshwar,Jwana Jwana-Baijnath,29.960444,79.551,Rock Topple 2016
32400,UK/PAU/53O01/2017/79,Uttarakhand,Pauri Garhwal,Suraikhet road,29.960518,79.18622,Rock Slide 2012
32401,UK/BAG/53O09/2018/27,Uttarakhand,Bageshwar,Salangani Salangani-Baijnath,29.960722,79.710583,Debris Slide 2018
32402,UK/PAU/53K05/2016/8,Uttarakhand,Pauri Garhwal,,29.961027,78.472414,Rock Slide NA
32403,UK/BAG/53O13/2013/0017,Uttarakhand,Bageshwar,UK_BAG_SH-40_17 650 m NW of Jhopra village,29.961111,79.975611,Rock Topple 16th-17th June 2013
32404,UK/PAU/53K13/2016/20,Uttarakhand,Pauri Garhwal,,29.961329,78.763862,Rock Slide NA
32405,UK/PAU/53K09/2016/103,Uttarakhand,Pauri Garhwal,,29.96153,78.714932,Rock Slide NA
32406,UK/BAG/53O09/2018/33,Uttarakhand,Bageshwar,Khakhari Khakhari-Baijnath,29.961947,79.668388,Rock Slide 2014
32407,UK/ALM/53O05/2017/23,Uttarakhand,Almora,Margaon,29.962236,79.194619,Rock Slide 2005
32408,UK/PAU/53K09/2016/100,Uttarakhand,Pauri Garhwal,,29.962496,78.697439,Rock Fall NA
32409,UK/BAG/53O13/2015/300,Uttarakhand,Bageshwar,,29.962639,79.981333,Rock Slide 2011
32410,UK/BAG/53O09/2018/28,Uttarakhand,Bageshwar,Gum Gum-Baijnath,29.962776,79.707891,Debris Slide 2018
32411,UK/PAU/53K05/2016/7,Uttarakhand,Pauri Garhwal,,29.962934,78.469,Debris Slide NA
32412,UK/BAG/53O13/2013/0015,Uttarakhand,Bageshwar,UK_BAG_SH-40_ 15 East of Kirauli Village on BharariShama road,29.962972,79.938722,Rock cum Debris Slide and flow 16th-17th June 2013
32413,UK/BAG/53O09/2018/32,Uttarakhand,Bageshwar,Khakhari Khakhari-Baijnath,29.963028,79.672056,Rock Slide 2018
32414,UK/BAG/53O13/2015/299,Uttarakhand,Bageshwar,,29.963064,79.937787,Rock cum Debris Slide 2012
32415,UK/PAU/53K05/2016/23,Uttarakhand,Pauri Garhwal,,29.963488,78.481017,Debris Slide NA
32416,UK/PIT/62C01/2015/429,Uttarakhand,Pithoragarh,,29.963789,80.132256,Rock Fall NA
32417,UK/BAG/53O13/2015/296,Uttarakhand,Bageshwar,,29.963892,79.903417,Rock Fall NA
32418,UK/BAG/53O13/2013/0019,Uttarakhand,Bageshwar,UK_BAG_PMGSY_ 19 Upstream of Siri village,29.964083,80.007167,Debris Slide 16th-17th June 2013
32419,UK/PAU/53K09/2016/98,Uttarakhand,Pauri Garhwal,,29.964247,78.714245,Rock Slide NA
32420,UK/PAU/53K05/2016/24,Uttarakhand,Pauri Garhwal,,29.964927,78.48551,Rock Slide NA
32421,UK/PITH/62C05/2013/0030,Uttarakhand,Pithoragarh,UK/Pith/ Munsyari-Jauljibi/LS/0030 State Highway,29.965,80.31389,Rock cum Debris Fall and Flow 16th-17th June 2013
32422,UK/PAU/53K09/2016/107,Uttarakhand,Pauri Garhwal,,29.965238,78.701667,Debris Flow NA
32423,UK/PAU/53K09/2016/133,Uttarakhand,Pauri Garhwal,,29.965329,78.484794,Rock Slide NA
32424,UK/BAG/62C01/2015/439,Uttarakhand,Bageshwar,,29.965331,80.097331,Rock Fall NA
32425,UK/BAG/53O13/2013/0016,Uttarakhand,Bageshwar,UK_BAG_SH-40_,16,1.5,km NE of Malladesh village 29.965389 79.959111 Rock cum Debris Slide 16th-17th June 2013
32426,UK/PAU/53K09/2016/3,Uttarakhand,Pauri Garhwal,,29.965503,78.42499,Debris Slide NA
32427,UK/ALM/53O05/2017/40,Uttarakhand,Almora,NH87,29.965785,79.33716,Rock Slide 2012
32428,UK/PAU/53K13/2016/19,Uttarakhand,Pauri Garhwal,,29.96596,78.766746,Debris Slide NA
32429,UK/HAR/53K1/2016/1,Uttarakhand,Haridwar,Rampur Rao,29.967332,78.107284,Debris Slide NA
32430,UK/PAU/53K13/2016/18,Uttarakhand,Pauri Garhwal,,29.967398,78.770836,Debris Slide NA
32431,UK/ALM/53O05/2017/26,Uttarakhand,Almora,Road to Bungidhar,29.967675,79.173695,Rock Slide 2012
32432,UK/PAU/53K09/2016/70,Uttarakhand,Pauri Garhwal,Baloni,29.967812,78.594752,Rock Fall NA
32433,UK/CHA/53O01/2017/129,Uttarakhand,Chamoli,NH121,29.968277,79.248718,Rock Slide 2014
32434,UK/PAU/53O01/2017/54,Uttarakhand,Pauri Garhwal,ThaplaPitarsainBhandeli road,29.968646,79.064118,Rock Slide 2011
32435,UK/PAU/53K05/2016/15,Uttarakhand,Pauri Garhwal,,29.968777,78.436285,Rock Fall NA
32436,UK/PAU/53O01/2017/55,Uttarakhand,Pauri Garhwal,ThaplaPitarsainBhandeli road,29.968868,79.06464,Rock Flow 2011
32437,UK/CHA/53O01/2017/134,Uttarakhand,Chamoli,NH121,29.968913,79.227986,Debris Flow 2016
32438,UK/PAU/53K05/2016/25,Uttarakhand,Pauri Garhwal,,29.968979,78.491882,Debris Slide NA
32439,UK/BAG/53O13/2015/324,Uttarakhand,Bageshwar,,29.969115,79.782527,Rock cum Debris Slide NA
32440,UK/ALM/53O05/2017/27,Uttarakhand,Almora,Road to Bungidhar,29.969243,79.173881,Rock Slide 2012
32441,UK/ALM/53O05/2017/22,Uttarakhand,Almora,Khor,29.969425,79.200408,Debris Slide 2005
32442,UK/CHA/53O01/2017/130,Uttarakhand,Chamoli,NH121,29.969474,79.235886,Debris Slide 2016
32443,UK/PITH/62C05/2013/0029,Uttarakhand,Pithoragarh,UK/Pith/ MunsiyariJauljibi/Vil/BE/0029 Village Umargarh,29.96972,80.31222,Earth Slide 16th-17th June 2013
32444,UK/PAU/53O01/2017/56,Uttarakhand,Pauri Garhwal,ThaplaPitarsainBhandeli road,29.969721,79.066434,Rock Slide 2011
32445,UK/BAG/53O09/2018/29,Uttarakhand,Bageshwar,Gum Gum-Bageshwar,29.969936,79.703896,Rock cum debris Slide 2018
32446,UK/PIT/62C09/2020/4,Uttarakhand,Pithoragarh,Tawa Ghat-Narayan ashram,29.97,80.6,Debris Slide 2018
32447,UK/PIT/62C09/2020/16,Uttarakhand,Pithoragarh,Tawa Ghat-Narayan ashram,29.97,80.6,Debris Slide 2014
32448,UK/PIT/62C09/2020/18,Uttarakhand,Pithoragarh,Dahrchula-Mangti,29.97,80.68,Rock Slide 2018
32449,UK/PIT/62C09/2020/22,Uttarakhand,Pithoragarh,Tawa Ghat-Narayan ashram,29.97,80.6,Debris Slide 2014
32450,UK/PIT/62C09/2020/24,Uttarakhand,Pithoragarh,Tawa Ghat-Narayan ashram,29.97,80.6,Debris Slide 2014
32451,UK/BAG/53O13/2013/0039,Uttarakhand,Bageshwar,"UK_BAG_SH-11_39 Opposite of Chirabagad, Part of Bharari on Kapkot-Bharari Road",29.970083,79.90775,Debris Flow 16th-17th June 2013
32452,UK/BAG/62C01/2015/438,Uttarakhand,Bageshwar,,29.970114,80.091267,Rock Fall NA
32453,UK/CHA/53O01/2017/131,Uttarakhand,Chamoli,NH121,29.970201,79.232356,Debris Slide 2016
32454,UK/CHA/53O01/2017/133,Uttarakhand,Chamoli,NH121,29.970268,79.23115,Rock Slide 2016
32455,UK/CHA/53O01/2017/132,Uttarakhand,Chamoli,NH121,29.970355,79.232044,Debris Flow 2016
32456,UK/ALM/53O05/2017/39,Uttarakhand,Almora,NH87,29.970365,79.333957,Rock cum debris Slide 2014
32457,UK/PAU/53K05/2016/12,Uttarakhand,Pauri Garhwal,,29.970599,78.469892,Debris Slide NA
32458,UK/PIT/62C01/2015/435,Uttarakhand,Pithoragarh,,29.970662,80.101307,Rock Fall NA
32459,UK/BAG/62C01/2015/437,Uttarakhand,Bageshwar,,29.970922,80.090447,Rock Fall NA
32460,UK/PAU/53O01/2017/52,Uttarakhand,Pauri Garhwal,ThaplaPitarsainBhandeli road,29.97143,79.068181,Rock Slide 2012
32461,UK/PAU/53K13/2016/113,Uttarakhand,Pauri Garhwal,,29.971675,78.7505,Rock Slide NA
32462,UK/PAU/53O01/2017/53,Uttarakhand,Pauri Garhwal,ThaplaPitarsainBhandeli road,29.97242,79.06727,Rock Slide 2011
32463,UK/PAU/53K05/2016/18,Uttarakhand,Pauri Garhwal,,29.972584,78.418056,Debris Slide NA
32464,UK/PAU/53O01/2017/57,Uttarakhand,Pauri Garhwal,ThaplaPitarsainBhandeli road,29.97273,79.053429,Rock Slide 2013
32465,UK/BAG/62C01/2015/441,Uttarakhand,Bageshwar,,29.973664,80.088992,Rock Slide NA
32466,UK/PAU/53K13/2016/86,Uttarakhand,Pauri Garhwal,Road to Pokhardhar,29.974498,78.908928,Rock Slide NA
32467,UK/PAU/53K09/2016/137,Uttarakhand,Pauri Garhwal,,29.97476,78.526085,Debris Slide NA
32468,UK/HAR/53K1/2016/7,Uttarakhand,Haridwar,,29.975022,78.167366,Rock Slide NA
32469,UK/PAU/53O01/2017/58,Uttarakhand,Pauri Garhwal,ThaplaPitarsainBhandeli road,29.975953,79.048776,Debris Slide 2011
32470,UK/PAU/53K13/2016/17,Uttarakhand,Pauri Garhwal,,29.976262,78.781953,Debris Slide NA
32471,UK/BAG/62C01/2015/440,Uttarakhand,Bageshwar,,29.976403,80.087578,Rock Fall NA
32472,UK/PAU/53K13/2016/16,Uttarakhand,Pauri Garhwal,,29.977,78.782,Debris Slide NA
32473,UK/CHA/53O05/2017/68,Uttarakhand,Chamoli,Downslope of Gaguna,29.977037,79.412888,Rock cum debris Slide 2012
32474,UK/BAG/53O13/2013/0040,Uttarakhand,Bageshwar,UK_BAG_SH-11_ 40 500m downstream of Yuti Nala on the left bank of the Sarju river,29.977083,79.912083,Debris Flow 16th-17th June 2013
32475,UK/CHA/53O05/2017/17,Uttarakhand,Chamoli,Banjani,29.977449,79.265359,Rock Slide 2014
32476,UK/BAG/53O09/2018/35,Uttarakhand,Bageshwar,Kulaon Kulaon-Baijnath,29.977511,79.601111,Debris Slide 2016
32477,UK/PITH/62C05/2013/0028,Uttarakhand,Pithoragarh,UK/Pith/ Munsyari-Jauljibi/LS/0028 State Highway,29.97778,80.315,Rock cum Debris Fall and Flow 16th-17th June 2013
32478,UK/PAU/53O01/2017/68,Uttarakhand,Pauri Garhwal,NH121,29.977862,79.019504,Rock Slide 2011
32479,UK/PAU/53K09/2016/105,Uttarakhand,Pauri Garhwal,N20W of Urmal,29.977912,78.748356,Debris Slide NA
32480,UK/PAU/53K09/2016/88,Uttarakhand,Pauri Garhwal,SH-49 SH-49,29.978206,78.661615,Debris Slide NA
32481,UK/PAU/53O01/2017/67,Uttarakhand,Pauri Garhwal,NH121,29.978565,79.02029,Rock Slide 2011
32482,UK/BAG/62C01/2015/445,Uttarakhand,Bageshwar,,29.978734,80.08202,Rock Slide NA
32483,UK/PAU/53K05/2016/17,Uttarakhand,Pauri Garhwal,,29.978842,78.401747,Rock Slide NA
32484,UK/BAG/53O13/2013/0041,Uttarakhand,Bageshwar,UK_BAG_SH-11_41 Yuti Nala,29.979056,79.914222,Debris Flow 16th-17th June 2013
32485,UK/PAU/53O01/2017/59,Uttarakhand,Pauri Garhwal,ThaplaPitarsainBhandeli road,29.979847,79.048009,Rock Slide NA
32486,UK/PAU/53K13/2016/82,Uttarakhand,Pauri Garhwal,,29.979904,78.916882,Debris Slide NA
32487,UK/PAU/53K09/2016/92,Uttarakhand,Pauri Garhwal,SH-49 SH-49,29.979977,78.657332,Debris Slide NA
32488,UK/PIT/62C09/2020/7,Uttarakhand,Pithoragarh,Dahrchula-Mangti,29.98,80.69,Rock Slide 2014
32489,UK/PIT/62C09/2020/11,Uttarakhand,Pithoragarh,Tawa Ghat-Narayan ashram,29.98,80.63,Rock Slide 2019
32490,UK/PIT/62C09/2020/12,Uttarakhand,Pithoragarh,Tawa Ghat-Narayan ashram,29.98,80.58,Debris Slide 2014
32491,UK/PIT/62C09/2020/14,Uttarakhand,Pithoragarh,Tawa Ghat-Narayan ashram,29.98,80.61,Rock Slide 2019
32492,UK/PIT/62C09/2020/15,Uttarakhand,Pithoragarh,Tawa Ghat-Narayan ashram,29.98,80.65,Rock Slide 2018
32493,UK/PIT/62C09/2020/19,Uttarakhand,Pithoragarh,Tawa Ghat-Narayan ashram,29.98,80.58,Rock Slide 2019
32494,UK/PIT/62C09/2020/20,Uttarakhand,Pithoragarh,Tawa Ghat-Narayan ashram,29.98,80.58,Debris Slide 2014
32495,UK/PIT/62C09/2020/21,Uttarakhand,Pithoragarh,Tawa Ghat-Narayan ashram,29.98,80.58,Debris Slide 2014
32496,UK/PIT/62C09/2020/25,Uttarakhand,Pithoragarh,Tawa Ghat-Narayan ashram,29.98,80.58,Debris Slide 2014
32497,UK/PAU/53O01/2017/61,Uttarakhand,Pauri Garhwal,ThaplaPitarsainBhandeli road,29.980037,79.046357,Rock Slide 2011
32498,UK/ALM/53O05/2017/38,Uttarakhand,Almora,Forest,29.980294,79.347242,Rock cum debris Fall 2014
32499,UK/BAG/53O13/2015/375,Uttarakhand,Bageshwar,,29.980556,79.980889,Rock cum Debris Slide NA
32500,UK/BAG/53O13/2015/370,Uttarakhand,Bageshwar,,29.980597,79.963333,Rock Slide NA
32501,UK/BAG/53O13/2015/383,Uttarakhand,Bageshwar,,29.980646,79.906309,Rock cum Debris Slide NA
32502,UK/PAU/53O01/2017/60,Uttarakhand,Pauri Garhwal,ThaplaPitarsainBhandeli road,29.9809,79.047787,Rock Slide NA
32503,UK/PAU/53K05/2016/9,Uttarakhand,Pauri Garhwal,,29.981024,78.470634,Rock Slide NA
32504,UK/PAU/53K13/2016/81,Uttarakhand,Pauri Garhwal,Road to Dudharkhal,29.981548,78.934153,Rock Slide NA
32505,UK/CHA/53O05/2017/10,Uttarakhand,Chamoli,NailKusarkhet road,29.982199,79.445041,Debris Slide 2006
32506,UK/PAU/53K09/2016/91,Uttarakhand,Pauri Garhwal,SH-49 SH-49,29.982257,78.64943,Debris Slide NA
32507,UK/BAG/53O13/2013/0080,Uttarakhand,Bageshwar,UK_BAG_PMGSY_80 Bhulia Village,29.982528,79.966222,Debris Slide 16th-17th June 2013
32508,UK/BAG/53O13/2013/0081,Uttarakhand,Bageshwar,UK_BAG_PMGSY_81 Left bank of Revti Ganga River.,29.982528,79.963028,Rock cum Debris Flow 16th-17th June 2013
32509,UK/BAG/53O13/2013/0079,Uttarakhand,Bageshwar,UK_BAG_PMGSY_79 Birmol village,29.982861,79.97175,Rock cum Debris Slide 16th-17th June 2013
32510,UK/BAG/53O13/2015/311,Uttarakhand,Bageshwar,,29.983058,79.970417,Rock Slide 2013
32511,UK/BAG/53O13/2015/313,Uttarakhand,Bageshwar,,29.983339,79.999775,Rock Slide 2012
32512,UK/BAG/53O13/2015/372,Uttarakhand,Bageshwar,,29.983424,79.966137,Rock Slide NA
32513,UK/PAU/53K05/2016/19,Uttarakhand,Pauri Garhwal,,29.983903,78.39876,Rock Slide NA
32514,UK/BAG/53O13/2013/0082,Uttarakhand,Bageshwar,UK_BAG_PMGSY_82 Left bank of Revti Ganga River in the tributary nala section.,29.984028,79.959,Debris Flow 16th-17th June 2013
32515,UK/PAU/53K09/2016/197,Uttarakhand,Pauri Garhwal,,29.984155,78.7243,Debris Slide NA
32516,UK/PAU/53K13/2016/15,Uttarakhand,Pauri Garhwal,,29.984193,78.784818,Rock Slide NA
32517,UK/PAU/53K05/2016/3,Uttarakhand,Pauri Garhwal,,29.984677,78.478837,Debris Slide NA
32518,UK/BAG/53O13/2015/312,Uttarakhand,Bageshwar,,29.984682,79.982738,Rock Slide 2012
32519,UK/PAU/53K13/2016/14,Uttarakhand,Pauri Garhwal,,29.984688,78.784664,Rock Slide NA
32520,UK/BAG/53O13/2015/385,Uttarakhand,Bageshwar,,29.984713,79.911779,Rock cum Debris Slide NA
32521,UK/BAG/53O13/2015/371,Uttarakhand,Bageshwar,,29.984722,79.962833,Rock Fall NA
32522,UK/BAG/53O13/2015/380,Uttarakhand,Bageshwar,,29.984737,79.990593,Rock Slide NA
32523,UK/PAU/53K09/2016/193,Uttarakhand,Pauri Garhwal,,29.984947,78.535703,Debris Slide NA
32524,UK/BAG/53O09/2018/36,Uttarakhand,Bageshwar,Kaliun Kaliun-Baijnath,29.984972,79.58875,Debris Slide 2018
32525,UK/BAG/53O13/2015/374,Uttarakhand,Bageshwar,,29.98519,79.97277,Rock Slide NA
32526,UK/BAG/53O13/2013/0083,Uttarakhand,Bageshwar,UK_BAG_PMGSY_83 Baret Village located on the right bank of Revti Ganga River.,29.985361,79.955556,Debris Fall 16th-17th June 2013
32527,UK/PITH/62C05/2013/0027,Uttarakhand,Pithoragarh,UK/Pith/ Munsyari-Jauljibi/LS/0027 State Highway,29.98556,80.31833,Debris Fall and Flow 16th-17th June 2013
32528,UK/PIT/62C01/2015/446,Uttarakhand,Pithoragarh,,29.985586,80.088422,Rock Slide NA
32529,UK/BAG/53O13/2015/381,Uttarakhand,Bageshwar,,29.985722,79.996167,Rock cum Debris Slide NA
32530,UK/PAU/53K05/2016/10,Uttarakhand,Pauri Garhwal,,29.985785,78.476349,Rock Slide NA
32531,UK/CHA/53O05/2017/72,Uttarakhand,Chamoli,Khaliyan,29.986058,79.405289,Rock Slide 2012
32532,UK/PAU/53O01/2017/62,Uttarakhand,Pauri Garhwal,ThaplaPitarsainBhandeli road,29.986066,79.040682,Rock Slide NA
32533,UK/PAU/53K09/2016/138,Uttarakhand,Pauri Garhwal,,29.986186,78.530342,Debris Slide NA
32534,UK/PAU/53K09/2016/90,Uttarakhand,Pauri Garhwal,Satpuli Vyast Road (SH-49) Satpuli Vyast Road (SH-49),29.986268,78.647055,Debris Slide NA
32535,UK/PAU/53K09/2016/4,Uttarakhand,Pauri Garhwal,,29.986432,78.429482,Rock Slide NA
32536,UK/BAG/53O13/2015/373,Uttarakhand,Bageshwar,,29.986655,79.968339,Rock Slide NA
32537,UK/ALM/53O05/2017/75,Uttarakhand,Almora,PithasainPauri road,29.986805,79.086793,Rock Slide 2012
32538,UK/PAU/53K05/2016/40,Uttarakhand,Pauri Garhwal,,29.986878,78.401085,Rock Slide NA
32539,UK/BAG/53O13/2015/379,Uttarakhand,Bageshwar,,29.986889,79.989667,Rock Slide NA
32540,UK/ALM/53O05/2017/73,Uttarakhand,Almora,PithasainPauri road,29.987046,79.094332,Rock Slide 2012
32541,UK/PIT/62C01/2015/442,Uttarakhand,Pithoragarh,,29.987108,80.08525,Rock Slide NA
32542,UK/BAG/53O13/2015/386,Uttarakhand,Bageshwar,,29.987222,79.9125,Rock cum Debris Slide NA
32543,UK/BAG/53O09/2018/37,Uttarakhand,Bageshwar,Kaliun Kaliun-Baijnath,29.98764,79.584358,Rock Slide 2015
32544,UK/BAG/53O13/2015/378,Uttarakhand,Bageshwar,,29.98775,79.990556,Rock Slide NA
32545,UK/BAG/53O13/2015/310,Uttarakhand,Bageshwar,,29.987778,79.953889,Rock Slide 2013
32546,UK/PAU/53K09/2016/196,Uttarakhand,Pauri Garhwal,Satpuli Vyast Road (SH-49) Satpuli Vyast Road (SH-49),29.987971,78.641311,Debris Slide NA
32547,UK/BAG/53O13/2015/309,Uttarakhand,Bageshwar,,29.988029,79.944172,Rock Slide 2013
32548,UK/PAU/53K13/2016/85,Uttarakhand,Pauri Garhwal,,29.98811,78.91868,Rock Slide NA
32549,UK/BAG/53O13/2013/0078,Uttarakhand,Bageshwar,UK_BAG_PMGSY_78 Right bank of Revati Ganga between Karauli Izar and ChauniVillages,29.988417,79.943194,Rock cum Debris Slide 16th-17th June 2013
32550,UK/BAG/53O13/2013/0077,Uttarakhand,Bageshwar,UK_BAG_PMGSY_77 Left bank of Revti Ganga River.,29.988611,79.942278,Rock cum Debris Slide 16th-17th June 2013
32551,UK/BAG/53O13/2013/0076,Uttarakhand,Bageshwar,UK_BAG_PMGSY_76 Left bank of Revti Ganga River.,29.988639,79.939111,Rock Fall 16th-17th June 2013
32552,UK/BAG/62C01/2015/444,Uttarakhand,Bageshwar,,29.988939,80.078439,Rock Slide NA
32553,UK/BAG/53O13/2015/303,Uttarakhand,Bageshwar,,29.988972,79.923917,Rock Fall NA
32554,UK/BAG/53O13/2015/369,Uttarakhand,Bageshwar,,29.989056,79.94,Rock Fall NA
32555,UK/PAU/53K05/2016/1,Uttarakhand,Pauri Garhwal,,29.989126,78.458924,Rock Slide NA
32556,UK/BAG/53O13/2013/0075,Uttarakhand,Bageshwar,UK_BAG_PMGSY_75 Left bank of Revti Ganga River.,29.989361,79.933222,Rock cum Debris Fall 16th-17th June 2013
32557,UK/BAG/53O13/2015/377,Uttarakhand,Bageshwar,,29.989503,79.989667,Rock Slide NA
32558,UK/PAU/53K05/2016/4,Uttarakhand,Pauri Garhwal,,29.989598,78.478211,Rock Slide NA
32559,UK/BAG/53O13/2013/0043,Uttarakhand,Bageshwar,UK_BAG_PMGSY_43 Left bank of Revti Ganga near Ritha Bagad village.,29.98975,79.918278,Rock Fall and Slide 16th-17th June 2013
32560,UK/BAG/53O13/2013/0046,Uttarakhand,Bageshwar,UK_BAG_PMGSY_46 Right bank of Revti Ganga,29.989806,79.922194,Rock cum Debris Slide 16th-17th June 2013
32561,UK/BAG/53O13/2013/0074,Uttarakhand,Bageshwar,UK_BAG_PMGSY_74 Right bank of Revti Ganga River about 200 m upstream of Kharbagad Village.,29.989861,79.932111,Rock cum Debris Flow 16th-17th June 2013
32562,UK/BAG/53O13/2013/0042,Uttarakhand,Bageshwar,UK_BAG_PMGSY_42 Right bank of Revti Ganga near Ritha Bagad village,29.989889,79.917139,Rock cum Debris Slide 16th-17th June 2013
32563,UK/BAG/53O13/2013/0044,Uttarakhand,Bageshwar,UK_BAG_PMGSY_44 Right bank of Revti Ganga,29.99,79.919667,Rock cum Debris Slide 16th-17th June 2013
32564,UK/BAG/53O13/2013/0045,Uttarakhand,Bageshwar,UK_BAG_PMGSY_45 Left bank of Revti Ganga.,29.99,79.919667,Rock Topple 16th-17th June 2013
32565,UK/BAG/53O13/2015/367,Uttarakhand,Bageshwar,,29.99,79.933333,Rock Slide NA
32566,UK/PAU/53K13/2016/117,Uttarakhand,Pauri Garhwal,,29.99,78.76,Rock Slide NA
32567,UK/PIT/62C09/2020/8,Uttarakhand,Pithoragarh,Dahrchula-Mangti,29.99,80.71,Rock Slide 2014
32568,UK/BAG/53O13/2015/306,Uttarakhand,Bageshwar,,29.990039,79.941115,Rock Slide 2012
32569,UK/BAG/53O13/2013/0047,Uttarakhand,Bageshwar,UK_BAG_PMGSY_47 Right bank of Revti Ganga River,29.99025,79.924639,Rock cum Debris Slide 16th-17th June 2013
32570,UK/BAG/53O13/2013/0048,Uttarakhand,Bageshwar,UK_BAG_PMGSY_48 Left bank of Revti Ganga River near Iron Bridge,29.990306,79.925,Rock cum Debris Slide 16th-17th June 2013
32571,UK/BAG/62C01/2015/443,Uttarakhand,Bageshwar,,29.990339,80.082853,Rock Slide NA
32572,UK/BAG/53O13/2015/368,Uttarakhand,Bageshwar,,29.990444,79.936917,Rock cum Debris Slide NA
32573,UK/BAG/53O13/2013/0049,Uttarakhand,Bageshwar,UK_BAG_PMGSY_49 Left bank of Revti Ganga Village,29.990611,79.926306,Debris Slide 16th-17th June 2013
32574,UK/PAU/53O01/2017/63,Uttarakhand,Pauri Garhwal,ThaplaPitarsainBhandeli road,29.990814,79.042456,Rock Slide 2016
32575,UK/BAG/53O13/2013/0073,Uttarakhand,Bageshwar,UK_BAG_PMGSY_73 Kharbagad village on the right bank of Revti Ganga River,29.990889,79.930139,Rock cum Debris Slide 16th-17th June 2013
32576,UK/BAG/53O13/2013/0050,Uttarakhand,Bageshwar,UK_BAG_PMGSY_50,29.990944,79.924278,Debris Slide 16th-17th June 2013
32577,UK/PAU/53K10/2016/3,Uttarakhand,Pauri Garhwal,Satpuli Vyast Road (SH-49) Satpuli Vyast Road (SH-49),29.991112,78.640542,Rock Fall NA
32578,UK/PAU/53K09/2016/5,Uttarakhand,Pauri Garhwal,,29.991299,78.435188,Rock Slide NA
32579,UK/BAG/53O13/2015/305,Uttarakhand,Bageshwar,,29.991453,79.937667,Rock Slide NA
32580,UK/PAU/53K10/2016/4,Uttarakhand,Pauri Garhwal,Satpuli Vyast Road (SH-49) Satpuli Vyast Road (SH-49),29.991627,78.638364,Rock Fall NA
32581,UK/BAG/53O13/2015/315,Uttarakhand,Bageshwar,,29.991667,79.906111,Rock Slide 2012
32582,UK/BAG/53O13/2015/308,Uttarakhand,Bageshwar,,29.991667,79.944444,Rock Slide 2012
32583,UK/BAG/53O13/2015/361,Uttarakhand,Bageshwar,,29.991667,79.916667,Rock Slide NA
32584,UK/BAG/53O13/2015/376,Uttarakhand,Bageshwar,,29.992068,79.988173,Rock Slide NA
32585,UK/BAG/53O13/2013/0006,Uttarakhand,Bageshwar,UK_BAG_PMGSY_,6,500,m downstream of confluence of Gason Gad on left bank of Sarju River 29.992306 79.912472 Rock cum Debris Fall 16th-17th June 2013
32586,UK/BAG/53O13/2013/0007,Uttarakhand,Bageshwar,UK_BAG_PMGSY_ 07 Gason Village,29.992306,79.912472,Debris Flow 16th-17th June 2013
32587,UK/PAU/53K05/2016/16,Uttarakhand,Pauri Garhwal,,29.99231,78.42799,Rock Slide NA
32588,UK/PAU/53K05/2016/6,Uttarakhand,Pauri Garhwal,,29.992714,78.46898,Rock Slide NA
32589,UK/ALM/53O05/2017/74,Uttarakhand,Almora,PithasainPauri road,29.992779,79.087287,Rock Slide 2011
32590,UK/BAG/53O13/2015/365,Uttarakhand,Bageshwar,,29.992852,79.920803,Rock Slide NA
32591,UK/PAU/53K09/2016/80,Uttarakhand,Pauri Garhwal,,29.993054,78.604416,Debris Slide NA
32592,UK/PAU/53O01/2017/64,Uttarakhand,Pauri Garhwal,ThaplaPitarsainBhandeli road,29.993086,79.046379,Rock Slide 2012
32593,UK/BAG/53O13/2013/0009,Uttarakhand,Bageshwar,UK_BAG_PMGSY_ 09 At the conflurnce of Gason Gad on the right bank of Saryu River,29.993278,79.909722,Rock cum Debris Slide 16th-17th June 2013
32594,UK/BAG/53O09/2018/48,Uttarakhand,Bageshwar,Gwaldam Gwaldam-Bageshwar,29.993278,79.566667,Rock Slide 2018
32595,UK/BAG/53O13/2015/307,Uttarakhand,Bageshwar,,29.993333,79.943889,Rock Slide 2013
32596,UK/BAG/53O13/2015/362,Uttarakhand,Bageshwar,,29.993361,79.926806,Rock Slide NA
32597,UK/BAG/53O13/2013/0010,Uttarakhand,Bageshwar,UK_BAG_PMGSY_10 At the right bank of Gason Gad near Gason Village,29.993417,79.908111,Rock cum Debris Slide 16th-17th June 2013
32598,UK/ALM/53O05/2017/67,Uttarakhand,Almora,Bagrupakha,29.993423,79.075287,Rock cum debris Slide 2012
32599,UK/BAG/53O13/2013/0011,Uttarakhand,Bageshwar,UK_BAG_PMGSY_11 About 500 m upstream of the confluence of Gason Gad with Saryu River.,29.993444,79.906917,Rock cum Debris Topple 16th-17th June 2013
32600,UK/BAG/53O13/2015/317,Uttarakhand,Bageshwar,,29.9935,79.9067,Rock Fall 2012
32601,UK/PAU/53K09/2016/195,Uttarakhand,Pauri Garhwal,Satpuli Vyas ghat Road (SH-49) Satpuli Vyas ghat Road (SH-49),29.9935,78.632456,Debris Slide NA
32602,UK/PAU/53K13/2016/114,Uttarakhand,Pauri Garhwal,,29.9935,78.751342,Rock Slide NA
32603,UK/BAG/53O13/2015/364,Uttarakhand,Bageshwar,,29.993521,79.931782,Rock Slide NA
32604,UK/BAG/53O13/2015/301,Uttarakhand,Bageshwar,,29.993556,79.919056,Rock cum Debris Slide 2012
32605,UK/ALM/53O05/2017/66,Uttarakhand,Almora,Bagrupakha,29.993833,79.075591,Rock cum debris Slide 2012
32606,UK/PAU/53K13/2016/13,Uttarakhand,Pauri Garhwal,Road NH119 (Pauri),29.993858,78.798072,Rock Slide NA
32607,UK/BAG/53O13/2015/366,Uttarakhand,Bageshwar,,29.993889,79.936972,Rock Slide NA
32608,UK/BAG/53O13/2015/304,Uttarakhand,Bageshwar,,29.993923,79.93375,Rock Fall NA
32609,UK/BAG/53O13/2015/363,Uttarakhand,Bageshwar,,29.994056,79.9295,Rock Slide NA
32610,UK/BAG/53O13/2015/302,Uttarakhand,Bageshwar,,29.994444,79.920833,Rock Fall 2012
32611,UK/CHA/53O05/2017/11,Uttarakhand,Chamoli,NailKusarkhet road,29.994459,79.461084,Rock Slide 2014
32612,UK/BAG/53O13/2015/314,Uttarakhand,Bageshwar,,29.994969,79.909515,Rock Slide 2012
32613,UK/BAG/53O09/2018/47,Uttarakhand,Bageshwar,Gwaldam Gwaldam-Bageshwar,29.995494,79.565371,Rock Slide 2015
32614,UK/PAU/53K09/2016/81,Uttarakhand,Pauri Garhwal,,29.995963,78.58444,Debris Slide NA
32615,UK/PAU/53K09/2016/139,Uttarakhand,Pauri Garhwal,,29.99597,78.545739,Rock Slide NA
32616,UK/CHA/53O05/2017/12,Uttarakhand,Chamoli,NailKusarkhet road,29.9961,79.453562,Debris Slide 2014
32617,UK/PAU/53K09/2016/102,Uttarakhand,Pauri Garhwal,,29.99651,78.722178,Rock Slide NA
32618,UK/BAG/53O13/2015/382,Uttarakhand,Bageshwar,,29.996667,79.901167,Rock cum Debris Slide NA
32619,UK/BAG/53O09/2018/46,Uttarakhand,Bageshwar,Gwaldam Gwaldam-Baijnath,29.996708,79.565403,Rock Slide 2018
32620,UK/PAU/53K13/2016/12,Uttarakhand,Pauri Garhwal,Road NH119 (Pauri),29.99679,78.805832,Rock Slide NA
32621,UK/PAU/53K05/2016/2,Uttarakhand,Pauri Garhwal,,29.996824,78.47233,Rock Slide NA
32622,UK/BAG/53O13/2013/0008,Uttarakhand,Bageshwar,UK_BAG_PMGSY_,8,29.996861,79.915389 Rock cum Debris Slide 16th-17th June 2013
32623,UK/PAU/53K13/2016/4,Uttarakhand,Pauri Garhwal,Road NH119 (Pauri),29.996946,78.797617,Rock Slide NA
32624,UK/PAU/53K09/2016/82,Uttarakhand,Pauri Garhwal,,29.997062,78.584171,Debris Slide NA
32625,UK/BAG/53O13/2015/316,Uttarakhand,Bageshwar,,29.997256,79.915396,Rock Slide 2012
32626,UK/PAU/53K13/2016/84,Uttarakhand,Pauri Garhwal,Road to Dumdeval,29.997259,78.91906,Debris Flow NA
32627,UK/PAU/53O01/2017/66,Uttarakhand,Pauri Garhwal,NH121,29.997274,79.03447,Rock Slide 2011
32628,UK/PAU/53K13/2016/5,Uttarakhand,Pauri Garhwal,Road NH119 (Pauri),29.997798,78.800333,Rock Slide NA
32629,UK/BAG/53O09/2018/45,Uttarakhand,Bageshwar,Gwaldam Gwaldam-Bageshwar,29.997805,79.564873,Rock Slide 2018
32630,UK/PAU/53O01/2017/65,Uttarakhand,Pauri Garhwal,ThaplaPitarsainBhandeli road,29.99781,79.038722,Rock Slide 2013
32631,UK/PAU/53K13/2016/3,Uttarakhand,Pauri Garhwal,Road NH119 (Pauri),29.997843,78.79788,Rock Slide NA
32632,UK/PAU/53K13/2016/11,Uttarakhand,Pauri Garhwal,Road NH119 (Pauri),29.998221,78.807929,Rock Slide NA
32633,UK/PAU/53K13/2016/7,Uttarakhand,Pauri Garhwal,Road NH119 (Pauri),29.998308,78.806018,Rock Slide NA
32634,UK/BAG/53O13/2015/384,Uttarakhand,Bageshwar,,29.998333,79.908333,Rock cum Debris Slide NA
32635,UK/PAU/53K09/2016/140,Uttarakhand,Pauri Garhwal,,29.998585,78.545293,Rock Slide NA
32636,UK/BAG/53O09/2018/38,Uttarakhand,Bageshwar,Gwaldam Gwaldam-Baijnath,29.998599,79.571332,Rock Slide 2013
32637,UK/BAG/53O09/2018/44,Uttarakhand,Bageshwar,Gwaldam Gwaldam-Bageshwar,29.998605,79.564829,Rock Slide 2018
32638,UK/PAU/53K13/2016/6,Uttarakhand,Pauri Garhwal,Road NH119 (Pauri),29.998644,78.805098,Rock Slide NA
32639,UK/PAU/53K09/2016/89,Uttarakhand,Pauri Garhwal,,29.998695,78.671824,Rock Slide NA
32640,UK/PAU/53K13/2016/10,Uttarakhand,Pauri Garhwal,Road NH119 (Pauri),29.999,78.809333,Rock Slide NA
32641,UK/PAU/53K13/2016/2,Uttarakhand,Pauri Garhwal,Road NH119 (Pauri),29.999082,78.800009,Rock Slide NA
32642,UK/PAU/53K13/2016/9,Uttarakhand,Pauri Garhwal,Road NH119 (Pauri),29.999266,78.810008,Rock Slide NA
32643,UK/BAG/53O09/2018/43,Uttarakhand,Bageshwar,Gwaldam Gwaldam-Bageshwar,29.999339,79.564301,Rock Slide 2014
32644,UK/PAU/53K09/2016/94,Uttarakhand,Pauri Garhwal,,29.999481,78.676455,Rock Slide NA
32645,UK/PAU/53K13/2016/8,Uttarakhand,Pauri Garhwal,Road NH119 (Pauri),29.99963,78.810835,Rock Slide NA
32646,UK/PAU/53K13/2016/1,Uttarakhand,Pauri Garhwal,Road NH119 (Pauri),29.999664,78.800898,Rock Slide NA
32647,UK/GAR/53J16/2015/1205,Uttarakhand,Garhwal,NH-109,30,79,Debris Slide 2013
32648,UK/GAR/53J16/2015/1206,Uttarakhand,Garhwal,Gaurikund,30,79,Debris Slide 2013
32649,UK/GAR/53J16/2015/1207,Uttarakhand,Garhwal,NH-109,30,79,Rock Slide NA
32650,UK/PIT/62B12/2020/1,Uttarakhand,Pithoragarh,Pangla-Malpa,30.0016,80.728633,Debris Slide 2014
32651,UK/PIT/62B12/2020/2,Uttarakhand,Pithoragarh,Pangla-Malpa,30,80.72,Rock Slide 2014
32652,UK/PIT/62B12/2020/3,Uttarakhand,Pithoragarh,Tawa Ghat-Narayan ashram,30,80.57,Debris Slide 2004
32653,UK/PIT/62B12/2020/4,Uttarakhand,Pithoragarh,Tawa Ghat-Narayan ashram,30,80.56,Debris Slide 2014
32654,UK/PIT/62B12/2020/8,Uttarakhand,Pithoragarh,Pangla-Malpa,30.0012,80.718589,Debris Slide 2014
32655,UK/PIT/62B12/2020/9,Uttarakhand,Pithoragarh,Pangla-Malpa,30.001448,80.73041,Debris Slide 2014
32656,UK/PIT/62C09/2020/13,Uttarakhand,Pithoragarh,Tawa Ghat-Narayan ashram,30,80.57,Debris Slide 2004
32657,UK/BAG/53N12/2018/191,Uttarakhand,Bageshwar,Gwaldam Gwaldam-Bageshwar,30.000098,79.567559,Debris Slide 2018
32658,UK/PIT/62B04/2018/31,Uttarakhand,Pithoragarh,Tholi Sama-Tejam-Munsyari,30.000678,80.140338,Rock cum debris Slide 2013
32659,UK/BAG/53N12/2018/190,Uttarakhand,Bageshwar,Gwaldam Gwaldam-Baijnath,30.000972,79.568,Debris Slide 2018
32660,UK/BAG/62B04/2018/14,Uttarakhand,Bageshwar,Sama-Tejam-Munsyari,30.001158,80.035049,Rock Slide NA
32661,UK/GAR/53J16/2015/1136,Uttarakhand,Garhwal,,30.001518,78.813136,Rock Slide NA
32662,UK/PAU/53N04/2018/5,Uttarakhand,Pauri Garhwal,Charara Rangao-Bagwari-Thalisain,30.001844,79.099003,Debris Slide 2018
32663,UK/GAR/53J16/2015/1132,Uttarakhand,Garhwal,,30.00187,78.828385,Rock Slide NA
32664,UK/GAR/53J16/2015/1137,Uttarakhand,Garhwal,,30.001948,78.81314,Rock cum Debris Slide NA
32665,UK/PIT/62B04/2018/40,Uttarakhand,Pithoragarh,Kwiti Sama-Tejam-Munsyari,30.001999,80.147691,Rock cum debris Slide 2014
32666,UK/GAR/53J16/2015/1148,Uttarakhand,Garhwal,NH-119,30.002232,78.804525,Rock Slide NA
32667,UK/GAR/53J16/2015/1149,Uttarakhand,Garhwal,NH-119,30.002267,78.81245,Rock Slide NA
32668,UK/PIT/62B04/2018/32,Uttarakhand,Pithoragarh,Tholi Sama-Tejam-Munsyari,30.002475,80.143394,Rock Slide 2013
32669,UK/GAR/53J16/2015/1147,Uttarakhand,Garhwal,NH-119,30.00271,78.805145,Rock Slide NA
32670,UK/BAG/53N16/2018/7,Uttarakhand,Bageshwar,gasongad Kapkot- Badiakot,30.00309,79.885146,Rock Slide 2013
32671,UK/BAG/53N16/2018/6,Uttarakhand,Bageshwar,Kapkot- Badiakot,30.003122,79.887382,Rock Slide 2013
32672,UK/PIT/62B04/2018/33,Uttarakhand,Pithoragarh,Sama-Tejam-Munsyari,30.003242,80.145747,Debris Slide 2012
32673,UK/BAG/53N16/2018/9,Uttarakhand,Bageshwar,Tiladi Kapkot- Badiakot,30.003333,79.881667,Rock cum debris Slide 2014
32674,UK/BAG/53N16/2018/10,Uttarakhand,Bageshwar,Tiladi Kapkot- Badiakot,30.003376,79.880055,Rock Slide 2014
32675,UK/BAG/53N16/2018/8,Uttarakhand,Bageshwar,gasongad Kapkot- Badiakot,30.003422,79.883784,Rock Slide 2014
32676,UK/GAR/53J16/2015/1133,Uttarakhand,Garhwal,,30.003444,78.82757,Debris Slide NA
32677,UK/PIT/62B04/2018/30,Uttarakhand,Pithoragarh,Sama-Tejam-Munsyari,30.003584,80.140058,Rock cum debris Slide 2013
32678,UK/GAR/53J16/2015/1146,Uttarakhand,Garhwal,NH-119,30.003796,78.807136,Rock cum Debris Slide NA
32679,UK/PIT/62B04/2018/45,Uttarakhand,Pithoragarh,Dor Sama-Tejam-Munsyari,30.003957,80.152498,Rock Slide 2016
32680,UK/PITH/62B04/2013/0006,Uttarakhand,Pithoragarh,UK/Pith/Thal-Munsyari/LS/0006 Phulibagar Village,30.00444,80.14611,Rock cum Debris Fall and Flow 16th-17th June 2013
32681,UK/BAG/62B04/2018/13,Uttarakhand,Bageshwar,Sama-Tejam-Munsyari,30.004571,80.036356,Rock Slide NA
32682,UK/BAG/53N16/2018/11,Uttarakhand,Bageshwar,gasongad Kapkot- Badiakot,30.004775,79.878425,Rock Slide 2014
32683,UK/PIT/62B04/2018/27,Uttarakhand,Pithoragarh,Sama-Tejam-Munsyari,30.004863,80.128141,Rock cum debris Slide 2013
32684,UK/GAR/53J12/2015/2320,Uttarakhand,Garhwal,Mundneshwar-BedgaonKalgikhal,30.004944,78.72221,Debris Slide NA
32685,UK/PIT/62B04/2018/29,Uttarakhand,Pithoragarh,Sama-Tejam-Munsyari,30.005079,80.138035,Rock cum debris Slide 2013
32686,UK/GAR/53J16/2015/1134,Uttarakhand,Garhwal,,30.005387,78.828959,Debris Slide NA
32687,UK/PIT/62B04/2018/28,Uttarakhand,Pithoragarh,Sama-Tejam-Munsyari,30.005778,80.136022,Debris Slide 2013
32688,UK/PIT/62B04/2018/46,Uttarakhand,Pithoragarh,Sama-Tejam-Munsyari,30.005819,80.182306,Rock Slide 2016
32689,UK/GAR/53J12/2015/2338,Uttarakhand,Garhwal,Thanul-Tolu-Butli-GurethGangothi,30.00648,78.666924,Debris Slide NA
32690,UK/BAG/53N16/2018/13,Uttarakhand,Bageshwar,Near Saran Kapkot- Badiakot,30.006782,79.872573,Rock Slide 2016
32691,UK/GAR/53J12/2015/2408,Uttarakhand,Garhwal,Devaprayag-Kandi-DabarAmolac-Metha-Kathur-Gum,30.007005,78.512231,Debris Slide NA
32692,UK/BAG/53N12/2018/2,Uttarakhand,Bageshwar,Gwaldam Gwaldam-Baijnath,30.007082,79.576448,Rock Topple 2013
32693,UK/GAR/53J16/2015/1145,Uttarakhand,Garhwal,NH-119,30.00722,78.808442,Debris Slide NA
32694,UK/BAG/62B04/2018/12,Uttarakhand,Bageshwar,Sama-Tejam-Munsyari,30.007873,80.038238,Rock Slide 2013
32695,UK/PIT/62B04/2018/26,Uttarakhand,Pithoragarh,Sama-Tejam-Munsyari,30.00804,80.078535,Rock Slide 2013
32696,UK/GAR/53J16/2015/1135,Uttarakhand,Garhwal,,30.008576,78.82105,Rock cum Debris Slide NA
32697,UK/BAG/53N16/2018/12,Uttarakhand,Bageshwar,Kapkot- Badiakot,30.008622,79.876366,Rock Slide 2016
32698,UK/PIT/62B04/2018/39,Uttarakhand,Pithoragarh,Magar Sama-Tejam-Munsyari,30.008669,80.174137,Debris Slide 2011
32699,UK/GAR/53J12/2015/2407,Uttarakhand,Garhwal,Devaprayag-Kandi-DabarAmolac-Metha-Kathur-Gum,30.008929,78.508888,Debris Slide NA
32700,UK/PITH/62B08/2013/0026,Uttarakhand,Pithoragarh,UK/Pith/ MunsyariJauljibi/Vil/BE/0026 Seraghat village,30.00917,80.32028,Debris Slide 16th-17th June 2013
32701,UK/GAR/53J16/2015/1150,Uttarakhand,Garhwal,,30.009277,78.811452,Rock cum Debris Slide NA
32702,UK/GAR/53J16/2015/1144,Uttarakhand,Garhwal,NH-119,30.009334,78.809129,Debris Slide NA
32703,UK/BAG/53N12/2018/3,Uttarakhand,Bageshwar,Gwaldam Gwaldam-Bageshwar,30.009959,79.582735,Rock Slide 2014
32704,UK/PIT/62B12/2020/5,Uttarakhand,Pithoragarh,Tawa Ghat-Narayan ashram,30.01,80.57,Debris Slide 2014
32705,UK/PIT/62B12/2020/6,Uttarakhand,Pithoragarh,Tawa Ghat-Narayan ashram,30.01,80.57,Rock Slide 2014
32706,UK/PIT/62B12/2020/7,Uttarakhand,Pithoragarh,Pangla-Malpa,30.01,80.72,Debris Flow 2018
32707,UK/PIT/62B04/2018/25,Uttarakhand,Pithoragarh,Sama-Tejam-Munsyari,30.01016,80.080263,Rock Slide 2018
32708,UK/PIT/62B04/2018/47,Uttarakhand,Pithoragarh,Sama-Tejam-Munsyari,30.010466,80.178885,Rock Slide 2013
32709,UK/GAR/53J16/2015/1143,Uttarakhand,Garhwal,NH-119,30.010958,78.809518,Rock Slide NA
32710,UK/BAG/53N16/2018/14,Uttarakhand,Bageshwar,Tiladi Kapkot- Badiakot,30.011448,79.874964,Rock Slide 2016
32711,UK/GAR/53J12/2015/2337,Uttarakhand,Garhwal,Thanul-Tolu-Butli-GurethGangothi,30.01171,78.662935,Debris Slide NA
32712,UK/PIT/62B04/2018/24,Uttarakhand,Pithoragarh,Sama-Tejam-Munsyari,30.011826,80.082283,Rock Slide 2018
32713,UK/GAR/53J12/2015/2406,Uttarakhand,Garhwal,Devaprayag-Kandi-DabarAmolac-Metha-Kathur-Gum,30.011961,78.510242,Debris Slide NA
32714,UK/PIT/62B04/2018/19,Uttarakhand,Pithoragarh,Sama-Tejam-Munsyari,30.012179,80.076889,Rock Fall 2017
32715,UK/PIT/62B04/2018/48,Uttarakhand,Pithoragarh,Sama-Tejam-Munsyari,30.012381,80.179194,Rock Slide 2013
32716,UK/BAG/53N16/2018/15,Uttarakhand,Bageshwar,Kapkot- Badiakot,30.01296,79.875795,Rock Slide 2016
32717,UK/PIT/62B04/2018/22,Uttarakhand,Pithoragarh,Sama-Tejam-Munsyari,30.013069,80.080804,Rock Slide 2017
32718,UK/PIT/62B04/2018/23,Uttarakhand,Pithoragarh,Sama-Tejam-Munsyari,30.013111,80.083853,Rock Slide 2018
32719,UK/GAR/53J12/2015/2405,Uttarakhand,Garhwal,Devaprayag-Kandi-DabarAmolac-Metha-Kathur-Gum,30.013305,78.509492,Debris Slide NA
32720,UK/PIT/62B04/2018/21,Uttarakhand,Pithoragarh,Sama-Tejam-Munsyari,30.013318,80.079654,Rock Slide 2017
32721,UK/BAG/53N16/2018/65,Uttarakhand,Pithoragarh,Mussoorie gaon Sama-Gogina,30.013434,80.081127,Rock Slide 2014
32722,UK/BAG/53N16/2018/70,Uttarakhand,Bageshwar,Saling Sama-Gogina,30.013763,79.951405,Rock Slide NA
32723,UK/PITH/62C05/2013/0025,Uttarakhand,Pithoragarh,UK/Pith/ Munsyari- Jauljibi/LS/0025 State Highway,30.01389,80.31889,Rock Fall 16th-17th June 2013
32724,UK/GAR/53J16/2015/1142,Uttarakhand,Garhwal,NH-119,30.013974,78.807365,Rock cum Debris Slide NA
32725,UK/PIT/62B04/2018/18,Uttarakhand,Pithoragarh,Hamti kapri Sama-Tejam-Munsyari,30.014301,80.078292,Rock Slide 2017
32726,UK/CHA/53N08/2018/68,Uttarakhand,Chamoli,Nauli Pharsain-Simana,30.014433,79.308226,Rock Slide 2017
32727,UK/PIT/62B04/2018/72,Uttarakhand,Pithoragarh,Hamti kapri Sama-Gogina,30.014702,80.073485,Debris Slide 2014
32728,UK/BAG/53N16/2018/16,Uttarakhand,Bageshwar,Near Saran Kapkot- Badiakot,30.014722,79.876111,Rock Slide 2016
32729,UK/GAR/53J16/2015/1140,Uttarakhand,Garhwal,NH-119,30.014811,78.806811,Rock cum Debris Slide NA
32730,UK/PIT/62B04/2018/20,Uttarakhand,Pithoragarh,Sama-Tejam-Munsyari,30.014951,80.09204,Rock Slide 2017
32731,UK/GAR/53J16/2015/1139,Uttarakhand,Garhwal,NH-119,30.015096,78.807462,Rock cum Debris Slide NA
32732,UK/BAG/53N16/2018/71,Uttarakhand,Bageshwar,Dobar Kapkot- Badiakot,30.015124,79.874853,Rock Slide 2013
32733,UK/GAR/53J16/2015/1151,Uttarakhand,Garhwal,Jwalpa-Bubakhal Road,30.015141,78.810454,Rock cum Debris Slide NA
32734,UK/GAR/53J12/2015/2319,Uttarakhand,Garhwal,Mundneshwar-BedgaonKalgikhal,30.01526,78.728255,Debris Slide NA
32735,UK/GAR/53J16/2015/1138,Uttarakhand,Garhwal,NH-119,30.015398,78.80778,Rock Slide NA
32736,UK/GAR/53J16/2015/1141,Uttarakhand,Garhwal,NH-119,30.01544,78.808804,Rock Slide NA
32737,UK/PIT/62B04/2018/17,Uttarakhand,Pithoragarh,Sama-Tejam-Munsyari,30.015571,80.07655,Debris Slide 2017
32738,UK/GAR/53J12/2015/2409,Uttarakhand,Garhwal,Devaprayag-Kandi-DabarAmolac-Metha-Kathur-Gum,30.015658,78.521021,Debris Slide NA
32739,UK/PIT/62B04/2018/76,Uttarakhand,Pithoragarh,Hamti kapri Sama-Gogina,30.015689,80.090527,Rock Slide 2014
32740,UK/PIT/62B04/2018/73,Uttarakhand,Pithoragarh,Hamti kapri Sama-Gogina,30.015844,80.088292,Debris Slide 2014
32741,UK/BAG/53N16/2018/17,Uttarakhand,Bageshwar,Kapkot- Badiakot,30.01595,79.877193,Rock cum debris Slide 2016
32742,UK/CHA/53N08/2013/0038,Uttarakhand,Chamoli,UK_CHA_NH_ 038 Agarchatti on Gairsain –Almora road NH-87E,30.016,79.309722,Debris Slide 16th-17th June 2013
32743,UK/PIT/62B04/2018/74,Uttarakhand,Pithoragarh,Hamti kapri Sama-Gogina,30.01601,80.089749,Rock Slide 2014
32744,UK/PIT/62B04/2018/75,Uttarakhand,Pithoragarh,Hamti kapri Sama-Gogina,30.016233,80.089195,Rock Slide 2014
32745,UK/PIT/62B04/2018/16,Uttarakhand,Pithoragarh,Sama-Tejam-Munsyari,30.016435,80.076211,Rock Slide 2017
32746,UK/PIT/62B04/2018/69,Uttarakhand,Bageshwar,Jaiti Sama-Gogina,30.016521,80.050232,Debris Slide NA
32747,UK/BAG/53N16/2018/67,Uttarakhand,Bageshwar,Dobar Kapkot- Badiakot,30.017324,79.878618,Rock Slide NA
32748,UK/GAR/53J12/2015/2336,Uttarakhand,Garhwal,Thanul-Tolu-Butli-GurethGangothi,30.017393,78.655806,Debris Slide NA
32749,UK/PIT/62B04/2018/38,Uttarakhand,Pithoragarh,Magar Sama-Tejam-Munsyari,30.01742,80.150755,Rock cum debris Slide 2011
32750,UK/GAR/53J12/2015/2333,Uttarakhand,Garhwal,Thanul-Tolu-Butli-GurethGangothi,30.017643,78.667229,Debris Slide NA
32751,UK/GAR/53J12/2015/2335,Uttarakhand,Garhwal,Thanul-Tolu-Butli-GurethGangothi,30.017812,78.658054,Rock cum Debris Slide NA
32752,UK/GAR/53J12/2015/2334,Uttarakhand,Garhwal,Thanul-Tolu-Butli-GurethGangothi,30.017883,78.659361,Debris Slide NA
32753,UK/PAU/53N04/2018/7,Uttarakhand,Pauri Garhwal,Majkhola Rangao-Bagwari-Thalisain,30.018083,79.096333,Rock Slide 2018
32754,UK/BAG/62B04/2018/11,Uttarakhand,Bageshwar,Sama-Tejam-Munsyari,30.018116,80.048632,Rock Slide 2013
32755,UK/BAG/53N16/2018/5,Uttarakhand,Bageshwar,Loharkhet road Kapkot- Badiakot,30.018364,79.945923,Rock Slide 2014
32756,UK/BAG/53N16/2018/64,Uttarakhand,Bageshwar,Saling Sama-Gogina,30.018512,79.950806,Rock cum debris Slide 2018
32757,UK/PIT/62B04/2018/77,Uttarakhand,Pithoragarh,Mussoorie gaon Sama-Gogina,30.018568,80.132794,Rock Slide 2014
32758,UK/PIT/62B04/2018/15,Uttarakhand,Pithoragarh,hokara Sama-Tejam-Munsyari,30.018925,80.077564,Debris Slide 2017
32759,UK/GAR/53J12/2015/2332,Uttarakhand,Garhwal,Thanul-Tolu-Butli-GurethGangothi,30.019881,78.671752,Debris Slide NA
32760,UK/PIT/62B04/2018/37,Uttarakhand,Pithoragarh,Magar Sama-Tejam-Munsyari,30.019884,80.149946,Rock Slide 2011
32761,UK/CHA/62B08/2020/3,Uttarakhand,Chamoli,Walthi-Madkot-Munsiyari,30.02,80.3,Debris Slide 2009
32762,UK/CHA/62B08/2020/4,Uttarakhand,Chamoli,Walthi-Madkot-Munsiyari,30.02,80.3,Debris Slide 2009
32763,UK/CHA/62B08/2020/8,Uttarakhand,Chamoli,Seraghat-Munsiyari,30.02,80.32,Debris Slide 2018
32764,UK/PIT/62B04/2018/36,Uttarakhand,Pithoragarh,Magar Sama-Tejam-Munsyari,30.020267,80.149289,Rock Slide 2012
32765,UK/GAR/53J16/2015/1131,Uttarakhand,Garhwal,NH-119,30.020449,78.806415,Debris Slide NA
32766,UK/BAG/53N16/2018/18,Uttarakhand,Bageshwar,Saran Kapkot- Badiakot,30.020531,79.878588,Rock cum debris Slide 2014
32767,UK/GAR/53J12/2015/2390,Uttarakhand,Garhwal,Devaprayag-Vyasghat-Basgari,30.020716,78.634591,Debris Slide NA
32768,UK/PITH/62B04/2013/0009,Uttarakhand,Pithoragarh,"UK/Pith/ Thal-Munsyari/LS/0009 La, Jekhla (Dapha) Village",30.02083,80.15694,Rock cum Debris Fall 16th-17th June 2013
32769,UK/CHA/53N12/2018/28,Uttarakhand,Chamoli,Kheta Kheta-Tharali,30.020882,79.707188,Rock Slide 2018
32770,UK/GAR/53J16/2015/1130,Uttarakhand,Garhwal,NH-119,30.020901,78.807375,Rock Slide NA
32771,UK/CHA/53N12/2018/37,Uttarakhand,Chamoli,Bajai Bajai-Tharali,30.0215,79.664722,Rock Slide 2018
32772,UK/CHA/53N12/2018/35,Uttarakhand,Chamoli,Bajai Bajai-Tharali,30.021831,79.677064,Debris Slide 2018
32773,UK/CHA/53N12/2018/29,Uttarakhand,Chamoli,Kheta Kheta-Tharali,30.022361,79.706111,Rock Slide 2017
32774,UK/CHA/53N12/2018/32,Uttarakhand,Chamoli,Naldura Naldura-Tharali,30.02253,79.697376,Rock Slide 2016
32775,UK/BAG/53N16/2018/19,Uttarakhand,Bageshwar,Kapkot- Badiakot,30.02255,79.877392,Rock cum debris Slide 2014
32776,UK/CHA/53N12/2018/31,Uttarakhand,Chamoli,Naldura Naldura-Tharali,30.022722,79.697906,Rock Slide 2017
32777,UK/CHA/53N12/2018/34,Uttarakhand,Chamoli,Bajai Bajai-Tharali,30.022759,79.68238,Rock Slide 2018
32778,UK/GAR/53J16/2015/1152,Uttarakhand,Garhwal,Jwalpa-Bubakhal Road,30.022814,78.819079,Rock Slide NA
32779,UK/BAG/53N16/2018/20,Uttarakhand,Bageshwar,Kapkot- Badiakot,30.022861,79.878167,Rock cum debris Slide 2014
32780,UK/BAG/53N16/2018/4,Uttarakhand,Bageshwar,Loharkhet,30.023317,79.951982,Rock Slide 2014
32781,UK/CHA/53N12/2018/30,Uttarakhand,Chamoli,Naldura Naldura-Tharali,30.023392,79.700172,Rock Slide 2017
32782,UK/CHA/53N12/2018/36,Uttarakhand,Chamoli,Bajai Bajai-Tharali,30.023544,79.670359,Rock Slide 2018
32783,UK/CHA/53N12/2018/33,Uttarakhand,Chamoli,Malkhet Malkhet-Tharali,30.024354,79.692459,Rock Fall 2018
32784,UK/BAG/62B04/2018/10,Uttarakhand,Bageshwar,Sama-Tejam-Munsyari,30.024552,80.04285,Rock Slide NA
32785,UK/CHA/53N12/2018/9,Uttarakhand,Chamoli,Kothi Kothi-Bageshwar,30.024639,79.564146,Debris Slide 2016
32786,UK/PIT/62B04/2018/70,Uttarakhand,Pithoragarh,Hamti kapri Sama-Gogina,30.024687,80.065764,Rock cum debris Slide 2016
32787,UK/PIT/62B04/2018/71,Uttarakhand,Pithoragarh,Hamti kapri Sama-Gogina,30.025169,80.068361,Rock cum debris Slide 2006
32788,UK/CHA/53N12/2018/4,Uttarakhand,Chamoli,Chidanga Chidanga-Bageshwar,30.025714,79.556669,Rock Slide 2017
32789,UK/GAR/53J12/2015/2404,Uttarakhand,Garhwal,Devaprayag-Kandi-DabarAmolac-Metha-Kathur-Gum,30.025798,78.532462,Rock cum Debris Slide NA
32790,UK/BAG/53N16/2018/21,Uttarakhand,Bageshwar,Sapoli Kapkot- Badiakot,30.026118,79.883011,Rock cum debris Slide 2018
32791,UK/CHA/53N12/2018/5,Uttarakhand,Chamoli,Trikot Trikot-Bageshwar,30.026494,79.55683,Debris Slide 2018
32792,UK/BAG/62B04/2018/7,Uttarakhand,Bageshwar,Sama-Tejam-Munsyari,30.02667,80.03977,Rock cum debris Slide NA
32793,UK/GAR/53J16/2015/1129,Uttarakhand,Garhwal,NH-119,30.027024,78.809589,Rock cum Debris Slide NA
32794,UK/PIT/62B04/2018/78,Uttarakhand,Pithoragarh,Gini Sama-Gogina,30.027087,80.161438,Debris Slide 2014
32795,UK/BAG/53N16/2018/69,Uttarakhand,Bageshwar,Kapali Kamera Kapkot- Badiakot,30.027193,79.916258,Rock Slide 2017
32796,UK/GAR/53J16/2015/1128,Uttarakhand,Garhwal,NH-119,30.027475,78.804008,Rock Slide NA
32797,UK/CHA/53N12/2018/17,Uttarakhand,Chamoli,Gwaldam Gwaldam-Baijnath,30.027649,79.524498,Debris Slide 2017
32798,UK/CHA/53N12/2018/19,Uttarakhand,Chamoli,Badhangarh Badhangarh-Baijnath,30.027674,79.518612,Soil Slide 2018
32799,UK/GAR/53J12/2015/2403,Uttarakhand,Garhwal,Devaprayag-Kandi-DabarAmolac-Metha-Kathur-Gum,30.027766,78.537875,Debris Slide NA
32800,UK/CHA/53N12/2018/18,Uttarakhand,Chamoli,Badhangarh Badhangarh-Baijnath,30.028163,79.52309,Soil Slide 2015
32801,UK/CHA/53N12/2018/6,Uttarakhand,Chamoli,Trikot Trikot-Bageshwar,30.02823,79.556636,Debris Slide 2018
32802,UK/CHA/53N08/2018/43,Uttarakhand,Chamoli,Phuldungi Pajyuna-Bhangu,30.028465,79.26164,Rock Slide 2018
32803,UK/BAG/53N16/2018/22,Uttarakhand,Bageshwar,Kapkot- Badiakot,30.028735,79.88392,Rock cum debris Slide 2016
32804,UK/BAG/53N16/2018/24,Uttarakhand,Bageshwar,Kapkot- Badiakot,30.02882,79.888365,Rock cum debris Slide 2013
32805,UK/BAG/62B04/2018/9,Uttarakhand,Bageshwar,Sama-Tejam-Munsyari,30.028953,80.035717,Rock Slide NA
32806,UK/CHA/53N12/2018/7,Uttarakhand,Chamoli,Trikot Trikot-Bageshwar,30.029199,79.556635,Debris Slide 2018
32807,UK/BAG/53N16/2018/23,Uttarakhand,Bageshwar,Kapkot- Badiakot,30.029579,79.886523,Rock cum debris Slide NA
32808,UK/BAG/53N16/2018/25,Uttarakhand,Bageshwar,Kapkot- Badiakot,30.029958,79.88793,Debris Slide 2017
32809,UK/CHA/62B08/2020/2,Uttarakhand,Chamoli,Walthi-Madkot-Munsiyari,30.03,80.31,Rock Slide 2016
32810,UK/CHA/53N08/2018/42,Uttarakhand,Chamoli,Phuldungi Pajyuna-Bhangu,30.030104,79.264309,Debris Slide 2018
32811,UK/CHA/53N12/2018/27,Uttarakhand,Chamoli,Kheta Kheta-Tharali,30.030254,79.742049,Debris Slide 2018
32812,UK/BAG/53N16/2018/68,Uttarakhand,Bageshwar,Kapali Kamera Kapkot- Badiakot,30.030262,79.916484,Rock Slide 2017
32813,UK/CHA/53N12/2018/10,Uttarakhand,Chamoli,Kothi Kothi-Bageshwar,30.03125,79.567306,Soil Slide 2016
32814,UK/PIT/62B04/2018/35,Uttarakhand,Pithoragarh,Chaura Sama-Tejam-Munsyari,30.031513,80.171519,Debris Slide 2012
32815,UK/PAU/53N04/2018/6,Uttarakhand,Pauri Garhwal,Majkhola Rangao-Bagwari-Thalisain,30.03153,79.076055,Rock Slide 2018
32816,UK/CHA/53N12/2018/39,Uttarakhand,Chamoli,Bajai Bajai-Tharali,30.031639,79.653889,Debris Slide 2018
32817,UK/CHA/53N12/2018/11,Uttarakhand,Chamoli,Kothi Kothi-Bageshwar,30.031662,79.567873,Soil Slide 2017
32818,UK/PIT/62B04/2018/34,Uttarakhand,Pithoragarh,Chaura Sama-Tejam-Munsyari,30.031684,80.170539,Debris Subsidence 2012
32819,UK/PIT/62B04/2018/49,Uttarakhand,Pithoragarh,Ratapani Sama-Tejam-Munsyari,30.031921,80.197792,Rock Slide 2014
32820,UK/CHA/53N12/2018/38,Uttarakhand,Chamoli,Bajai Bajai-Tharali,30.032121,79.654223,Debris Slide 2018
32821,UK/BAG/62B04/2018/8,Uttarakhand,Bageshwar,Sama-Tejam-Munsyari,30.032446,80.025715,Rock Slide NA
32822,UK/BAG/53N16/2018/26,Uttarakhand,Bageshwar,Kapkot- Badiakot,30.032511,79.88661,Rock cum debris Slide 2017
32823,UK/GAR/53J12/2015/2389,Uttarakhand,Garhwal,Devaprayag-Vyasghat-Basgari,30.032933,78.629766,Debris Slide NA
32824,UK/CHA/53N12/2018/40,Uttarakhand,Chamoli,Boragarh Boragarh-Tharali,30.032952,79.65191,Debris Slide 2018
32825,UK/CHA/53N12/2018/12,Uttarakhand,Chamoli,Kothi Kothi-Bageshwar,30.033171,79.56956,Debris Slide 2015
32826,UK/GAR/53J12/2015/2388,Uttarakhand,Garhwal,Devaprayag-Vyasghat-Basgari,30.033333,78.629833,Debris Slide NA
32827,UK/CHA/53N12/2018/13,Uttarakhand,Chamoli,Kothi Kothi-Baijnath,30.033917,79.569917,Debris Slide 2014
32828,UK/BAG/53N16/2018/27,Uttarakhand,Bageshwar,Kapkot- Badiakot,30.034,79.887982,Rock cum debris Slide 2014
32829,UK/PIT/62B04/2018/53,Uttarakhand,Pithoragarh,Sama-Tejam-Munsyari,30.034413,80.189057,Rock Slide 2016
32830,UK/BAG/62B04/2018/6,Uttarakhand,Bageshwar,Sama-Tejam-Munsyari,30.035419,80.048113,Rock Slide NA
32831,UK/GAR/53J12/2015/2387,Uttarakhand,Garhwal,Devaprayag-Vyasghat-Basgari,30.035552,78.629425,Debris Slide NA
32832,UK/GAR/53J16/2015/1127,Uttarakhand,Garhwal,NH-119,30.035699,78.795928,Rock Slide NA
32833,UK/GAR/53J12/2015/2441,Uttarakhand,Garhwal,Devaprayag-Umrasu-LaseraVyasghat,30.036028,78.633262,Debris Slide NA
32834,UK/CHA/53N12/2018/41,Uttarakhand,Chamoli,Boragarh Boragarh-Tharali,30.036059,79.64155,Rock Slide 2018
32835,UK/BAG/53N16/2018/51,Uttarakhand,Bageshwar,pethi Kapkot- Badiakot,30.03657,79.914958,Rock Slide 2014
32836,UK/BAG/53N16/2018/3,Uttarakhand,Bageshwar,ratir,30.036698,79.956484,Rock Slide 2014
32837,UK/PIT/62B04/2018/52,Uttarakhand,Pithoragarh,Sama-Tejam-Munsyari,30.037064,80.180079,Rock Slide 2014
32838,UK/GAR/53J12/2015/2442,Uttarakhand,Garhwal,Devaprayag-Umrasu-LaseraVyasghat,30.037103,78.630754,Debris Slide NA
32839,UK/BAG/53N16/2018/29,Uttarakhand,Bageshwar,Karmi Kapkot- Badiakot,30.037366,79.891929,Debris Slide 2018
32840,UK/CHA/53N12/2018/14,Uttarakhand,Chamoli,Nandkesri Nandkesri-Bageshwar,30.037583,79.564306,Rock Fall 2016
32841,UK/GAR/53J12/2015/2440,Uttarakhand,Garhwal,Devaprayag-Umrasu-LaseraVyasghat,30.03798,78.630798,Debris Slide NA
32842,UK/BAG/62B04/2018/5,Uttarakhand,Bageshwar,Sama-Tejam-Munsyari,30.038199,80.045799,Rock Slide NA
32843,UK/BAG/62B04/2018/3,Uttarakhand,Bageshwar,Sama-Tejam-Munsyari,30.038255,80.057943,Rock Slide 2014
32844,UK/GAR/53J12/2015/2331,Uttarakhand,Garhwal,Adwani-Bherakhal,30.038385,78.648304,Rock cum Debris Slide NA
32845,UK/GAR/53J16/2015/1126,Uttarakhand,Garhwal,NH-119,30.038415,78.793859,Rock cum Debris Slide NA
32846,UK/BAG/53N16/2013/0057,Uttarakhand,Bageshwar,UK_BAG_Trek_ 57 Shuding Village,30.038583,79.949944,Debris Slide 16th-17th June 2013
32847,UK/PIT/62B04/2018/51,Uttarakhand,Pithoragarh,Sama-Tejam-Munsyari,30.038586,80.182736,Rock cum debris Slide 2014
32848,UK/UTT/53I16/2013/0030,Uttarakhand,Uttarkashi,"UK_UTT_NH108_L30 NH-108, Sartia slide",30.0394,78.7947,Debris Flow 16th-17th June 2013
32849,UK/GAR/53J12/2015/2386,Uttarakhand,Garhwal,Devaprayag-Vyasghat-Basgari,30.039586,78.622311,Debris Slide NA
32850,UK/GAR/53J12/2015/2321,Uttarakhand,Garhwal,Mundneshwar-BedgaonKalgikhal,30.039689,78.73458,Debris Slide NA
32851,UK/CHA/53N12/2018/8,Uttarakhand,Chamoli,Vijaypur Vijaypur-Bageshwar,30.039731,79.545233,Debris Slide 2018
32852,UK/BAG/53N16/2018/63,Uttarakhand,Bageshwar,Ratir Sama-Gogina,30.03986,80.056334,Rock Slide 2018
32853,UK/CHA/62B08/2020/1,Uttarakhand,Chamoli,Walthi-Madkot-Munsiyari,30.04,80.3,Debris Slide 2016
32854,UK/CHA/62B08/2020/14,Uttarakhand,Chamoli,Mani-Golma-Askhet,30.04,80.29,Debris Slide 2016
32855,UK/CHA/62B08/2020/18,Uttarakhand,Chamoli,Mani-Golma-Askhet,30.04,80.29,Debris Slide 2016
32856,UK/CHA/62B08/2020/23,Uttarakhand,Chamoli,Seraghat-Munsiyari,30.04,80.31,Debris Slide 2014
32857,UK/BAG/53N16/2018/28,Uttarakhand,Bageshwar,Kapkot- Badiakot,30.040099,79.892962,Rock cum debris Slide 2014
32858,UK/GAR/53J12/2015/2322,Uttarakhand,Garhwal,Mundneshwar-BedgaonKalgikhal,30.040249,78.734579,Debris Slide NA
32859,UK/PIT/62B04/2018/50,Uttarakhand,Pithoragarh,Sama-Tejam-Munsyari,30.040403,80.192832,Rock cum debris Slide 2014
32860,UK/BAG/62B04/2018/4,Uttarakhand,Bageshwar,Sama-Tejam-Munsyari,30.040444,80.054622,Rock Slide 2014
32861,UK/CHA/53N12/2018/15,Uttarakhand,Chamoli,Chepdon Chepdon-Bageshwar,30.040847,79.550468,Debris Slide 2018
32862,UK/CHA/53N12/2018/45,Uttarakhand,Chamoli,Padmalla Padmalla-Tharali,30.041083,79.609917,Debris Slide 2018
32863,UK/GAR/53J16/2015/1125,Uttarakhand,Garhwal,NH-119,30.04127,78.795058,Rock cum Debris Slide NA
32864,UK/UTT/53I16/2013/0031,Uttarakhand,Uttarkashi,"UK_UTT_NH108_L31 NH-108, Jangla slide-1",30.0413,78.8013,Debris Flow 16th-17th June 2013
32865,UK/GAR/53J12/2015/2323,Uttarakhand,Garhwal,Mundneshwar-BedgaonKalgikhal,30.041348,78.733687,Debris Slide NA
32866,UK/CHA/53N12/2018/16,Uttarakhand,Chamoli,Chepdon Chepdon-Bageshwar,30.041499,79.548333,Debris Slide 2014
32867,UK/GAR/53J12/2015/2324,Uttarakhand,Garhwal,Mundneshwar-BedgaonKalgikhal,30.041721,78.732864,Debris Slide NA
32868,UK/BAG/53N16/2018/30,Uttarakhand,Bageshwar,Karmi Kapkot- Badiakot,30.041825,79.895211,Rock Slide 2014
32869,UK/CHA/53N12/2018/43,Uttarakhand,Chamoli,Boragarh Boragarh-Tharali,30.042785,79.618195,Rock Slide 2018
32870,UK/CHA/53N12/2018/42,Uttarakhand,Chamoli,Boragarh Boragarh-Tharali,30.042833,79.617806,Rock Slide 2018
32871,UK/UTT/53I16/2013/0032,Uttarakhand,Uttarkashi,"UK_UTT_NH108_L32 NH-108,Jangla slide-2",30.0441,78.8138,Debris Flow 16th-17th June 2013
32872,UK/BAG/53N16/2018/31,Uttarakhand,Bageshwar,Karmi Kapkot- Badiakot,30.044331,79.895493,Rock Slide 2014
32873,UK/BAG/53N16/2018/32,Uttarakhand,Bageshwar,Karmi Kapkot- Badiakot,30.044537,79.895517,Rock cum debris Slide 2014
32874,UK/GAR/53J16/2015/1124,Uttarakhand,Garhwal,NH-119,30.04482,78.795034,Rock Slide NA
32875,UK/CHA/53N12/2018/179,Uttarakhand,Chamoli,Tharali Tharali-Bageshwar,30.044957,79.572254,Rock Slide 2018
32876,UK/GAR/53J12/2015/2385,Uttarakhand,Garhwal,Devaprayag-Vyasghat-Basgari,30.045222,78.612361,Debris Slide NA
32877,UK/CHA/53N12/2018/47,Uttarakhand,Chamoli,Talor Talor-Tharali,30.045431,79.604978,Debris Slide 2016
32878,UK/BAG/62B04/2018/2,Uttarakhand,Bageshwar,Ratir Sama-Tejam-Munsyari,30.045439,80.060286,Rock Slide 2014
32879,UK/CHA/53N12/2018/46,Uttarakhand,Chamoli,Talor Talor-Tharali,30.045488,79.6114,Debris Slide 2017
32880,UK/CHA/53N12/2018/44,Uttarakhand,Chamoli,Padmalla Padmalla-Tharali,30.045583,79.614434,Rock Slide 2018
32881,UK/BAG/53N16/2018/33,Uttarakhand,Bageshwar,Karmi Kapkot- Badiakot,30.045661,79.895352,Rock Slide 2016
32882,UK/GAR/53J12/2015/2384,Uttarakhand,Garhwal,Devaprayag-Vyasghat-Basgari,30.045667,78.611861,Debris Slide NA
32883,UK/CHA/53N12/2018/20,Uttarakhand,Chamoli,Hartoli Hartoli-Baijnath,30.046306,79.49987,Debris Slide 2018
32884,UK/CHA/53N12/2018/178,Uttarakhand,Chamoli,Tharali Tharali-Baijnath,30.046987,79.573925,Debris Slide 2016
32885,UK/BAG/53N16/2018/50,Uttarakhand,Bageshwar,Kapkot- Badiakot,30.0478,79.898705,Rock cum debris Slide 2014
32886,UK/PITH/62B08/2013/0024,Uttarakhand,Pithoragarh,UK/Pith/ MunsyariJauljibi/Vil/BE/0024 State Highway,30.04806,80.30417,Debris Slide 16th-17th June 2013
32887,UK/CHA/62B08/2020/5,Uttarakhand,Chamoli,Walthi-Madkot-Munsiyari,30.05,80.32,Rock Slide 2016
32888,UK/CHA/62B08/2020/6,Uttarakhand,Chamoli,Walthi-Madkot-Munsiyari,30.05,80.32,Debris Slide 2016
32889,UK/CHA/62B08/2020/12,Uttarakhand,Chamoli,Mani-Golma-Askhet,30.05,80.28,Debris Slide 2016
32890,UK/CHA/62B08/2020/13,Uttarakhand,Chamoli,Mani-Golma-Askhet,30.05,80.28,Debris Slide 2016
32891,UK/CHA/62B08/2020/15,Uttarakhand,Chamoli,Mani-Golma-Askhet,30.05,80.28,Debris Slide 2016
32892,UK/CHA/62B08/2020/19,Uttarakhand,Chamoli,Walthi-Madkot-Munsiyari,30.05,80.3,Debris Slide 2016
32893,UK/CHA/62B08/2020/20,Uttarakhand,Chamoli,Walthi-Madkot-Munsiyari,30.05,80.3,Rock Slide 2016
32894,UK/CHA/62B08/2020/21,Uttarakhand,Chamoli,Walthi-Madkot-Munsiyari,30.05,80.32,Rock Slide 2016
32895,UK/CHA/62B08/2020/24,Uttarakhand,Chamoli,Walthi-Madkot-Munsiyari,30.05,80.3,Debris Slide 2016
32896,UK/CHA/62B08/2020/25,Uttarakhand,Chamoli,Walthi-Madkot-Munsiyari,30.05,80.31,Debris Slide 2016
32897,UK/CHA/62B08/2020/26,Uttarakhand,Chamoli,Walthi-Madkot-Munsiyari,30.05,80.31,Rock Slide 2016
32898,UK/CHA/62B08/2020/27,Uttarakhand,Chamoli,Walthi-Madkot-Munsiyari,30.05,80.31,Rock Slide 2016
32899,UK/BAG/53N16/2018/49,Uttarakhand,Bageshwar,Kapkot- Badiakot,30.050166,79.894089,Rock cum debris Slide 2006
32900,UK/GAR/53J12/2015/2397,Uttarakhand,Garhwal,Devaprayag-Kandi-DabarAmolac-Metha-Kathur-Gum,30.050407,78.558517,Debris Slide NA
32901,UK/GAR/53J12/2015/2395,Uttarakhand,Garhwal,Devaprayag-Kandi-DabarAmolac-Metha-Kathur-Gum,30.050691,78.579962,Debris Slide NA
32902,UK/BAG/53N16/2018/34,Uttarakhand,Bageshwar,Kapkot- Badiakot,30.050805,79.892422,Rock Slide 2018
32903,UK/BAG/53N16/2018/1,Uttarakhand,Bageshwar,Karmi Kapkot- Badiakot,30.051019,79.892547,Rock Slide 2016
32904,UK/BAG/53N16/2018/43,Uttarakhand,Bageshwar,Kapkot- Badiakot,30.051421,79.879186,Rock Slide 2018
32905,UK/BAG/53N16/2018/62,Uttarakhand,Bageshwar,Ratir Sama-Gogina,30.052088,80.062324,Rock Slide 2018
32906,UK/PIT/62B04/2018/43,Uttarakhand,Pithoragarh,Sama-Tejam-Munsyari,30.05253,80.220333,Rock Fall 2016
32907,UK/BAG/53N16/2018/48,Uttarakhand,Bageshwar,Kapkot- Badiakot,30.053843,79.891986,Rock Slide 2016
32908,UK/BAG/53N16/2018/2,Uttarakhand,Bageshwar,Rikhari Kapkot -Loharket,30.053889,79.97,Rock Slide 2014
32909,UK/BAG/53N16/2018/42,Uttarakhand,Bageshwar,Kapkot- Badiakot,30.053955,79.878311,Rock Slide 2017
32910,UK/PITH/62B04/2013/0010,Uttarakhand,Pithoragarh,UK/Pith/ Thal-Munsyari/SZ/,10,30.05417,80.21722 Debris Fall 16th-17th June 2013
32911,UK/BAG/53N16/2018/41,Uttarakhand,Bageshwar,Kapkot- Badiakot,30.054214,79.878359,Rock cum debris Slide 2016
32912,UK/PIT/62B04/2018/44,Uttarakhand,Pithoragarh,Sama-Tejam-Munsyari,30.054285,80.216462,Rock Slide 2016
32913,UK/CHA/53N12/2018/177,Uttarakhand,Chamoli,Tharali Tharali-Bageshwar,30.054695,79.576505,Rock Slide 2015
32914,UK/BAG/53N16/2018/47,Uttarakhand,Bageshwar,Kapkot- Badiakot,30.055433,79.89527,Rock cum debris Slide NA
32915,UK/CHA/53N12/2018/48,Uttarakhand,Chamoli,Dewal Dewal-Tharali,30.05549,79.588933,Rock Slide 2018
32916,UK/GAR/53J12/2015/2396,Uttarakhand,Garhwal,Devaprayag-Kandi-DabarAmolac-Metha-Kathur-Gum,30.055949,78.567131,Debris Slide NA
32917,UK/CHA/53N12/2018/49,Uttarakhand,Chamoli,Dewal Dewal-Tharali,30.056194,79.595,Rock Fall 2018
32918,UK/BAG/53N16/2018/36,Uttarakhand,Bageshwar,Kapkot- Badiakot,30.056314,79.894072,Rock Slide 2013
32919,UK/GAR/53J12/2015/2383,Uttarakhand,Garhwal,Devaprayag-Vyasghat-Basgari,30.056506,78.599874,Debris Slide NA
32920,UK/BAG/53N16/2018/35,Uttarakhand,Bageshwar,Kapkot- Badiakot,30.056638,79.892764,Rock cum debris Slide 2013
32921,UK/GAR/53J12/2015/2325,Uttarakhand,Garhwal,Adwani-Bherakhal,30.056673,78.663248,Debris Slide NA
32922,UK/GAR/53J12/2015/2330,Uttarakhand,Garhwal,Adwani-Bherakhal,30.056744,78.655905,Debris Slide NA
32923,UK/PITH/62B08/2013/0023,Uttarakhand,Pithoragarh,UK/Pith/MunsyariJauljibi/Vil/BE/0023 State Highway,30.0575,80.29222,Debris 16th-17th June 2013
32924,UK/BAG/53N16/2018/37,Uttarakhand,Bageshwar,Kapkot- Badiakot,30.057727,79.892303,Rock Slide 2013
32925,UK/CHA/53N12/2018/186,Uttarakhand,Chamoli,Tharali Tharali-Baijnath,30.05775,79.524562,Rock Slide 2018
32926,UK/GAR/53J12/2015/2329,Uttarakhand,Garhwal,Adwani-Bherakhal,30.057836,78.653375,Debris Slide NA
32927,UK/CHA/53N12/2018/187,Uttarakhand,Chamoli,Tharali Tharali-Bageshwar,30.057995,79.523811,Rock Slide 2014
32928,UK/CHA/53N12/2018/185,Uttarakhand,Chamoli,Tharali Tharali-Baijnath,30.058004,79.524276,Rock Slide 2018
32929,UK/CHA/53N12/2018/184,Uttarakhand,Chamoli,Tharali Tharali-Baijnath,30.058194,79.524083,Rock Slide 2018
32930,UK/CHA/53N12/2018/188,Uttarakhand,Chamoli,Tharali Tharali-Bageshwar,30.058333,79.523083,Rock Slide 2016
32931,UK/CHA/53N12/2018/189,Uttarakhand,Chamoli,Tharali Tharali-Bageshwar,30.058696,79.522481,Rock Slide 2018
32932,UK/CHA/53N12/2018/183,Uttarakhand,Chamoli,Tharali Tharali-Baijnath,30.05875,79.523611,Rock Slide 2018
32933,UK/BAG/53N16/2018/54,Uttarakhand,Bageshwar,Ratir Sama-Tejam-Munsyari,30.059235,80.065848,Rock Slide 2014
32934,UK/CHA/53N12/2018/182,Uttarakhand,Chamoli,Tharali Tharali-Baijnath,30.059867,79.521037,Rock Slide 2017
32935,UK/CHA/62B08/2020/9,Uttarakhand,Chamoli,Walthi-Madkot-Munsiyari,30.06,80.31,Rock Slide 2018
32936,UK/BAG/53N16/2018/38,Uttarakhand,Bageshwar,Kapkot- Badiakot,30.060032,79.89217,Rock Slide 2013
32937,UK/CHA/53N08/2018/84,Uttarakhand,Chamoli,Gandauni Phuldungi-Jagri-Gairsain,30.060085,79.26468,Rock Slide 2014
32938,UK/BAG/53N16/2018/39,Uttarakhand,Bageshwar,Kapkot- Badiakot,30.060354,79.884246,Rock Slide NA
32939,UK/PIT/62B04/2018/41,Uttarakhand,Pithoragarh,Sama-Tejam-Munsyari,30.060397,80.229094,Rock Slide 2013
32940,UK/BAG/53N16/2018/53,Uttarakhand,Pithoragarh,Sama-Tejam-Munsyari,30.060405,80.071308,Rock Slide 2014
32941,UK/CHA/53N08/2018/83,Uttarakhand,Chamoli,Gandauni Phuldungi-Jagri-Gairsain,30.060492,79.265047,Rock Slide 2014
32942,UK/CHA/53N12/2018/176,Uttarakhand,Chamoli,Tharali Tharali-Bageshwar,30.061038,79.522619,Rock Slide 2018
32943,UK/CHA/53N08/2018/82,Uttarakhand,Chamoli,Gandauni Phuldungi-Jagri-Gairsain,30.061041,79.26574,Rock Slide 2014
32944,UK/PIT/62B04/2018/42,Uttarakhand,Pithoragarh,Sama-Tejam-Munsyari,30.061161,80.227358,Rock cum debris Slide 2016
32945,UK/BAG/53N16/2018/40,Uttarakhand,Bageshwar,Kapkot- Badiakot,30.061285,79.883487,Rock Slide 2016
32946,UK/CHA/53N12/2018/180,Uttarakhand,Chamoli,Tharali Tharali-Bageshwar,30.061306,79.522167,Debris Slide 2018
32947,UK/CHA/53N12/2018/181,Uttarakhand,Chamoli,Tharali Tharali-Baijnath,30.061404,79.521704,Rock Slide 2018
32948,UK/GAR/53J16/2015/1123,Uttarakhand,Garhwal,NH-119,30.061521,78.78082,Rock Slide NA
32949,UK/CHA/53N12/2018/148,Uttarakhand,Chamoli,Junidhar Junidhar-Tharali,30.061556,79.536278,Debris Slide 2018
32950,UK/GAR/53J12/2015/2382,Uttarakhand,Garhwal,Devaprayag-Vyasghat-Basgari,30.061783,78.599259,Debris Slide NA
32951,UK/CHA/53N12/2018/175,Uttarakhand,Chamoli,Tharali Tharali-Bageshwar,30.061861,79.524361,Rock Slide 2018
32952,UK/CHA/53N12/2018/147,Uttarakhand,Chamoli,Junidhar Junidhar-Tharali,30.061972,79.535083,Debris Slide 2018
32953,UK/GAR/53J12/2015/2328,Uttarakhand,Garhwal,Adwani-Bherakhal,30.062343,78.652931,Debris Slide NA
32954,UK/CHA/53N12/2018/149,Uttarakhand,Chamoli,Junidhar Junidhar-Tharali,30.062472,79.539667,Rock Slide 2018
32955,UK/GAR/53J12/2015/2402,Uttarakhand,Garhwal,Devaprayag-Kandi-DabarAmolac-Metha-Kathur-Gum,30.062595,78.529731,Debris Slide NA
32956,UK/GAR/53J16/2015/1122,Uttarakhand,Garhwal,NH-119,30.063862,78.779648,Rock Slide NA
32957,UK/PIT/62B04/2018/63,Uttarakhand,Pithoragarh,Sama-Tejam-Munsyari,30.064063,80.24567,Rock cum debris Slide 2014
32958,UK/CHA/53N12/2018/171,Uttarakhand,Chamoli,Tharali Tharali-Baijnath,30.064194,79.529833,Rock Slide 2018
32959,UK/GAR/53J12/2015/2326,Uttarakhand,Garhwal,Adwani-Bherakhal,30.064242,78.650284,Debris Slide NA
32960,UK/CHA/53N12/2018/169,Uttarakhand,Chamoli,Tharali Tharali-Baijnath,30.064325,79.534533,Debris Slide 2018
32961,UK/CHA/53N12/2018/173,Uttarakhand,Chamoli,Tharali Tharali-Bageshwar,30.064556,79.526778,Rock Slide 2015
32962,UK/CHA/53N12/2018/168,Uttarakhand,Chamoli,Tharali Tharali-Baijnath,30.064639,79.534667,Debris Slide 2018
32963,UK/CHA/53N12/2018/170,Uttarakhand,Chamoli,Tharali Tharali-Baijnath,30.064741,79.532731,Rock Slide 2016
32964,UK/CHA/53N12/2018/172,Uttarakhand,Chamoli,Tharali Tharali-Bageshwar,30.064944,79.527528,Rock Slide 2018
32965,UK/GAR/53J12/2015/2398,Uttarakhand,Garhwal,Devaprayag-Kandi-DabarAmolac-Metha-Kathur-Gum,30.064949,78.547607,Debris Slide NA
32966,UK/GAR/53J12/2015/2401,Uttarakhand,Garhwal,Devaprayag-Kandi-DabarAmolac-Metha-Kathur-Gum,30.06503,78.529714,Debris Slide NA
32967,UK/CHA/53N12/2018/174,Uttarakhand,Chamoli,Tharali Tharali-Bageshwar,30.065111,79.526333,Rock Slide 2014
32968,UK/CHA/53N12/2018/166,Uttarakhand,Chamoli,Kurad Kurad-Tharali,30.065361,79.518222,Rock Slide 2018
32969,UK/PIT/62B04/2018/64,Uttarakhand,Pithoragarh,Sama-Tejam-Munsyari,30.066262,80.244848,Rock cum debris Slide 2016
32970,UK/CHA/53N12/2018/164,Uttarakhand,Chamoli,Kurad Kurad-Tharali,30.066667,79.521111,Rock Slide 2015
32971,UK/TEH/53J12/2015/2259,Uttarakhand,Tehri Garhwal,Kaudiyala-Devprayag,30.066944,78.509526,Debris Slide NA
32972,UK/CHA/53N12/2018/87,Uttarakhand,Chamoli,Kandai Kandai-Tharali,30.067029,79.591035,Debris Slide 2018
32973,UK/GAR/53J12/2015/2381,Uttarakhand,Garhwal,Devaprayag-Vyasghat-Basgari,30.067318,78.604202,Debris Slide NA
32974,UK/CHA/53N12/2018/165,Uttarakhand,Chamoli,Kurad Kurad-Tharali,30.067528,79.521306,Rock Slide 2018
32975,UK/CHA/53N12/2018/150,Uttarakhand,Chamoli,Junidhar Junidhar-Tharali,30.068496,79.545166,Debris Slide 2018
32976,UK/BAG/53N16/2018/44,Uttarakhand,Bageshwar,Kapkot- Badiakot,30.068884,79.879114,Debris Slide 2018
32977,UK/CHA/53N12/2018/86,Uttarakhand,Chamoli,Kandai Kandai-Tharali,30.069209,79.587253,Debris Slide 2018
32978,UK/GAR/53J12/2015/2399,Uttarakhand,Garhwal,Devaprayag-Kandi-DabarAmolac-Metha-Kathur-Gum,30.069556,78.536833,Debris Slide NA
32979,UK/CHA/53N12/2018/151,Uttarakhand,Chamoli,Junidhar Junidhar-Tharali,30.069578,79.545252,Rock Slide 2018
32980,UK/GAR/53J16/2015/1167,Uttarakhand,Garhwal,Nautha-Dhulet Road,30.069769,78.994959,Rock Slide NA
32981,UK/GAR/53J16/2015/1168,Uttarakhand,Garhwal,Nautha-Dhulet Road,30.070221,78.99069,Rock cum Debris Slide NA
32982,UK/GAR/53J12/2015/2400,Uttarakhand,Garhwal,Devaprayag-Kandi-DabarAmolac-Metha-Kathur-Gum,30.070905,78.533758,Debris Slide NA
32983,UK/CHA/53N12/2018/167,Uttarakhand,Chamoli,Tharali Kurad-Tharali,30.070978,79.508972,Rock Slide 2014
32984,UK/CHA/53N12/2018/152,Uttarakhand,Chamoli,Bothinda Bothinda-Tharali,30.071139,79.54575,Debris Slide 2018
32985,UK/CHA/53N12/2018/81,Uttarakhand,Chamoli,Sawad Sawad-Tharali,30.071222,79.6035,Rock Slide 2018
32986,UK/GAR/53J16/2015/1121,Uttarakhand,Garhwal,NH-119,30.071298,78.777149,Rock Slide NA
32987,UK/CHA/53N12/2018/80,Uttarakhand,Chamoli,Sawad Sawad-Tharali,30.071417,79.603417,Rock Slide 2018
32988,UK/CHA/53N12/2018/82,Uttarakhand,Chamoli,Sawad Sawad-Tharali,30.0715,79.604306,Rock Slide 2018
32989,UK/CHA/53N12/2018/79,Uttarakhand,Chamoli,Sawad Sawad-Tharali,30.071639,79.603861,Rock Slide 2018
32990,UK/GAR/53J16/2015/1169,Uttarakhand,Garhwal,Nautha-Dhulet Road,30.071784,78.985788,Rock cum Debris Slide NA
32991,UK/GAR/53J16/2015/1170,Uttarakhand,Garhwal,Nautha-Dhulet Road,30.071867,78.984055,Debris Slide NA
32992,UK/CHA/53N12/2018/153,Uttarakhand,Chamoli,Bothinda Bothinda-Tharali,30.071912,79.546712,Rock Slide 2018
32993,UK/GAR/53J12/2015/2340,Uttarakhand,Garhwal,Duduwa Devi-Manjkot-NaunJawara,30.072041,78.660635,Debris Slide NA
32994,UK/CHA/53N12/2018/154,Uttarakhand,Chamoli,Bothinda Bothinda-Tharali,30.072811,79.545783,Rock Slide 2013
32995,UK/CHA/53N12/2018/146,Uttarakhand,Chamoli,Sawad Sawad-Tharali,30.073033,79.597278,Debris Slide 2016
32996,UK/GAR/53J12/2015/2327,Uttarakhand,Garhwal,Adwani-Bherakhal,30.073121,78.651731,Debris Slide NA
32997,UK/TEH/53J12/2015/2258,Uttarakhand,Tehri Garhwal,Kaudiyala-Devprayag,30.073581,78.505395,Debris Slide NA
32998,UK/TEH/53J12/2015/2260,Uttarakhand,Tehri Garhwal,Kaudiyala-Devprayag,30.074042,78.518115,Debris Slide NA
32999,UK/GAR/53J16/2015/1171,Uttarakhand,Garhwal,Saini-Chippalghat Road,30.074913,78.956713,Rock Slide NA
33000,UK/CHA/53N12/2018/83,Uttarakhand,Chamoli,Kandai Kandai-Tharali,30.074917,79.585389,Rock Slide 2015
33001,UK/CHA/53N12/2018/155,Uttarakhand,Chamoli,Bothinda Bothinda-Tharali,30.075117,79.542602,Rock Slide 2014
33002,UK/CHA/53N08/2013/0048,Uttarakhand,Chamoli,"UK_CHA_SH_ 048 East of Chaunda village, on SimliGwaldham",30.07525,79.492389,Debris Slide 16th-17th June 2013
33003,UK/CHA/53N12/2018/85,Uttarakhand,Chamoli,Kandai Kandai-Tharali,30.075333,79.583028,Debris Slide 2018
33004,UK/CHA/53N12/2018/161,Uttarakhand,Chamoli,Kurad Kurad-Tharali,30.076434,79.523014,Debris Slide 2018
33005,UK/CHA/53N12/2018/163,Uttarakhand,Chamoli,Kurad Kurad-Tharali,30.077001,79.521881,Rock Slide 2018
33006,UK/CHA/53N12/2018/84,Uttarakhand,Chamoli,Kandai Kandai-Tharali,30.077111,79.584,Rock Slide 2018
33007,UK/GAR/53J16/2015/1120,Uttarakhand,Garhwal,NH-119,30.07758,78.775187,Rock Slide NA
33008,UK/CHA/53N12/2018/162,Uttarakhand,Chamoli,Kurad Kurad-Tharali,30.078205,79.530003,Rock Slide 2018
33009,UK/TEH/53J12/2015/2265,Uttarakhand,Tehri Garhwal,Kaudiyala-Devprayag,30.078246,78.565123,Debris Slide NA
33010,UK/CHA/53N12/2018/156,Uttarakhand,Chamoli,Bothinda Bothinda-Tharali,30.07868,79.54612,Rock Slide 2018
33011,UK/CHA/53N12/2018/21,Uttarakhand,Chamoli,Tharali Tharali-Bageshwar,30.0787,79.505302,Rock Topple 2014
33012,UK/CHA/62B08/2020/10,Uttarakhand,Chamoli,Mani-Golma-Askhet,30.08,80.27,Rock Slide 2016
33013,UK/CHA/62B08/2020/11,Uttarakhand,Chamoli,Mani-Golma-Askhet,30.08,80.28,Rock Slide 2016
33014,UK/CHA/53N08/2018/26,Uttarakhand,Chamoli,Dobri Naugao-Nauli-Binaouli,30.080302,79.377246,Debris Slide 2014
33015,UK/TEH/53J12/2015/2268,Uttarakhand,Tehri Garhwal,Sour-Bharpur,30.080305,78.563389,Debris Slide NA
33016,UK/BAG/53N16/2018/45,Uttarakhand,Bageshwar,Kapkot- Badiakot,30.080927,79.891424,Debris Slide 2018
33017,UK/TEH/53J12/2015/2269,Uttarakhand,Tehri Garhwal,Sour-Bharpur,30.081067,78.568609,Debris Slide NA
33018,UK/CHA/53N12/2018/145,Uttarakhand,Chamoli,Sawad Sawad-Tharali,30.081101,79.599136,Rock Slide 2018
33019,UK/GAR/53J12/2015/2352,Uttarakhand,Garhwal,Duduwa Devi-Manjkot-NaunJawara,30.081161,78.66312,Debris Slide NA
33020,UK/CHA/53N12/2018/142,Uttarakhand,Chamoli,Sawad Sawad-Tharali,30.081173,79.612894,Debris Slide 2018
33021,UK/PIT/62B04/2018/60,Uttarakhand,Pithoragarh,Sama-Tejam-Munsyari,30.081323,80.242364,Rock cum debris Slide 2014
33022,UK/CHA/53N12/2018/139,Uttarakhand,Chamoli,Sawad Sawad-Tharali,30.082583,79.606306,Debris Slide 2018
33023,UK/CHA/53N12/2018/140,Uttarakhand,Chamoli,Sawad Sawad-Tharali,30.082869,79.607408,Debris Slide 2018
33024,UK/CHA/53N12/2018/141,Uttarakhand,Chamoli,Sawad Sawad-Tharali,30.083264,79.612714,Debris Slide 2018
33025,UK/BAG/53N16/2018/60,Uttarakhand,Bageshwar,Dhaula Kapkot- Badiakot,30.083561,79.880568,Rock Slide 2016
33026,UK/GAR/53J12/2015/2380,Uttarakhand,Garhwal,Devaprayag-Vyasghat-Basgari,30.08414,78.593882,Debris Slide NA
33027,UK/CHA/53N12/2018/160,Uttarakhand,Chamoli,Kurad Kurad-Tharali,30.084222,79.522528,Rock Slide 2014
33028,UK/CHA/53N08/2013/0047,Uttarakhand,Chamoli,UK_CHA_SH_ 047 Near Sunila village along Karnprayag-Gwaldam road.,30.084444,79.484722,Debris Slide 16th-17th June 2013
33029,UK/CHA/53N08/2018/72,Uttarakhand,Chamoli,Malsi Rakholi-Burdang-Narayanbagad,30.084635,79.492223,Rock Slide 2014
33030,UK/GAR/53J12/2015/2353,Uttarakhand,Garhwal,Duduwa Devi-Manjkot-NaunJawara,30.084906,78.667287,Debris Slide NA
33031,UK/CHA/53N12/2018/143,Uttarakhand,Chamoli,Sawad Sawad-Tharali,30.085028,79.60325,Debris Slide 2015
33032,UK/PIT/62B04/2018/59,Uttarakhand,Pithoragarh,Sama-Tejam-Munsyari,30.085168,80.242283,Rock cum debris Slide 2013
33033,UK/BAG/53N16/2018/46,Uttarakhand,Bageshwar,Kapkot- Badiakot,30.085407,79.913111,Rock Slide NA
33034,UK/CHA/53N08/2013/0046,Uttarakhand,Chamoli,UK_CHA_SH_ 046 Near Kakra village along SH,30.085667,79.470194,Rock cum Debris Slide 16th-17th June 2013
33035,UK/CHA/53N08/2018/71,Uttarakhand,Chamoli,Daira Sunaila-Burdang,30.085722,79.470417,Rock Slide 2017
33036,UK/PITH/62B08/2013/0019,Uttarakhand,Pithoragarh,UK/Pith/Munsyari-Jauljibi/LS/0019 State Highway,30.08583,80.25278,Debris cum earth Fall 16th-17th June 2013
33037,UK/GAR/53J12/2015/2341,Uttarakhand,Garhwal,Duduwa Devi-Manjkot-NaunJawara,30.086137,78.65454,Debris Slide NA
33038,UK/CHA/53N12/2018/138,Uttarakhand,Chamoli,Sawad Sawad-Tharali,30.086306,79.613056,Debris Slide 2018
33039,UK/TEH/53J12/2015/2264,Uttarakhand,Tehri Garhwal,Kaudiyala-Devprayag,30.086472,78.548889,Debris Slide NA
33040,UK/TEH/53J12/2015/2270,Uttarakhand,Tehri Garhwal,Sour-Bharpur,30.086561,78.577748,Debris Slide NA
33041,UK/CHA/53N08/2018/70,Uttarakhand,Chamoli,Kakra Sunaila-Burdang,30.086611,79.472583,Rock Slide 2017
33042,UK/TEH/53J12/2015/2263,Uttarakhand,Tehri Garhwal,Kaudiyala-Devprayag,30.086857,78.547635,Debris Slide NA
33043,UK/TEH/53J12/2015/2266,Uttarakhand,Tehri Garhwal,Kaudiyala-Devprayag,30.087137,78.576277,Debris Slide NA
33044,UK/GAR/53J12/2015/2342,Uttarakhand,Garhwal,Duduwa Devi-Manjkot-NaunJawara,30.08725,78.65246,Debris Slide NA
33045,UK/GAR/53J16/2015/1119,Uttarakhand,Garhwal,NH-119,30.087407,78.78309,Rock Slide NA
33046,UK/CHA/53N12/2018/137,Uttarakhand,Chamoli,Sawad Sawad-Tharali,30.087444,79.613389,Debris Slide 2014
33047,UK/BAG/53N16/2018/61,Uttarakhand,Bageshwar,Dhaula Kapkot- Badiakot,30.087774,79.877811,Debris Slide 2017
33048,UK/GAR/53J12/2015/2354,Uttarakhand,Garhwal,Duduwa Devi-Manjkot-NaunJawara,30.087789,78.667368,Debris Slide NA
33049,UK/GAR/53J12/2015/2350,Uttarakhand,Garhwal,Duduwa Devi-Manjkot-NaunJawara,30.0879,78.656967,Debris Slide NA
33050,UK/GAR/53J12/2015/2351,Uttarakhand,Garhwal,Duduwa Devi-Manjkot-NaunJawara,30.08848,78.657891,Debris Slide NA
33051,UK/CHA/53N12/2018/136,Uttarakhand,Chamoli,Sawad Sawad-Tharali,30.089003,79.614742,Rock Slide 2015
33052,UK/PIT/62B04/2018/58,Uttarakhand,Pithoragarh,Sama-Tejam-Munsyari,30.089252,80.2434,Rock cum debris Slide 2013
33053,UK/GAR/53J12/2015/2355,Uttarakhand,Garhwal,Duduwa Devi-Manjkot-NaunJawara,30.089586,78.658296,Debris Slide NA
33054,UK/CHA/53N12/2018/135,Uttarakhand,Chamoli,Ghes Ghes-Tharali,30.089639,79.614833,Debris Slide 2018
33055,UK/TEH/53J12/2015/2267,Uttarakhand,Tehri Garhwal,Sour-Kuran,30.089723,78.531912,Debris Slide NA
33056,UK/CHA/53N12/2018/144,Uttarakhand,Chamoli,Sawad Sawad-Tharali,30.08975,79.600306,Debris Slide 2018
33057,UK/GAR/53J12/2015/2339,Uttarakhand,Garhwal,Thanul-Tolu-Butli-GurethGangothi,30.090053,78.727813,Debris Slide NA
33058,UK/TEH/53J12/2015/2262,Uttarakhand,Tehri Garhwal,Kaudiyala-Devprayag,30.090214,78.544992,Debris Slide NA
33059,UK/GAR/53J12/2015/2344,Uttarakhand,Garhwal,Duduwa Devi-Manjkot-NaunJawara,30.090333,78.632972,Debris Slide NA
33060,UK/CHA/53N12/2018/159,Uttarakhand,Chamoli,Kurad Kurad-Tharali,30.090722,79.526222,Rock Slide 2018
33061,UK/TER/53J12/2015/2391,Uttarakhand,Tehri Garhwal,Devaprayag-Vyasghat-Basgari,30.090885,78.589769,Debris Slide NA
33062,UK/PIT/62B04/2018/62,Uttarakhand,Pithoragarh,Sama-Tejam-Munsyari,30.091267,80.240736,Rock cum debris Slide 2014
33063,UK/CHA/53N12/2018/134,Uttarakhand,Chamoli,Ghes Ghes-Tharali,30.091425,79.617106,Debris Slide 2018
33064,UK/GAR/53J16/2015/1118,Uttarakhand,Garhwal,Pauri-Kotdwar Road (NH-119),30.091545,78.787796,Rock Slide NA
33065,UK/CHA/53N08/2013/0045,Uttarakhand,Chamoli,"UK_CHA_SH_ 045 Opposite Rajkiya Inter college, Kulsari",30.092028,79.451444,Debris Subsidence 16th-17th June 2013
33066,UK/CHA/53N12/2018/125,Uttarakhand,Chamoli,Ghes Ghes-Tharali,30.092139,79.653583,Debris Slide 2018
33067,UK/GAR/53J12/2015/2375,Uttarakhand,Garhwal,Pauri -Korsara-Athul-Bajyun,30.092329,78.666298,Debris Slide NA
33068,UK/GAR/53J12/2015/2343,Uttarakhand,Garhwal,Duduwa Devi-Manjkot-NaunJawara,30.092583,78.640972,Debris Slide NA
33069,UK/BAG/53N16/2018/59,Uttarakhand,Bageshwar,Dhaula Kapkot- Badiakot,30.092723,79.867598,Rock Slide 2016
33070,UK/GAR/53J12/2015/2374,Uttarakhand,Garhwal,Pauri -Korsara-Athul-Bajyun,30.092847,78.66717,Debris Slide NA
33071,UK/PIT/62B04/2018/61,Uttarakhand,Pithoragarh,Sama-Tejam-Munsyari,30.09286,80.241933,Debris Slide 2014
33072,UK/CHA/53N12/2018/127,Uttarakhand,Chamoli,Ghes Ghes-Tharali,30.092944,79.643083,Rock Slide 2018
33073,UK/CHA/53N12/2018/126,Uttarakhand,Chamoli,Ghes Ghes-Tharali,30.093,79.65025,Rock Slide 2018
33074,UK/CHA/53N12/2018/128,Uttarakhand,Chamoli,Ghes Ghes-Tharali,30.093111,79.6405,Rock Slide 2018
33075,UK/GAR/53J16/2015/1117,Uttarakhand,Garhwal,Kewars-Nallai Road,30.09319,78.791487,Debris Slide NA
33076,UK/CHA/53N12/2018/130,Uttarakhand,Chamoli,Ghes Ghes-Tharali,30.093214,79.629971,Rock Slide 2018
33077,UK/GAR/53J12/2015/2346,Uttarakhand,Garhwal,Duduwa Devi-Manjkot-NaunJawara,30.093359,78.612026,Debris Slide NA
33078,UK/GAR/53J12/2015/2376,Uttarakhand,Garhwal,Pauri -Korsara-Athul-Bajyun,30.093402,78.664846,Debris Slide NA
33079,UK/GAR/53J12/2015/2345,Uttarakhand,Garhwal,Duduwa Devi-Manjkot-NaunJawara,30.093458,78.615041,Debris Slide NA
33080,UK/BAG/53N16/2018/52,Uttarakhand,Bageshwar,Kapkot- Badiakot,30.093458,79.91342,Rock Slide 2014
33081,UK/CHA/53N12/2018/157,Uttarakhand,Chamoli,Partha Partha-Tharali,30.093528,79.529333,Rock Slide 2018
33082,UK/GAR/53J12/2015/2347,Uttarakhand,Garhwal,Duduwa Devi-Manjkot-NaunJawara,30.093593,78.612918,Debris Slide NA
33083,UK/CHA/53N12/2018/129,Uttarakhand,Chamoli,Ghes Ghes-Tharali,30.093629,79.634834,Rock Slide 2018
33084,UK/CHA/53N12/2018/122,Uttarakhand,Chamoli,Ghes Ghes-Tharali,30.093719,79.660665,Rock Slide 2018
33085,UK/CHA/53N12/2018/133,Uttarakhand,Chamoli,Ghes Ghes-Tharali,30.093752,79.620671,Rock Slide 2016
33086,UK/CHA/53N12/2018/132,Uttarakhand,Chamoli,Ghes Ghes-Tharali,30.09395,79.621664,Rock Slide 2018
33087,UK/GAR/53J12/2015/2373,Uttarakhand,Garhwal,Pauri -Korsara-Athul-Bajyun,30.094103,78.67164,Debris Slide NA
33088,UK/CHA/53N12/2018/131,Uttarakhand,Chamoli,Ghes Ghes-Tharali,30.094139,79.624056,Rock Slide 2018
33089,UK/GAR/53J12/2015/2356,Uttarakhand,Garhwal,Duduwa Devi-Manjkot-NaunJawara,30.094181,78.665505,Debris Slide NA
33090,UK/CHA/53N12/2018/78,Uttarakhand,Chamoli,Kandai Lwani-Tharali,30.094183,79.597634,Debris Slide 2018
33091,UK/CHA/53N12/2018/121,Uttarakhand,Chamoli,Ghes Ghes-Tharali,30.094269,79.666443,Rock Slide 2015
33092,UK/TEH/53J12/2015/2261,Uttarakhand,Tehri Garhwal,Kaudiyala-Devprayag,30.094458,78.542779,Debris Slide NA
33093,UK/BAG/53N16/2018/57,Uttarakhand,Bageshwar,Dhaula Kapkot- Badiakot,30.094458,79.860752,Rock Slide 2013
33094,UK/CHA/53N08/2018/4,Uttarakhand,Chamoli,Daira Pancheshwar to Kaligaon,30.094466,79.449456,Debris Slide 2014
33095,UK/CHA/53N08/2018/27,Uttarakhand,Chamoli,Bangaon Naugao-Nauli-Binaouli,30.0945,79.38662,Debris Slide 2014
33096,UK/BAG/53N16/2018/58,Uttarakhand,Bageshwar,Dhaula Kapkot- Badiakot,30.094564,79.865765,Rock Slide NA
33097,UK/CHA/53N12/2018/124,Uttarakhand,Chamoli,Ghes Ghes-Tharali,30.094888,79.658516,Rock Slide 2018
33098,UK/CHA/53N08/2018/3,Uttarakhand,Chamoli,Daira Pancheshwar to Kaligaon,30.094921,79.451012,Debris Slide 2014
33099,UK/CHA/53N12/2018/123,Uttarakhand,Chamoli,Ghes Ghes-Tharali,30.094972,79.658889,Rock Slide 2018
33100,UK/GAR/53J16/2015/1108,Uttarakhand,Garhwal,Kewars-Nallai Road,30.095277,78.758148,Rock Slide NA
33101,UK/CHA/53N08/2018/2,Uttarakhand,Chamoli,Daira Pancheshwar to Kaligaon,30.095482,79.449858,Debris Slide 2014
33102,UK/CHA/53N12/2018/158,Uttarakhand,Chamoli,Partha Partha-Tharali,30.09575,79.526583,Rock Slide 2018
33103,UK/GAR/53J12/2015/2349,Uttarakhand,Garhwal,Duduwa Devi-Manjkot-NaunJawara,30.096045,78.615961,Debris Slide NA
33104,UK/GAR/53J12/2015/2348,Uttarakhand,Garhwal,Duduwa Devi-Manjkot-NaunJawara,30.096715,78.606093,Debris Slide NA
33105,UK/GAR/53J16/2015/1109,Uttarakhand,Garhwal,Kewars-Nallai Road,30.096729,78.758253,Rock Slide NA
33106,UK/CHA/53N12/2018/76,Uttarakhand,Chamoli,Suiyan Suiyan-Tharali,30.097044,79.631319,Rock Slide 2018
33107,UK/GAR/53J16/2015/1172,Uttarakhand,Garhwal,Saini-Chippalghat Road,30.09733,78.937207,Rock Slide NA
33108,UK/BAG/53N16/2018/56,Uttarakhand,Bageshwar,Dhaula Kapkot- Badiakot,30.097367,79.860172,Rock Slide 2013
33109,UK/BAG/53O13/2013/0056,Uttarakhand,Bageshwar,UK_BAG_Trek_ 56 Primary school 4 km from Dhakuri on Dhakuri-Khati trek,30.09775,79.921556,Debris Slide 16th-17th June 2013
33110,UK/CHA/53N08/2018/73,Uttarakhand,Chamoli,Paingarh Rakholi-Burdang-Narayanbagad,30.098021,79.444218,Rock Slide 2013
33111,UK/GAR/53J16/2015/1110,Uttarakhand,Garhwal,Kewars-Nallai Road,30.09803,78.755949,Debris Slide NA
33112,UK/CHA/53N12/2018/75,Uttarakhand,Chamoli,Suiyan Suiyan-Tharali,30.098031,79.617947,Rock Slide 2018
33113,UK/CHA/53N12/2018/120,Uttarakhand,Chamoli,Ghes Ghes-Tharali,30.098125,79.667123,Rock Slide 2018
33114,UK/BAG/53N16/2018/66,Uttarakhand,Bageshwar,Tapowan Kapkot- Badiakot,30.098244,79.859295,Rock Slide NA
33115,UK/GAR/53J16/2015/1111,Uttarakhand,Garhwal,Kewars-Nallai Road,30.098252,78.75555,Rock Slide NA
33116,UK/PAU/53N04/2018/13,Uttarakhand,Pauri Garhwal,Kimtoli Kathyur-Gadoli-Saun,30.098298,79.094485,Rock Slide 2013
33117,UK/CHA/53N12/2018/74,Uttarakhand,Chamoli,Malle Malle-Tharali,30.098389,79.615917,Rock Slide 2012
33118,UK/GAR/53J16/2015/1112,Uttarakhand,Garhwal,Kewars-Nallai Road,30.098415,78.756186,Rock Slide NA
33119,UK/CHA/53N12/2018/119,Uttarakhand,Chamoli,Ghes Ghes-Tharali,30.098659,79.666098,Rock Slide 2018
33120,UK/CHA/53N12/2018/118,Uttarakhand,Chamoli,Ghes Ghes-Tharali,30.098694,79.665417,Rock Fall 2018
33121,UK/TEH/53J12/2015/2271,Uttarakhand,Tehri Garhwal,Sour-Bharpur,30.098889,78.574472,Debris Slide NA
33122,UK/GAR/53J16/2015/1173,Uttarakhand,Garhwal,Saini-Chippalghat Road,30.099103,78.937122,Rock Slide NA
33123,UK/CHA/53N08/2013/0044,Uttarakhand,Chamoli,UK_CHA_SH_ 044 Harmani slide on left bank of Pinder river,30.099111,79.432306,Debris Slide 16th-17th June 2013
33124,UK/BAG/53N16/2018/55,Uttarakhand,Bageshwar,Joshimat-Tapowan,30.099289,79.920112,Rock cum debris Slide 2013
33125,UK/CHA/53N08/2018/5,Uttarakhand,Chamoli,Bareth Devidhura - Okhla,30.099317,79.435956,Debris Slide 2014
33126,UK/CHA/53N12/2018/116,Uttarakhand,Chamoli,Ghes Ghes-Tharali,30.099475,79.687764,Rock Slide 2018
33127,UK/CHA/53N12/2018/115,Uttarakhand,Chamoli,Ghes Ghes-Tharali,30.099635,79.688771,Rock Slide 2018
33128,UK/CHA/53N08/2018/7,Uttarakhand,Chamoli,Bareth Raunsal - Kuloli,30.099665,79.430961,Debris Slide 2013
33129,UK/PAU/53N04/2018/8,Uttarakhand,Pauri Garhwal,Phali Kathyur-Gadoli-Saun,30.099722,79.085778,Rock Slide 2013
33130,UK/CHA/53N12/2018/73,Uttarakhand,Chamoli,Mundoli Mundoli-Tharali,30.100209,79.610048,Rock Slide 2018
33131,UK/PAU/53N04/2018/17,Uttarakhand,Pauri Garhwal,Gounkhal Kathyur-Gadoli-Saun,30.100453,79.038016,Rock Slide 2012
33132,UK/TER/53J12/2015/2411,Uttarakhand,Tehri Garhwal,Midath-Largaon-SasmanBurgaon,30.100475,78.504961,Debris Slide NA
33133,UK/CHA/53N12/2018/72,Uttarakhand,Chamoli,Mundoli Mundoli-Tharali,30.100496,79.607543,Debris Slide 2018
33134,UK/CHA/53N12/2018/117,Uttarakhand,Chamoli,Ghes Ghes-Tharali,30.100807,79.675323,Rock Slide 2018
33135,UK/PAU/53N04/2018/18,Uttarakhand,Pauri Garhwal,Gounkhal Kathyur-Gadoli-Saun,30.101302,79.03806,Rock Slide 2012
33136,UK/CHA/53N08/2018/6,Uttarakhand,Chamoli,Salyana Raunsal - Kuloli,30.101363,79.431506,Debris Slide 2013
33137,UK/CHA/53N08/2018/28,Uttarakhand,Chamoli,Bangaon Naugao-Nauli-Binaouli,30.101563,79.387896,Debris Slide 2018
33138,UK/GAR/53J12/2015/2439,Uttarakhand,Garhwal,Devaprayag-Umrasu-LaseraVyasghat,30.101694,78.595586,Debris Slide NA
33139,UK/PAU/53N04/2018/14,Uttarakhand,Pauri Garhwal,Kimtoli Kathyur-Gadoli-Saun,30.101736,79.090141,Rock Slide 2013
33140,UK/GAR/53J12/2015/2435,Uttarakhand,Garhwal,Devaprayag-Umrasu-LaseraVyasghat,30.101738,78.588456,Debris Slide NA
33141,UK/GAR/53J12/2015/2436,Uttarakhand,Garhwal,Devaprayag-Umrasu-LaseraVyasghat,30.101765,78.592413,Debris Slide NA
33142,UK/GAR/53J12/2015/2438,Uttarakhand,Garhwal,Devaprayag-Umrasu-LaseraVyasghat,30.1021,78.595047,Debris Slide NA
33143,UK/PAU/53N04/2018/16,Uttarakhand,Pauri Garhwal,Gounkhal Kathyur-Gadoli-Saun,30.102174,79.034568,Rock Slide 2012
33144,UK/CHA/53N12/2018/24,Uttarakhand,Chamoli,Kera Kera-Baijnath,30.102227,79.502189,Rock Slide 2015
33145,UK/PAU/53N04/2018/10,Uttarakhand,Pauri Garhwal,Kimtoli Kathyur-Gadoli-Saun,30.102457,79.088619,Rock Slide 2013
33146,UK/CHA/53N12/2018/22,Uttarakhand,Chamoli,Tharali Tharali-Baijnath,30.102998,79.504461,Rock Slide 2015
33147,UK/GAR/53J16/2015/1153,Uttarakhand,Garhwal,Jwalpa-Bubakhal Road,30.103551,78.827366,Rock cum Debris Slide NA
33148,UK/PAU/53N04/2018/9,Uttarakhand,Pauri Garhwal,Kimtoli Kathyur-Gadoli-Saun,30.103559,79.087525,Rock Slide 2013
33149,UK/GAR/53J12/2015/2437,Uttarakhand,Garhwal,Devaprayag-Umrasu-LaseraVyasghat,30.104193,78.594102,Debris Slide NA
33150,UK/CHA/53N12/2018/77,Uttarakhand,Chamoli,Lwani Lwani-Tharali,30.104249,79.602512,Debris Slide 2018
33151,UK/TEH/53J12/2015/2273,Uttarakhand,Tehri Garhwal,Kirora-Masun-BharpurDevprayag,30.104341,78.571857,Debris Slide NA
33152,UK/GAR/53J16/2015/1164,Uttarakhand,Garhwal,Simkhet-Khirsu Road,30.104755,78.888088,Rock Slide 1986
33153,UK/PAU/53N04/2018/11,Uttarakhand,Pauri Garhwal,Kimtoli Kathyur-Gadoli-Saun,30.105446,79.095478,Rock Slide 2013
33154,UK/TER/53J12/2015/2410,Uttarakhand,Tehri Garhwal,Midath-Largaon-SasmanBurgaon,30.105475,78.510853,Debris Slide NA
33155,UK/CHA/53N12/2018/23,Uttarakhand,Chamoli,Tharali Tharali-Bageshwar,30.105911,79.505631,Debris Slide 2014
33156,UK/PIT/62B04/2018/57,Uttarakhand,Pithoragarh,Sama-Tejam-Munsyari,30.105912,80.243454,Rock cum debris Slide 2014
33157,UK/TEH/53J12/2015/2274,Uttarakhand,Tehri Garhwal,Kirora-Masun-BharpurDevprayag,30.105917,78.575461,Rock cum Debris Slide NA
33158,UK/TEH/53J12/2015/2272,Uttarakhand,Tehri Garhwal,Kirora-Masun-BharpurDevprayag,30.106222,78.554778,Debris Slide NA
33159,UK/GAR/53J12/2015/2371,Uttarakhand,Garhwal,Pauri -Korsara-Athul-Bajyun,30.106687,78.678821,Debris Slide NA
33160,UK/GAR/53J12/2015/2372,Uttarakhand,Garhwal,Pauri -Korsara-Athul-Bajyun,30.106909,78.680349,Debris Slide NA
33161,UK/CHA/53N08/2018/74,Uttarakhand,Chamoli,Salyana Rakholi-Burdang-Narayanbagad,30.106958,79.434624,Rock Slide 2016
33162,UK/PIT/62B04/2018/56,Uttarakhand,Pithoragarh,Sama-Tejam-Munsyari,30.106994,80.236029,Rock cum debris Slide 2014
33163,UK/CHA/53N12/2018/114,Uttarakhand,Chamoli,Ghes Ghes-Tharali,30.107224,79.680396,Debris Slide 2018
33164,UK/GAR/53J12/2015/2370,Uttarakhand,Garhwal,Pauri -Korsara-Athul-Bajyun,30.107452,78.680667,Debris Slide NA
33165,UK/PITH/62B04/2013/0012,Uttarakhand,Pithoragarh,UK/Pith/ Munsyari-Milam/LS/0012 State Highway,30.1075,80.23639,Rock cum Debris Fall and Flow 16th-17th June 2013
33166,UK/PIT/62B04/2018/55,Uttarakhand,Pithoragarh,Sama-Tejam-Munsyari,30.107653,80.235951,Rock cum debris Slide 2014
33167,UK/CHA/53N12/2018/71,Uttarakhand,Chamoli,Mundoli Mundoli-Tharali,30.107694,79.605778,Rock Slide 2018
33168,UK/BAG/53N16/2013/0055,Uttarakhand,Bageshwar,UK_BAG_Trek_,55,0.5,km from Khati on Khati Dhakuri trek route 30.107917 79.938167 Debris Slide 16th-17th June 2013
33169,UK/CHA/53N12/2018/70,Uttarakhand,Chamoli,Mundoli Mundoli-Tharali,30.107942,79.605975,Rock Slide 2018
33170,UK/GAR/53J12/2015/2369,Uttarakhand,Garhwal,Pauri -Korsara-Athul-Bajyun,30.108025,78.683728,Debris Slide NA
33171,UK/GAR/53J12/2015/2368,Uttarakhand,Garhwal,Pauri -Korsara-Athul-Bajyun,30.108964,78.677341,Debris Slide NA
33172,UK/CHA/53N08/2018/75,Uttarakhand,Chamoli,Salyana Rakholi-Burdang-Narayanbagad,30.108974,79.432157,Rock Slide 2016
33173,UK/GAR/53J12/2015/2367,Uttarakhand,Garhwal,Pauri -Korsara-Athul-Bajyun,30.109155,78.678496,Debris Slide NA
33174,UK/CHA/53N12/2018/113,Uttarakhand,Chamoli,Ghes Ghes-Tharali,30.109258,79.68101,Debris Slide 2018
33175,UK/CHA/62B08/2020/16,Uttarakhand,Chamoli,Mani-Golma-Askhet,30.11,80.25,Rock Slide 2016
33176,UK/CHA/62B08/2020/17,Uttarakhand,Chamoli,Mani-Golma-Askhet,30.11,80.25,Rock Slide 2016
33177,UK/GAR/53J12/2015/2311,Uttarakhand,Garhwal,Dandapani-KholachauriDevprayag,30.110005,78.6163,Debris Slide NA
33178,UK/GAR/53J12/2015/2366,Uttarakhand,Garhwal,Pauri -Korsara-Athul-Bajyun,30.110872,78.677382,Debris Slide NA
33179,UK/PAU/53N04/2018/15,Uttarakhand,Pauri Garhwal,Bangaon Kathyur-Gadoli-Saun,30.111375,79.072187,Rock Slide 2012
33180,UK/GAR/53J12/2015/2310,Uttarakhand,Garhwal,Dandapani-KholachauriDevprayag,30.11144,78.61766,Debris Slide NA
33181,UK/CHA/53N12/2018/67,Uttarakhand,Chamoli,Mundoli Mundoli-Tharali,30.111806,79.613806,Rock Slide 2018
33182,UK/GAR/53J12/2015/2365,Uttarakhand,Garhwal,Pauri -Korsara-Athul-Bajyun,30.112512,78.684547,Debris Slide NA
33183,UK/PAU/53N04/2018/12,Uttarakhand,Pauri Garhwal,Kimtoli Kathyur-Gadoli-Saun,30.112649,79.097002,Rock Slide 2013
33184,UK/CHA/53N12/2018/69,Uttarakhand,Chamoli,Mundoli Mundoli-Tharali,30.113056,79.605194,Rock Slide 2018
33185,UK/CHA/53N08/2013/0049,Uttarakhand,Chamoli,UK_CHA_SH_ 049 Talla Harmani,30.113583,79.42825,Debris Slide 2013
33186,UK/CHA/53N12/2018/68,Uttarakhand,Chamoli,Mundoli Mundoli-Tharali,30.113614,79.607463,Debris Slide 2018
33187,UK/CHA/53N08/2018/76,Uttarakhand,Chamoli,Salyana Rakholi-Burdang-Narayanbagad,30.113775,79.427598,Rock Slide 2016
33188,UK/CHA/53N12/2018/112,Uttarakhand,Chamoli,Ghes Ghes-Tharali,30.113841,79.681781,Rock Fall 2018
33189,UK/CHA/53N08/2018/77,Uttarakhand,Chamoli,Salyana Rakholi-Burdang-Narayanbagad,30.11386,79.430294,Rock Slide 2016
33190,UK/CHA/53N12/2018/66,Uttarakhand,Chamoli,Mundoli Mundoli-Tharali,30.114104,79.611446,Debris Slide 2018
33191,UK/PITH/62B04/2013/0014,Uttarakhand,Pithoragarh,UK/Pith/Munsyari-Milam/Vil/SZ/0014 Dhapa village,30.11417,80.23972,Debris cum earth Subsidence 16th-17th June 2013
33192,UK/TEH/53J12/2015/2279,Uttarakhand,Tehri Garhwal,Binwan-Toldhar-Devprayag,30.115002,78.583458,Debris Slide NA
33193,UK/BAG/53N16/2013/0054,Uttarakhand,Bageshwar,UK_BAG_Trek_54 0.5 km from Khati on Khati Dwali trek route,30.115194,79.948222,Debris Slide 16th-17th June 2013
33194,UK/PAU/53N04/2018/20,Uttarakhand,Pauri Garhwal,Nauti Maithan Sauni-Bareth-Paithani,30.115447,79.031835,Rock Slide 2011
33195,UK/GAR/53J16/2015/1174,Uttarakhand,Garhwal,Chippalghat-Pabau Road (NH121),30.115737,78.902466,Rock Slide NA
33196,UK/GAR/53J12/2015/2308,Uttarakhand,Garhwal,Dandapani-KholachauriDevprayag,30.115843,78.631848,Debris Slide NA
33197,UK/CHA/53N12/2018/111,Uttarakhand,Chamoli,Ghes Ghes-Tharali,30.116589,79.682818,Rock Slide 2018
33198,UK/CHA/53N08/2018/78,Uttarakhand,Chamoli,Khankarkhet Rakholi-Burdang-Narayanbagad,30.117166,79.426897,Rock Slide 2016
33199,UK/GAR/53J12/2015/2364,Uttarakhand,Garhwal,Pauri -Korsara-Athul-Bajyun,30.117475,78.686746,Rock cum Debris Slide NA
33200,UK/GAR/53J12/2015/2307,Uttarakhand,Garhwal,Dandapani-KholachauriDevprayag,30.117588,78.632277,Debris Slide NA
33201,UK/GAR/53J16/2015/1113,Uttarakhand,Garhwal,Kewars-Nallai Road,30.117837,78.775139,Debris Slide NA
33202,UK/GAR/53J12/2015/2309,Uttarakhand,Garhwal,Dandapani-KholachauriDevprayag,30.118071,78.621667,Debris Slide NA
33203,UK/GAR/53J12/2015/2359,Uttarakhand,Garhwal,KhandiyonsainChamoliSabdarkhal,30.118671,78.671669,Debris Slide NA
33204,UK/CHA/53N08/2018/1,Uttarakhand,Chamoli,Khankar Jamreri - Ghat - Baruri,30.118833,79.275028,Rock Slide 2016
33205,UK/GAR/53J12/2015/2363,Uttarakhand,Garhwal,Pauri -Korsara-Athul-Bajyun,30.119038,78.689756,Rock cum Debris Slide NA
33206,UK/GAR/53J12/2015/2306,Uttarakhand,Garhwal,Dandapani-KholachauriDevprayag,30.119528,78.629087,Debris Slide NA
33207,UK/GAR/53J16/2015/1115,Uttarakhand,Garhwal,Kewars-Nallai Road,30.119619,78.771437,Debris Slide NA
33208,UK/GAR/53J16/2015/1163,Uttarakhand,Garhwal,Bubakhal-Pabau Road (NH-121),30.119817,78.818964,Rock cum Debris Slide NA
33209,UK/CHA/62B08/2020/22,Uttarakhand,Chamoli,Munsiyari-Martoli,30.12,80.25,Debris Slide 2009
33210,UK/GAR/53J16/2015/1114,Uttarakhand,Garhwal,Kewars-Nallai Road,30.120286,78.770933,Rock Slide NA
33211,UK/TEH/53J12/2015/2278,Uttarakhand,Tehri Garhwal,Binwan-Toldhar-Devprayag,30.120586,78.576575,Debris Slide NA
33212,UK/CHA/53N12/2018/108,Uttarakhand,Chamoli,Ghes Ghes-Tharali,30.120698,79.700945,Rock Slide 2016
33213,UK/GAR/53J16/2015/1116,Uttarakhand,Garhwal,Kewars-Nallai Road,30.120885,78.769397,Rock Slide NA
33214,UK/CHA/53N12/2018/107,Uttarakhand,Chamoli,Ghes Ghes-Tharali,30.121188,79.701182,Rock Slide 2018
33215,UK/GAR/53J12/2015/2312,Uttarakhand,Garhwal,Dandapani-KholachauriDevprayag,30.121277,78.591402,Debris Slide NA
33216,UK/TER/53J12/2015/2379,Uttarakhand,Tehri Garhwal,Devaprayag-Vyasghat-Basgari,30.121316,78.588056,Rock cum Debris Slide NA
33217,UK/TEH/53J12/2015/2275,Uttarakhand,Tehri Garhwal,Kirora-Masun-BharpurDevprayag,30.121409,78.583827,Debris Slide NA
33218,UK/CHA/53N12/2018/110,Uttarakhand,Chamoli,Ghes Ghes-Tharali,30.121518,79.698191,Rock Slide 2018
33219,UK/CHA/53N12/2018/65,Uttarakhand,Chamoli,Mundoli Mundoli-Tharali,30.121528,79.611722,Debris Slide 2016
33220,UK/CHA/53N12/2018/109,Uttarakhand,Chamoli,Ghes Ghes-Tharali,30.121671,79.699269,Rock Slide 2018
33221,UK/CHA/53N12/2018/103,Uttarakhand,Chamoli,Ghes Ghes-Tharali,30.121757,79.717596,Rock Slide 2018
33222,UK/CHA/53N12/2018/106,Uttarakhand,Chamoli,Ghes Ghes-Tharali,30.121877,79.701819,Rock Slide 2018
33223,UK/PIT/62B04/2018/54,Uttarakhand,Pithoragarh,Sama-Tejam-Munsyari,30.122033,80.241184,Rock cum debris Slide 2014
33224,UK/CHA/53N12/2018/105,Uttarakhand,Chamoli,Ghes Ghes-Tharali,30.122162,79.702466,Rock Slide 2018
33225,UK/CHA/53N12/2018/64,Uttarakhand,Chamoli,Mundoli Mundoli-Tharali,30.122306,79.608889,Debris Slide 2018
33226,UK/GAR/53J12/2015/2305,Uttarakhand,Garhwal,Dandapani-KholachauriDevprayag,30.122502,78.628444,Debris Slide NA
33227,UK/CHA/53N12/2018/104,Uttarakhand,Chamoli,Ghes Ghes-Tharali,30.122525,79.702884,Rock Slide 2018
33228,UK/CHA/53N08/2018/79,Uttarakhand,Chamoli,Burakholi Rakholi-Burdang-Narayanbagad,30.122664,79.381445,Rock Slide 2013
33229,UK/GAR/53J12/2015/2313,Uttarakhand,Garhwal,Dandapani-KholachauriDevprayag,30.122976,78.598121,Debris Slide NA
33230,UK/CHA/53N12/2018/102,Uttarakhand,Chamoli,Ghes Ghes-Tharali,30.123504,79.728063,Rock Slide 2018
33231,UK/GAR/53J12/2015/2304,Uttarakhand,Garhwal,Dandapani-KholachauriDevprayag,30.123577,78.627012,Debris Slide NA
33232,UK/GAR/53J16/2015/1166,Uttarakhand,Garhwal,,30.123584,78.902192,Rock Slide NA
33233,UK/GAR/53J12/2015/2301,Uttarakhand,Garhwal,Dandapani-KholachauriDevprayag,30.123623,78.619251,Debris Slide NA
33234,UK/GAR/53J12/2015/2302,Uttarakhand,Garhwal,Dandapani-KholachauriDevprayag,30.123721,78.622411,Debris Slide NA
33235,UK/GAR/53J12/2015/2303,Uttarakhand,Garhwal,Dandapani-KholachauriDevprayag,30.123768,78.624399,Debris Slide NA
33236,UK/CHA/53N12/2018/101,Uttarakhand,Chamoli,Ghes Ghes-Tharali,30.124204,79.724174,Rock Fall 2018
33237,UK/CHA/53N12/2018/63,Uttarakhand,Chamoli,Mundoli Mundoli-Tharali,30.1245,79.607444,Debris Slide 2018
33238,UK/CHA/53N12/2018/58,Uttarakhand,Chamoli,Lohajang Lohajang-Tharali,30.124645,79.6182,Rock Slide 2018
33239,UK/TER/53J12/2015/2412,Uttarakhand,Tehri Garhwal,Midath-Largaon-SasmanBurgaon,30.124687,78.502631,Debris Slide NA
33240,UK/BAG/53N16/2013/0053,Uttarakhand,Bageshwar,UK_BAG_Trek_ 53 2km from Khati village on Khati Dwali trek route,30.124972,79.952917,Debris Slide 16th-17th June 2013
33241,UK/CHA/53N12/2018/62,Uttarakhand,Chamoli,Lohajang Lohajang-Tharali,30.125109,79.616966,Rock Slide 2018
33242,UK/GAR/53J12/2015/2276,Uttarakhand,Garhwal,Kirora-Masun-BharpurDevprayag,30.12529,78.596554,Debris Slide NA
33243,UK/CHA/53N12/2018/61,Uttarakhand,Chamoli,Lohajang Lohajang-Tharali,30.125424,79.616846,Rock Slide 2018
33244,UK/CHA/53N12/2018/60,Uttarakhand,Chamoli,Lohajang Lohajang-Tharali,30.125504,79.61787,Debris Slide 2018
33245,UK/CHA/53N08/2018/80,Uttarakhand,Chamoli,Bainoli Rakholi-Burdang-Narayanbagad,30.125818,79.383163,Rock Slide 2013
33246,UK/CHA/53N12/2018/100,Uttarakhand,Chamoli,Ghes Ghes-Tharali,30.126283,79.724059,Debris Slide 2018
33247,UK/CHA/53N12/2018/99,Uttarakhand,Chamoli,Ghes Ghes-Tharali,30.1269,79.724091,Debris Slide 2018
33248,UK/CHA/53N12/2018/25,Uttarakhand,Chamoli,Bunga Bunga-Debunshghar,30.127149,79.51638,Rock Slide 2016
33249,UK/PAU/53N04/2018/21,Uttarakhand,Pauri Garhwal,Forest Sauni-Bareth-Paithani,30.127728,79.001654,Rock Slide 2011
33250,UK/CHA/53N12/2018/26,Uttarakhand,Chamoli,Gerur Gerur-Tharali,30.128472,79.520806,Rock Slide 2018
33251,UK/GAR/53J12/2015/2360,Uttarakhand,Garhwal,KhandiyonsainChamoliSabdarkhal,30.12898,78.655553,Debris Slide NA
33252,UK/CHA/62B08/2020/7,Uttarakhand,Chamoli,Munsiyari-Martoli,30.13,80.25,Rock Slide 2014
33253,UK/CHA/53N12/2018/98,Uttarakhand,Chamoli,Ghes Ghes-Tharali,30.130425,79.722087,Rock Slide 2018
33254,UK/BAG/53N16/2013/0052,Uttarakhand,Bageshwar,UK_BAG_Trek_52,30.13075,79.958361,Debris Slide 16th-17th June 2013
33255,UK/CHA/53N12/2018/57,Uttarakhand,Chamoli,Lohajang Lohajang-Tharali,30.131438,79.619928,Rock Slide 2018
33256,UK/PITH/62B04/2013/0015,Uttarakhand,Pithoragarh,UK/Pith/ Munsyari-Milam/LS/0015 State Highway,30.13167,80.24611,Rock cum Debris Flow 16th-17th June 2013
33257,UK/GAR/53J12/2015/2358,Uttarakhand,Garhwal,KhandiyonsainChamoliSabdarkhal,30.131712,78.67097,Rock cum Debris Slide NA
33258,UK/CHA/53N08/2018/45,Uttarakhand,Chamoli,Khalgaon Bhulera-Bedula,30.131826,79.364244,Debris Slide NA
33259,UK/CHA/53N08/2018/44,Uttarakhand,Chamoli,Khalgaon Bhulera-Bedula,30.132222,79.371028,Rock Slide NA
33260,UK/PAU/53N04/2018/19,Uttarakhand,Pauri Garhwal,Jhil Jholi Sauni-Bareth-Paithani,30.132697,79.079259,Rock Slide 2011
33261,UK/CHA/53N12/2018/97,Uttarakhand,Chamoli,Ghes Ghes-Tharali,30.133156,79.71915,Rock Slide 2018
33262,UK/GAR/53J16/2015/1165,Uttarakhand,Garhwal,,30.133604,78.897139,Rock Slide NA
33263,UK/CHA/53N12/2018/59,Uttarakhand,Chamoli,Lohajang Lohajang-Tharali,30.133833,79.601278,Rock Fall 2018
33264,UK/CHA/53N12/2018/56,Uttarakhand,Chamoli,Lohajang Lohajang-Tharali,30.134056,79.619528,Rock Slide 2018
33265,UK/GAR/53J12/2015/2361,Uttarakhand,Garhwal,KhandiyonsainChamoliSabdarkhal,30.13419,78.646821,Debris Slide NA
33266,UK/CHA/53N12/2018/53,Uttarakhand,Chamoli,Bank Bank-Tharali,30.134815,79.620715,Rock Fall 2018
33267,UK/CHA/53N12/2018/54,Uttarakhand,Chamoli,Bank Bank-Tharali,30.134972,79.62075,Rock Slide 2018
33268,UK/CHA/53N12/2018/55,Uttarakhand,Chamoli,Bank Bank-Tharali,30.135333,79.62025,Rock Slide 2018
33269,UK/CHA/53N12/2018/96,Uttarakhand,Chamoli,Ghes Ghes-Tharali,30.135708,79.71699,Rock Slide 2018
33270,UK/GAR/53J16/2015/1107,Uttarakhand,Garhwal,NH-119,30.135911,78.806475,Rock Composite NA
33271,UK/CHA/53N12/2018/95,Uttarakhand,Chamoli,Ghes Ghes-Tharali,30.137111,79.715944,Rock Fall 2015
33272,UK/TEH/53J12/2015/2277,Uttarakhand,Tehri Garhwal,Kirora-Masun-BharpurDevprayag,30.137175,78.593921,Debris Slide NA
33273,UK/CHA/53N12/2018/94,Uttarakhand,Chamoli,Ghes Ghes-Tharali,30.137356,79.715782,Rock Fall 2018
33274,UK/CHA/53N12/2018/93,Uttarakhand,Chamoli,Ghes Ghes-Tharali,30.137588,79.715557,Rock Fall 2018
33275,UK/GAR/53J12/2015/2394,Uttarakhand,Garhwal,Devaprayag,30.13764,78.601752,Debris Slide NA
33276,UK/CHA/53N12/2018/51,Uttarakhand,Chamoli,Lohajang Lohajang-Tharali,30.138602,79.617579,Rock Slide 2014
33277,UK/CHA/53N12/2018/92,Uttarakhand,Chamoli,Ghes Ghes-Tharali,30.138667,79.714,Rock Fall 2018
33278,UK/CHA/53N08/2018/35,Uttarakhand,Chamoli,Saktoli Kotha-Angtoli-Kana,30.138845,79.434579,Debris Slide 2013
33279,UK/CHA/53N12/2018/52,Uttarakhand,Chamoli,Bank Bank-Tharali,30.138901,79.617747,Debris Slide 2014
33280,UK/CHA/53N12/2018/91,Uttarakhand,Chamoli,Balan Balan-Tharali,30.139154,79.713708,Rock Fall 2018
33281,UK/GAR/53J16/2015/1106,Uttarakhand,Garhwal,NH-119,30.139182,78.805093,Rock Slide NA
33282,UK/TER/53J12/2015/2393,Uttarakhand,Tehri Garhwal,Devaprayag-Tungli-Pundal,30.139222,78.593941,Debris Slide NA
33283,UK/CHA/53N08/2018/33,Uttarakhand,Chamoli,Kandai Kotha-Angtoli-Kana,30.140018,79.428861,Debris Slide 2018
33284,UK/BAG/53N16/2013/0051,Uttarakhand,Bageshwar,UK_BAG_Trek_51 5 km from Khati on Khati Dwali trek route on left bank of Pindar River,30.140639,79.966361,Debris Slide 16th-17th June 2013
33285,UK/CHA/53N08/2018/34,Uttarakhand,Chamoli,Kandai Kotha-Angtoli-Kana,30.14133,79.426447,Debris Slide 2013
33286,UK/CHA/53N08/2013/0050,Uttarakhand,Chamoli,UK_CHA_NH_ 050 Narayanbagarh,30.142917,79.457889,Rock cum Debris Slide 16th-17th June 2013
33287,UK/CHA/53N08/2018/32,Uttarakhand,Chamoli,Kandai Kotha-Angtoli-Kana,30.143062,79.429838,Rock Slide 2016
33288,UK/CHA/53N08/2018/81,Uttarakhand,Chamoli,Randoli Rakholi-Burdang-Narayanbagad,30.143473,79.373874,Debris Slide 2014
33289,UK/GAR/53J12/2015/2392,Uttarakhand,Garhwal,Devaprayag-Tungli-Pundal,30.143762,78.595441,Debris Slide NA
33290,UK/CHA/53N08/2018/31,Uttarakhand,Chamoli,Kandai Kotha-Angtoli-Kana,30.143818,79.429579,Rock Slide 2014
33291,UK/GAR/53J16/2015/1162,Uttarakhand,Garhwal,Khirsu-Mandakhal Road,30.144101,78.830383,Rock Slide NA
33292,UK/CHA/53N08/2018/30,Uttarakhand,Chamoli,Kandai Kotha-Angtoli-Kana,30.144318,79.428388,Rock Slide 2014
33293,UK/CHA/53N08/2018/29,Uttarakhand,Chamoli,Forest Kotha-Angtoli-Kana,30.145589,79.43004,Rock Slide 2014
33294,UK/TEH/53J12/2015/2314,Uttarakhand,Tehri Garhwal,Devaprayag-MulyagaonBagwan,30.148771,78.605412,Debris Slide NA
33295,UK/CHA/53N12/2018/90,Uttarakhand,Chamoli,Balan Balan-Tharali,30.149139,79.724778,Rock Slide 2018
33296,UK/GAR/53J16/2015/1105,Uttarakhand,Garhwal,Srinagar-Pauri Road,30.149177,78.802551,Rock Slide NA
33297,UK/TEH/53J12/2015/2315,Uttarakhand,Tehri Garhwal,Devaprayag-MulyagaonBagwan,30.149297,78.605702,Debris Slide NA
33298,UK/TEH/53J12/2015/2299,Uttarakhand,Tehri Garhwal,Devprayag-srinagar,30.150576,78.597534,Debris Slide NA
33299,UK/TEH/53J12/2015/2291,Uttarakhand,Tehri Garhwal,Devprayag-Hindolakhal,30.150832,78.606805,Debris Slide NA
33300,UK/TEH/53J12/2015/2292,Uttarakhand,Tehri Garhwal,Devprayag-Hindolakhal,30.151119,78.607072,Debris Slide NA
33301,UK/CHA/53N08/2018/47,Uttarakhand,Chamoli,Jakhola Kasbinagar-Loti,30.151742,79.495386,Debris Slide 2006
33302,UK/TEH/53J12/2015/2300,Uttarakhand,Tehri Garhwal,Devprayag-Chaka-Tehri road,30.15203,78.598853,Debris Slide NA
33303,UK/TEH/53J12/2015/2280,Uttarakhand,Tehri Garhwal,Devprayag-Syara-Marwara,30.15349,78.599549,Debris Slide NA
33304,UK/GAR/53J16/2015/1175,Uttarakhand,Garhwal,Phalrikhal-Marwara Road,30.153689,78.860028,Rock cum Debris Slide NA
33305,UK/CHA/53N12/2018/89,Uttarakhand,Chamoli,Balan Balan-Tharali,30.154455,79.701919,Rock Slide 2018
33306,UK/TEH/53J12/2015/2293,Uttarakhand,Tehri Garhwal,Devprayag-Hindolakhal,30.154972,78.615421,Debris Slide NA
33307,UK/CHA/53N08/2018/62,Uttarakhand,Chamoli,Nagli Narayanbagad-Nalgao,30.156356,79.369848,Rock Fall 2013
33308,UK/CHA/53N08/2018/46,Uttarakhand,Chamoli,Sakand Chhaikula-BagwatiNarayanbagad,30.159301,79.319942,Rock Slide 2016
33309,UK/CHA/62B08/2020/28,Uttarakhand,Chamoli,Walthi-Madkot-Munsiyari,30.16,80.33,Rock Slide 2000
33310,UK/CHA/53N12/2018/50,Uttarakhand,Chamoli,Kuling Kuling-Tharali,30.161389,79.620128,Debris Slide 2014
33311,UK/CHA/53N08/2018/63,Uttarakhand,Chamoli,Binsar Devta Narayanbagad-Nalgao,30.162098,79.367682,Rock Fall 2013
33312,UK/CHA/53N12/2018/88,Uttarakhand,Chamoli,Balan Balan-Tharali,30.164056,79.710417,Rock Slide 2014
33313,UK/TEH/53J12/2015/2316,Uttarakhand,Tehri Garhwal,Devaprayag-MulyagaonBagwan,30.164199,78.616465,Debris Slide NA
33314,UK/CHA/53N08/2018/66,Uttarakhand,Chamoli,Dhansari Kothi-Jantha-Bugoli,30.164452,79.281929,Rock Slide 2017
33315,UK/TEH/53J12/2015/2298,Uttarakhand,Tehri Garhwal,Devprayag-Hindolakhal,30.165843,78.614431,Debris Slide NA
33316,UK/CHA/53N08/2018/23,Uttarakhand,Chamoli,Jagri Simtoli-Dharkot-Bangaon,30.165964,79.260463,Debris Slide NA
33317,UK/GAR/53J12/2015/2377,Uttarakhand,Garhwal,Girgaon-Dob-Sindi-DelchauriKirthinagar,30.166845,78.731067,Debris Slide NA
33318,UK/GAR/53J16/2015/1160,Uttarakhand,Garhwal,Khirsu-PithundiKhal Road,30.169914,78.886965,Rock Slide NA
33319,UK/GAR/53J16/2015/1161,Uttarakhand,Garhwal,Khirsu-PithundiKhal Road,30.170513,78.877262,Rock Slide NA
33320,UK/GAR/53J12/2015/2378,Uttarakhand,Garhwal,Girgaon-Dob-Sindi-DelchauriKirthinagar,30.172134,78.727017,Rock cum Debris Slide NA
33321,UK/GAR/53J16/2015/1155,Uttarakhand,Garhwal,Khirsu-PithundiKhal Road,30.172275,78.954342,Rock Slide NA
33322,UK/CHA/53N08/2018/21,Uttarakhand,Chamoli,Binsar Devta Bethra-Chopta-Chanyapani,30.173278,79.380278,Debris Slide 2018
33323,UK/GAR/53J16/2015/1176,Uttarakhand,Garhwal,Khirsu-Srinagar Road,30.173528,78.87755,Debris Slide NA
33324,UK/GAR/53J16/2015/1158,Uttarakhand,Garhwal,Khirsu-PithundiKhal Road,30.173722,78.893579,Debris Slide NA
33325,UK/TEH/53J12/2015/2281,Uttarakhand,Tehri Garhwal,Devprayag-Syara-Marwara,30.174114,78.587878,Debris Slide NA
33326,UK/CHA/53N08/2018/67,Uttarakhand,Chamoli,Kaphlori Kothi-Jantha-Bugoli,30.174248,79.287903,Rock Slide 2017
33327,UK/CHA/53N08/2018/64,Uttarakhand,Chamoli,Chhaikura Narayanbagad-Nalgao,30.174541,79.352931,Rock Fall NA
33328,UK/PAU/53N04/2018/4,Uttarakhand,Pauri Garhwal,Rari Jhali Syoli Talli-Pinakot,30.174711,79.048546,Rock Slide 2017
33329,UK/GAR/53J16/2015/1179,Uttarakhand,Garhwal,Khirsu-Srinagar Road,30.175574,78.855068,Rock Slide NA
33330,UK/GAR/53J16/2015/1156,Uttarakhand,Garhwal,Khirsu-PithundiKhal Road,30.176248,78.939609,Rock Slide NA
33331,UK/GAR/53J16/2015/1154,Uttarakhand,Garhwal,Khirsu-PithundiKhal Road,30.176426,78.962226,Rock Slide NA
33332,UK/TEH/53J12/2015/2282,Uttarakhand,Tehri Garhwal,Devprayag-Syara-Marwara,30.176658,78.583519,Debris Slide NA
33333,UK/GAR/53J12/2015/2362,Uttarakhand,Garhwal,Sabdarkhal-Pauri,30.176923,78.70411,Debris Slide NA
33334,UK/CHA/53N08/2018/20,Uttarakhand,Chamoli,Binsar Devta Bethra-Chopta-Chanyapani,30.178139,79.385778,Rock Slide 2014
33335,UK/CHA/53N08/2018/65,Uttarakhand,Chamoli,Forest Narayanbagad-Nalgao,30.17828,79.329739,Rock Slide NA
33336,UK/CHA/53N08/2013/0051,Uttarakhand,Chamoli,UK_CHA_SH_ 051 About 500m upstream of Amsaur,30.178611,79.330139,Rock Slide 16th-17th June 2013
33337,UK/GAR/53J16/2015/1177,Uttarakhand,Garhwal,Khirsu-Srinagar Road,30.178971,78.86199,Rock cum Debris Slide NA
33338,UK/TEH/53J12/2015/2317,Uttarakhand,Tehri Garhwal,Devaprayag-MulyagaonBagwan,30.179014,78.618285,Debris Slide NA
33339,UK/GAR/53J16/2015/1178,Uttarakhand,Garhwal,Khirsu-Srinagar Road,30.179531,78.862137,Rock Slide NA
33340,UK/CHA/53N08/2018/18,Uttarakhand,Chamoli,Binsar Devta Bethra-Chopta-Chanyapani,30.180264,79.379642,Rock Slide 2014
33341,UK/CHA/53N08/2018/22,Uttarakhand,Chamoli,Dhulet Simtoli-Dharkot-Bangaon,30.180387,79.253461,Debris Slide 2016
33342,UK/GAR/53J16/2015/1102,Uttarakhand,Garhwal,Khanda-Koti Road,30.180513,78.796145,Rock Slide NA
33343,UK/CHA/53N04/2013/0039,Uttarakhand,Chamoli,UK_CHA_NH_ 039 Along NH-87E near Ujalpur village after Adibadri,30.180611,79.221611,Debris Slide 16th-17th June 2013
33344,UK/GAR/53J16/2015/1157,Uttarakhand,Garhwal,Khirsu-PithundiKhal Road,30.180689,78.918788,Debris Slide NA
33345,UK/TEH/53J12/2015/2283,Uttarakhand,Tehri Garhwal,Devprayag-Syara-Marwara,30.18193,78.583664,Debris Slide NA
33346,UK/DEH/53J04/2015/319,Uttarakhand,Dehradun,,30.182194,78.210778,Debris Slide 2015
33347,UK/TEH/53J12/2015/2297,Uttarakhand,Tehri Garhwal,Devprayag-Hindolakhal,30.182415,78.61009,Debris Slide NA
33348,UK/GAR/53J16/2015/1103,Uttarakhand,Garhwal,Khanda-Koti Road,30.18242,78.79296,Rock Slide NA
33349,UK/GAR/53J16/2015/1104,Uttarakhand,Garhwal,Khanda-Koti Road,30.182768,78.792416,Debris Slide NA
33350,UK/TER/53J12/2015/2420,Uttarakhand,Tehri Garhwal,Devaprayag-Mudeth-MarwaraRanakot-Chaka,30.183014,78.571472,Debris Slide NA
33351,UK/HAR/53F16/2015/599,Uttarakhand,Haridwar,Mohand -Asarori,30.183029,77.913655,Debris Slide NA
33352,UK/TER/53J12/2015/2421,Uttarakhand,Tehri Garhwal,Devaprayag-Mudeth-MarwaraRanakot-Chaka,30.184147,78.576355,Debris Slide NA
33353,UK/CHA/53N04/2018/1,Uttarakhand,Chamoli,Forest Bisauna-Kaphlori-Dungri,30.184498,79.161057,Rock Slide 2017
33354,UK/CHA/53N08/2018/19,Uttarakhand,Chamoli,Odali Bethra-Chopta-Chanyapani,30.186177,79.380843,Debris Slide 2014
33355,UK/GAR/53J16/2015/1098,Uttarakhand,Garhwal,Khanda-Sumari Road,30.187087,78.812486,Rock Slide NA
33356,UK/CHA/53N08/2018/24,Uttarakhand,Chamoli,Dhulet Simtoli-Dharkot-Bangaon,30.187944,79.256694,Debris Slide 2013
33357,UK/GAR/53J16/2015/1100,Uttarakhand,Garhwal,Khanda-Sumari Road,30.188683,78.803122,Rock Slide NA
33358,UK/TEH/53J12/2015/2296,Uttarakhand,Tehri Garhwal,Devprayag-Hindolakhal,30.189436,78.619754,Debris Slide NA
33359,UK/GAR/53J16/2015/1099,Uttarakhand,Garhwal,Khanda-Sumari Road,30.189644,78.805839,Rock Slide NA
33360,UK/GAR/53J16/2015/1097,Uttarakhand,Garhwal,,30.189785,78.794911,Debris Slide NA
33361,UK/GAR/53J16/2015/1101,Uttarakhand,Garhwal,Khanda-Sumari Road,30.190046,78.795882,Rock cum Debris Slide NA
33362,UK/GAR/53J12/2015/2443,Uttarakhand,Garhwal,Devaprayag-JamnalakhalMuchhali-Kirtinagar,30.190395,78.654506,Debris Slide NA
33363,UK/GAR/53J16/2015/1089,Uttarakhand,Garhwal,Oni - Ansoli Road,30.190425,78.763352,Rock Slide NA
33364,UK/TEH/53J12/2015/2295,Uttarakhand,Tehri Garhwal,Devprayag-Hindolakhal,30.191133,78.623913,Debris Slide NA
33365,UK/GAR/53J16/2015/1090,Uttarakhand,Garhwal,Oni - Ansoli Road,30.191345,78.763184,Rock Slide NA
33366,UK/GAR/53J16/2015/1091,Uttarakhand,Garhwal,Oni - Ansoli Road,30.191373,78.764781,Debris Slide NA
33367,UK/GAR/53J16/2015/1092,Uttarakhand,Garhwal,Oni - Ansoli Road,30.191983,78.771837,Rock Slide NA
33368,UK/GAR/53J16/2015/1096,Uttarakhand,Garhwal,Khanda-Chatkot Road,30.192041,78.778326,Rock Composite NA
33369,UK/GAR/53J16/2015/1093,Uttarakhand,Garhwal,Oni - Ansoli Road,30.192514,78.772591,Rock cum Debris Slide NA
33370,UK/TEH/53J12/2015/2318,Uttarakhand,Tehri Garhwal,Devaprayag-MulyagaonBagwan,30.192521,78.639536,Debris Slide NA
33371,UK/CHA/53N08/2013/0052,Uttarakhand,Chamoli,UK_CHA_SH_ 052 North-east of Bagoli village.,30.193722,79.309556,Debris Slide 16th-17th June 2013
33372,UK/GAR/53J16/2015/1201,Uttarakhand,Garhwal,Pokhri-Khirshu Road,30.193922,78.880183,Rock Slide NA
33373,UK/GAR/53J16/2015/1200,Uttarakhand,Garhwal,Pokhri-Khirshu Road,30.194564,78.879165,Rock Slide NA
33374,UK/GAR/53J16/2015/1094,Uttarakhand,Garhwal,Oni - Ansoli Road,30.194759,78.774834,Rock cum Debris Slide NA
33375,UK/CHA/53N08/2018/13,Uttarakhand,Chamoli,Sarkot Choura Mehta - Bhingrara - Birgul,30.195477,79.301949,Debris Slide 2016
33376,UK/GAR/53J16/2015/1095,Uttarakhand,Garhwal,Khanda-Ansoli Road,30.195928,78.775854,Rock Slide NA
33377,UK/CHA/53N08/2018/17,Uttarakhand,Chamoli,Bhalsaun Bethra-Chopta-Chanyapani,30.196372,79.379928,Rock Slide NA
33378,UK/HAR/53F16/2015/600,Uttarakhand,Haridwar,Mohand -Asarori,30.196723,77.915752,Debris Slide NA
33379,UK/TEH/53J12/2015/2284,Uttarakhand,Tehri Garhwal,Devprayag-Syara-Marwara,30.197068,78.558689,Debris Slide NA
33380,UK/CHA/53N08/2018/12,Uttarakhand,Chamoli,Sarkot Jamreri - Ghat - Baruri,30.197338,79.304865,Debris Subsidence 2016
33381,UK/GAR/53J12/2015/2444,Uttarakhand,Garhwal,Devaprayag-JamnalakhalMuchhali-Kirtinagar,30.197671,78.678978,Debris Slide NA
33382,UK/HAR/53F16/2015/601,Uttarakhand,Haridwar,Mohand -Asarori,30.197952,77.917633,Debris Slide NA
33383,UK/TEH/53J12/2015/2285,Uttarakhand,Tehri Garhwal,Devprayag-Syara-Marwara,30.199149,78.546895,Debris Slide NA
33384,UK/CHA/53N08/2018/11,Uttarakhand,Chamoli,Sarkot Jamreri - Ghat - Baruri,30.199207,79.310819,Rock Slide 2014
33385,UK/TEH/53J12/2015/2286,Uttarakhand,Tehri Garhwal,Devprayag-Marwara-KharsaraPalkot,30.199462,78.549459,Debris Slide NA
33386,UK/GAR/53J16/2015/1088,Uttarakhand,Garhwal,,30.199848,78.775079,Rock Slide NA
33387,UK/CHA/53N08/2013/0053,Uttarakhand,Chamoli,UK_CHA_SH_ 053 Thapli village along State Highway,30.200111,79.278722,Debris Slide 16th-17th June 2013
33388,UK/CHA/53N08/2018/69,Uttarakhand,Chamoli,Rai Serapankhuri-Dhansari,30.20048,79.333374,Rock Slide 2017
33389,UK/CHA/53N08/2018/37,Uttarakhand,Chamoli,Jakh Raingao-Maikot-Ghat,30.20075,79.464028,Debris Slide 2013
33390,UK/GAR/53J16/2015/1180,Uttarakhand,Garhwal,Khirsu-Srinagar Road,30.201823,78.848121,Rock Slide NA
33391,UK/DEH/53J04/2015/320,Uttarakhand,Dehradun,,30.202083,78.230222,Debris Slide NA
33392,UK/CHA/53N08/2018/36,Uttarakhand,Chamoli,Jakh Raingao-Maikot-Ghat,30.202167,79.465167,Debris Slide 2013
33393,UK/CHA/53N08/2018/16,Uttarakhand,Chamoli,Bhalsaun Bethra-Chopta-Chanyapani,30.203784,79.368203,Rock Slide NA
33394,UK/TEH/53J12/2015/2287,Uttarakhand,Tehri Garhwal,Devprayag-Marwara-KharsaraPalkot,30.20383,78.555686,Debris Slide NA
33395,UK/CHA/53N08/2018/38,Uttarakhand,Chamoli,Forest Raingao-Maikot-Ghat,30.205485,79.459201,Rock Slide NA
33396,UK/DEH/53J04/2015/336,Uttarakhand,Dehradun,,30.20775,78.165667,Debris Slide NA
33397,UK/CHA/53N04/2018/3,Uttarakhand,Chamoli,Dungri Dungri-Bhatoli bazar,30.208944,79.241056,Rock Slide 2017
33398,UK/CHA/53N04/2018/2,Uttarakhand,Chamoli,Dewar Nauti Maithan-Dungri,30.209,79.199694,Rock Slide 2018
33399,UK/GAR/53J16/2015/1087,Uttarakhand,Garhwal,NH-119,30.209249,78.750524,Rock Topple NA
33400,UK/GAR/53J16/2015/1086,Uttarakhand,Garhwal,NH-119,30.209934,78.755775,Rock Fall NA
33401,UK/CHA/53N08/2018/49,Uttarakhand,Chamoli,Pyonra Binwalgao-Banjbagad-Phali,30.210743,79.481492,Rock cum debris Slide 2014
33402,UK/GAR/53J16/2015/1085,Uttarakhand,Garhwal,NH-119,30.210769,78.766485,Debris Slide NA
33403,UK/CHA/53N08/2018/14,Uttarakhand,Chamoli,Forest Sunbhi-Chopta-Narayanbagad,30.210774,79.381302,Rock Slide NA
33404,UK/CHA/53N08/2018/48,Uttarakhand,Chamoli,Pyonra Binwalgao-Banjbagad-Phali,30.210809,79.48275,Rock cum debris Slide 2014
33405,UK/TER/53J12/2015/2416,Uttarakhand,Tehri Garhwal,Devaprayag-Mudeth-MarwaraRanakot-Chaka,30.211986,78.528778,Debris Slide NA
33406,UK/DEH/53J04/2015/341,Uttarakhand,Dehradun,,30.212222,78.247222,Debris Slide NA
33407,UK/TEH/53J12/2015/2294,Uttarakhand,Tehri Garhwal,Devprayag-Hindolakhal,30.212694,78.591889,Debris Slide NA
33408,UK/TEH/53J12/2015/2288,Uttarakhand,Tehri Garhwal,Devprayag-Marwara-KharsaraPalkot,30.212787,78.550041,Debris Slide NA
33409,UK/TEH/53J12/2015/2289,Uttarakhand,Tehri Garhwal,Devprayag-Marwara-KharsaraPalkot,30.214104,78.551474,Debris Slide NA
33410,UK/DEH/53J04/2015/322,Uttarakhand,Dehradun,,30.214661,78.229017,Debris Slide NA
33411,UK/DEH/53J04/2015/321,Uttarakhand,Dehradun,,30.214889,78.231389,Debris Slide NA
33412,UK/CHA/53N08/2013/0042,Uttarakhand,Chamoli,"UK_CHA_SH_ 042 East of Chulakot, road section along left bank of Pindar river.",30.215194,79.274917,Rock cum Debris Slide 16th-17th June 2013
33413,UK/CHA/53N08/2018/15,Uttarakhand,Chamoli,Forest Sunbhi-Chopta-Narayanbagad,30.215515,79.377048,Rock Slide NA
33414,UK/CHA/53N08/2018/50,Uttarakhand,Chamoli,Forest Binwalgao-Banjbagad-Phali,30.21646,79.4678,Rock Slide 2014
33415,UK/TER/53J12/2015/2429,Uttarakhand,Tehri Garhwal,Devaprayag-Hidolakhal-BagwanMaletha,30.216718,78.67802,Debris Slide NA
33416,UK/CHA/53N08/2018/39,Uttarakhand,Chamoli,Serapankhudi Raingao-Maikot-Ghat,30.21734,79.450117,Debris Slide 2016
33417,UK/GAR/53J16/2015/1202,Uttarakhand,Garhwal,Jaletha-Chamdhar Road,30.217715,78.856652,Rock cum Debris Composite NA
33418,UK/CHA/53N08/2018/51,Uttarakhand,Chamoli,Serapankhudi Binwalgao-Banjbagad-Phali,30.217937,79.464015,Rock Slide 2014
33419,UK/HAR/53F16/2015/602,Uttarakhand,Haridwar,Mohand -Asarori,30.218682,77.932452,Debris Slide NA
33420,UK/DEH/53J04/2015/340,Uttarakhand,Dehradun,,30.219972,78.238722,Rock Slide NA
33421,UK/GAR/53J16/2015/1203,Uttarakhand,Garhwal,Jaletha-Chamdhar Road,30.220131,78.869293,Rock cum Debris Slide NA
33422,UK/DEH/53J04/2015/339,Uttarakhand,Dehradun,,30.220639,78.243694,Rock Slide NA
33423,UK/CHA/53N08/2018/9,Uttarakhand,Chamoli,Khand Malla Jamreri - Ghat - Baruri,30.22082,79.25258,Debris Slide 2014
33424,UK/TER/53J12/2015/2417,Uttarakhand,Tehri Garhwal,Devaprayag-Mudeth-MarwaraRanakot-Chaka,30.222214,78.526183,Debris Slide NA
33425,UK/CHA/53N08/2018/10,Uttarakhand,Chamoli,Naula Jamreri - Ghat - Baruri,30.222338,79.253315,Rock Slide 2014
33426,UK/DEH/53J04/2015/337,Uttarakhand,Dehradun,,30.222361,78.249722,Debris Slide NA
33427,UK/HAR/53F16/2015/603,Uttarakhand,Haridwar,Mohand -Asarori,30.222414,77.937133,Debris Slide NA
33428,UK/TEH/53J12/2015/2290,Uttarakhand,Tehri Garhwal,Devprayag-Marwara-KharsaraPalkot,30.222472,78.504972,Debris Slide NA
33429,UK/DEH/53J04/2015/323,Uttarakhand,Dehradun,,30.222611,78.233861,Debris Slide NA
33430,UK/TER/53J12/2015/2428,Uttarakhand,Tehri Garhwal,Devaprayag-Hidolakhal-BagwanMaletha,30.222854,78.673297,Debris Slide NA
33431,UK/DEH/53J04/2015/344,Uttarakhand,Dehradun,,30.222861,78.236861,Rock Slide NA
33432,UK/DEH/53J04/2015/345,Uttarakhand,Dehradun,,30.223417,78.237833,Rock Slide NA
33433,UK/DEH/53J04/2015/338,Uttarakhand,Dehradun,,30.223583,78.245917,Debris Slide NA
33434,UK/CHA/53N08/2013/0041,Uttarakhand,Chamoli,"UK_CHA_NH_ 041 Along road, left bank of Pinder river, north of Bargaon village on SH-11",30.223972,79.272361,Rock cum Debris Slide 16th-17th June 2013
33435,UK/TER/53J12/2015/2424,Uttarakhand,Tehri Garhwal,Devaprayag-Hidolakhal-BagwanMaletha,30.224042,78.632875,Debris Slide NA
33436,UK/TER/53J12/2015/2423,Uttarakhand,Tehri Garhwal,Devaprayag-Hidolakhal-BagwanMaletha,30.224323,78.632385,Debris Slide NA
33437,UK/TER/53J12/2015/2418,Uttarakhand,Tehri Garhwal,Devaprayag-Mudeth-MarwaraRanakot-Chaka,30.224364,78.522899,Debris Slide NA
33438,UK/DEH/53J04/2015/342,Uttarakhand,Dehradun,,30.224861,78.239167,Rock Slide NA
33439,UK/CHA/53N08/2013/0040,Uttarakhand,Chamoli,UK_CHA_NH_ 040 Along road right bank of Alagad before Pinder confluence,30.225083,79.257028,Rock cum Debris Topple 16th-17th June 2013
33440,UK/CHA/53N08/2018/53,Uttarakhand,Chamoli,Serapankhudi Binwalgao-Banjbagad-Phali,30.225343,79.464234,Rock Slide 2014
33441,UK/CHA/53N08/2018/52,Uttarakhand,Chamoli,Serapankhudi Binwalgao-Banjbagad-Phali,30.225374,79.463079,Rock Slide 2014
33442,UK/DEH/53J04/2015/335,Uttarakhand,Dehradun,,30.226111,78.198778,Debris Slide NA
33443,UK/CHA/53N08/2018/40,Uttarakhand,Chamoli,Serapankhudi Raingao-Maikot-Ghat,30.226278,79.444833,Debris Slide 2016
33444,UK/DEH/53J04/2015/324,Uttarakhand,Dehradun,,30.226444,78.237139,Rock Slide NA
33445,UK/CHA/53N08/2018/54,Uttarakhand,Chamoli,Serapankhudi Binwalgao-Banjbagad-Phali,30.226462,79.461856,Rock Slide 2014
33446,UK/DEH/53J04/2015/325,Uttarakhand,Dehradun,,30.226833,78.238556,Rock Slide NA
33447,UK/CHA/53N08/2018/25,Uttarakhand,Chamoli,Museti Dimmar-Kimtoli-Dhansari,30.226901,79.298991,Rock Slide 2017
33448,UK/TER/53J12/2015/2419,Uttarakhand,Tehri Garhwal,Devaprayag-Mudeth-MarwaraRanakot-Chaka,30.227407,78.538898,Debris Slide NA
33449,UK/GAR/53J16/2015/1199,Uttarakhand,Garhwal,Dungri Panth-Khirshu Road,30.227835,78.901175,Rock Slide NA
33450,UK/DEH/53J04/2015/326,Uttarakhand,Dehradun,,30.228889,78.244889,Debris Slide NA
33451,UK/GAR/53J16/2015/1197,Uttarakhand,Garhwal,Srikot-Garh Road,30.229328,78.825755,Earth Slide NA
33452,UK/TER/53J12/2015/2422,Uttarakhand,Tehri Garhwal,Devaprayag-Hidolakhal-BagwanMaletha,30.230083,78.567806,Debris Slide NA
33453,UK/CHA/53N08/2018/55,Uttarakhand,Chamoli,Serapankhudi Binwalgao-Banjbagad-Phali,30.230843,79.448538,Rock Slide 2014
33454,UK/CHA/53N08/2018/8,Uttarakhand,Chamoli,Kauli Swala -Banlek -Jaitoli,30.231295,79.267228,Rock Slide 2014
33455,UK/TER/53J12/2015/2415,Uttarakhand,Tehri Garhwal,Devaprayag-Mudeth-MarwaraRanakot-Chaka,30.232522,78.501281,Debris Slide NA
33456,UK/DEH/53J04/2015/343,Uttarakhand,Dehradun,,30.232944,78.244444,Debris Slide NA
33457,UK/DEH/53J04/2015/334,Uttarakhand,Dehradun,,30.233056,78.233111,Debris Slide 2012
33458,UK/DEH/53J04/2015/327,Uttarakhand,Dehradun,,30.233583,78.235083,Debris Slide NA
33459,UK/HAR/53F16/2015/604,Uttarakhand,Haridwar,Mohand -Asarori,30.234483,77.946137,Debris Slide NA
33460,UK/TER/53J12/2015/2413,Uttarakhand,Tehri Garhwal,Devaprayag-Mudeth-MarwaraRanakot-Chaka,30.235788,78.513422,Debris Slide NA
33461,UK/GAR/53J16/2015/1194,Uttarakhand,Garhwal,Kaliyasaur-Srinagar Road (NH58),30.236208,78.847986,Rock Composite NA
33462,UK/CHA/53N08/2018/41,Uttarakhand,Chamoli,Angtoli Raingao-Maikot-Ghat,30.236533,79.441143,Rock Slide 2017
33463,UK/GAR/53J12/2015/2430,Uttarakhand,Garhwal,Devaprayag-Hidolakhal-BagwanMaletha,30.237024,78.701436,Debris Slide NA
33464,UK/TER/53J12/2015/2414,Uttarakhand,Tehri Garhwal,Devaprayag-Mudeth-MarwaraRanakot-Chaka,30.237389,78.512083,Debris Slide NA
33465,UK/GAR/53J16/2015/1189,Uttarakhand,Garhwal,Khankra-Khirshu Road,30.237477,78.927004,Rock Slide NA
33466,UK/GAR/53J16/2015/1204,Uttarakhand,Garhwal,Jaletha-Chamdhar Road,30.23773,78.862685,Rock cum Debris Slide NA
33467,UK/GAR/53J12/2015/2432,Uttarakhand,Garhwal,Devaprayag-Hidolakhal-BagwanMaletha,30.237905,78.701746,Debris Slide NA
33468,UK/TER/53J12/2015/2433,Uttarakhand,Tehri Garhwal,Devaprayag-Hidolakhal-BagwanMaletha,30.238571,78.705147,Debris Slide NA
33469,UK/GAR/53J16/2015/1198,Uttarakhand,Garhwal,Dungri Panth-Khirshu Road,30.23887,78.881432,Debris Slide NA
33470,UK/GAR/53J16/2015/1190,Uttarakhand,Garhwal,Kaliyasaur-Srinagar Road (NH58),30.24095,78.862708,Rock Slide NA
33471,UK/GAR/53J16/2015/1191,Uttarakhand,Garhwal,Kaliyasaur-Srinagar Road (NH58),30.241334,78.860179,Rock Slide NA
33472,UK/GAR/53J16/2015/1192,Uttarakhand,Garhwal,Kaliyasaur-Srinagar Road (NH58),30.241445,78.858058,Rock cum Debris Slide NA
33473,UK/TER/53J12/2015/2434,Uttarakhand,Tehri Garhwal,Devaprayag-Hidolakhal-BagwanMaletha,30.241464,78.70481,Debris Slide NA
33474,UK/GAR/53J16/2015/1188,Uttarakhand,Garhwal,Rudraprayag-Srinagar Road (NH58),30.241743,78.899366,Rock Slide NA
33475,UK/GAR/53J16/2015/1193,Uttarakhand,Garhwal,Kaliyasaur-Srinagar Road (NH58),30.242031,78.857525,Rock Slide NA
33476,UK/GAR/53J16/2015/1187,Uttarakhand,Garhwal,Rudraprayag-Srinagar Road (NH58),30.242293,78.906787,Earth Slide NA
33477,UK/CHA/53N08/2018/56,Uttarakhand,Chamoli,Kundi Kundi-Dhurmo,30.242444,79.399917,Debris Slide NA
33478,UK/DEH/53J04/2015/330,Uttarakhand,Dehradun,,30.242528,78.210222,Debris Slide NA
33479,UK/GAR/53J16/2015/1181,Uttarakhand,Garhwal,Rudraprayag-Srinagar Road (NH58),30.242535,78.917691,Rock Slide NA
33480,UK/DEH/53J04/2015/329,Uttarakhand,Dehradun,,30.243194,78.155667,Debris Slide NA
33481,UK/GAR/53J16/2015/1186,Uttarakhand,Garhwal,Rudraprayag-Srinagar Road (NH58),30.243693,78.910004,Rock cum Debris Slide NA
33482,UK/TER/53J12/2015/2427,Uttarakhand,Tehri Garhwal,Devaprayag-Hidolakhal-BagwanMaletha,30.243803,78.653536,Debris Slide NA
33483,UK/CHA/53N08/2018/57,Uttarakhand,Chamoli,Sunbhi Kundi-Dhurmo,30.243806,79.40025,Debris Slide NA
33484,UK/DEH/53J04/2015/328,Uttarakhand,Dehradun,,30.243917,78.153944,Debris Slide NA
33485,UK/CHA/53N08/2018/59,Uttarakhand,Chamoli,Sunbhi Kundi-Dhurmo,30.243977,79.403494,Rock Slide NA
33486,UK/TEH/53J16/2015/1195,Uttarakhand,Tehri Garhwal,,30.244141,78.803797,Rock Slide NA
33487,UK/CHA/53N08/2018/58,Uttarakhand,Chamoli,Sunbhi Kundi-Dhurmo,30.244278,79.400278,Debris Slide NA
33488,UK/GAR/53J16/2015/1185,Uttarakhand,Garhwal,Rudraprayag-Srinagar Road (NH58),30.244317,78.909286,Rock cum Debris Slide NA
33489,UK/TER/53J12/2015/2431,Uttarakhand,Tehri Garhwal,Devaprayag-Hidolakhal-BagwanMaletha,30.244694,78.701167,Debris Slide NA
33490,UK/DEH/53J04/2015/331,Uttarakhand,Dehradun,,30.244833,78.206833,Debris Slide NA
33491,UK/TEH/53J16/2015/1196,Uttarakhand,Tehri Garhwal,,30.245015,78.758125,Rock Slide NA
33492,UK/GAR/53J16/2015/1184,Uttarakhand,Garhwal,Rudraprayag-Srinagar Road (NH58),30.246917,78.911231,Rock Slide NA
33493,UK/TER/53J12/2015/2425,Uttarakhand,Tehri Garhwal,Devaprayag-Hidolakhal-BagwanMaletha,30.247364,78.582139,Debris Slide NA
33494,UK/CHA/53N08/2018/60,Uttarakhand,Chamoli,Sunbhi Kundi-Dhurmo,30.248146,79.401708,Rock Slide NA
33495,UK/TER/53J12/2015/2426,Uttarakhand,Tehri Garhwal,Devaprayag-Hidolakhal-BagwanMaletha,30.24853,78.599226,Debris Slide NA
33496,UK/CHA/53N08/2018/61,Uttarakhand,Chamoli,Sunbhi Kundi-Dhurmo,30.248574,79.402567,Rock Slide NA
33497,UK/DEH/53J04/2015/333,Uttarakhand,Dehradun,,30.248889,78.212083,Rock Slide NA
33498,UK/GAR/53J16/2015/1183,Uttarakhand,Garhwal,Sumari-Hariyali Road,30.249269,78.912686,Rock Slide NA
33499,UK/GAR/53J16/2015/1182,Uttarakhand,Garhwal,Rudraprayag-Srinagar Road (NH58),30.249433,78.913308,Rock Slide NA
33500,UK/DEH/53J04/2015/332,Uttarakhand,Dehradun,,30.249889,78.211944,Debris Slide NA
33501,UK/GAR/53J15/2015/1050,Uttarakhand,Garhwal,Rudraprayag-Srinagar Road (NH58),30.250157,78.924088,Rock Slide NA
33502,UK/GAR/53J15/2015/1051,Uttarakhand,Garhwal,Kaliyasaur-Srinagar Road (NH58),30.250162,78.877133,Rock cum Debris Slide NA
33503,UK/TEH/53J15/2015/1056,Uttarakhand,Tehri Garhwal,,30.250444,78.783468,Rock Slide NA
33504,UK/CHA/53N04/2013/0054,Uttarakhand,Chamoli,UK_CHA_NH_ 054 Between Simli and Karnprayag,30.250972,79.228278,Debris Slide 16th-17th June 2013
33505,UK/GAR/53J15/2015/1049,Uttarakhand,Garhwal,Rudraprayag-Srinagar Road (NH58),30.25133,78.930272,Rock Composite NA
33506,UK/CHA/53N03/2015/673,Uttarakhand,Chamoli,,30.251451,79.214928,Rock Slide NA
33507,UK/DEH/53J03/2015/2011,Uttarakhand,Dehradun,Maidan-Katkar,30.251527,78.211004,Rock Slide NA
33508,UK/DEH/53J03/2015/2012,Uttarakhand,Dehradun,Maidan-Katkar,30.252656,78.212558,Rock Slide NA
33509,UK/TEH/53J15/2015/1055,Uttarakhand,Tehri Garhwal,Silkakhal-Srinagar Road,30.252814,78.789425,Rock Slide NA
33510,UK/TEH/53J11/2015/2073,Uttarakhand,Tehri Garhwal,Jibala to Badon road,30.253556,78.735222,Debris Slide NA
33511,UK/TEH/53J11/2015/2074,Uttarakhand,Tehri Garhwal,Jibala to Badon road,30.254054,78.729708,Debris Slide NA
33512,UK/CHA/53N03/2015/661,Uttarakhand,Chamoli,,30.254083,79.130861,Rock Slide NA
33513,UK/TEH/53J11/2015/2236,Uttarakhand,Tehri Garhwal,Jamnikhal-Lalurikhal,30.254282,78.641465,Debris Slide NA
33514,UK/CHA/53N03/2015/672,Uttarakhand,Chamoli,,30.254417,79.216472,Debris Slide NA
33515,UK/TEH/53J11/2015/2248,Uttarakhand,Tehri Garhwal,Jamnikhal-Hinsrakhal-Maletha,30.25445,78.698284,Debris Slide NA
33516,UK/CHA/53N03/2015/671,Uttarakhand,Chamoli,,30.255889,79.218167,Debris Slide NA
33517,UK/TEH/53J15/2015/1054,Uttarakhand,Tehri Garhwal,Silkakhal-Naini Sain Road,30.257482,78.791067,Rock Slide NA
33518,UK/TEH/53J11/2015/2235,Uttarakhand,Tehri Garhwal,Jamnikhal-Lalurikhal,30.257504,78.639659,Debris Slide NA
33519,UK/RUD/53N03/2015/634,Uttarakhand,Rudraprayag,,30.258667,79.064778,Rock Slide NA
33520,UK/CHA/53N03/2015/655,Uttarakhand,Chamoli,,30.260222,79.160222,Debris Slide NA
33521,UK/TEH/53J11/2015/2072,Uttarakhand,Tehri Garhwal,Jibala to Badon road,30.260854,78.74769,Debris Slide NA
33522,UK/RUD/53N03/2015/635,Uttarakhand,Rudraprayag,,30.260861,79.062361,Rock Slide NA
33523,UK/RUD/53J15/2015/1048,Uttarakhand,Rudraprayag,Rudraprayag-Srinagar Road (NH58),30.261094,78.933061,Rock Slide NA
33524,UK/CHA/53N03/2015/656,Uttarakhand,Chamoli,,30.261611,79.159361,Debris Slide NA
33525,UK/CHA/53N03/2015/669,Uttarakhand,Chamoli,National Highway-58,30.2625,79.213806,Rock Flow NA
33526,UK/CHA/53N03/2015/670,Uttarakhand,Chamoli,National Highway-58,30.262583,79.214861,Rock Slide NA
33527,UK/TEH/53J11/2015/2242,Uttarakhand,Tehri Garhwal,Jamnikhal-Hinsrakhal-Maletha,30.263193,78.66474,Rock cum Debris Slide NA
33528,UK/TEH/53J15/2015/1053,Uttarakhand,Tehri Garhwal,,30.26326,78.786342,Rock Slide NA
33529,UK/CHA/53N03/2015/674,Uttarakhand,Chamoli,National Highway-58,30.263533,79.213708,Rock Slide NA
33530,UK/CHA/53N03/2015/657,Uttarakhand,Chamoli,,30.263583,79.157194,Rock Slide NA
33531,UK/TEH/53J11/2015/2243,Uttarakhand,Tehri Garhwal,Jamnikhal-Hinsrakhal-Maletha,30.263702,78.664401,Debris Slide NA
33532,UK/RUD/53N03/2015/632,Uttarakhand,Rudraprayag,,30.263806,79.094,Rock Slide NA
33533,UK/TEH/53J11/2015/2244,Uttarakhand,Tehri Garhwal,Jamnikhal-Hinsrakhal-Maletha,30.263932,78.67632,Debris Slide NA
33534,UK/RUD/53N03/2015/633,Uttarakhand,Rudraprayag,,30.264194,79.086694,Debris Slide NA
33535,UK/CHA/53N03/2015/660,Uttarakhand,Chamoli,,30.265222,79.149139,Rock Slide NA
33536,UK/TEH/53J15/2015/1081,Uttarakhand,Tehri Garhwal,,30.265378,78.755929,Rock Slide NA
33537,UK/TEH/53J11/2015/2241,Uttarakhand,Tehri Garhwal,Jamnikhal-Hinsrakhal-Maletha,30.265705,78.667963,Debris Slide NA
33538,UK/TEH/53J11/2015/2247,Uttarakhand,Tehri Garhwal,Jamnikhal-Hinsrakhal-Maletha,30.265806,78.686524,Debris Slide NA
33539,UK/CHA/53N03/2015/658,Uttarakhand,Chamoli,,30.266056,79.153,Rock Slide NA
33540,UK/TEH/53J11/2015/2246,Uttarakhand,Tehri Garhwal,Jamnikhal-Hinsrakhal-Maletha,30.266381,78.686294,Debris Slide NA
33541,UK/CHA/53N03/2015/664,Uttarakhand,Chamoli,National Highway-58,30.266667,79.176,Rock Slide NA
33542,UK/CHA/53N03/2015/668,Uttarakhand,Chamoli,National Highway-58,30.266722,79.19175,Debris Slide NA
33543,UK/CHA/53N03/2015/663,Uttarakhand,Chamoli,National Highway-58,30.266769,79.17155,Rock Slide NA
33544,UK/CHA/53N03/2015/697,Uttarakhand,Chamoli,,30.266972,79.218,Debris Slide NA
33545,UK/CHA/53N03/2015/659,Uttarakhand,Chamoli,,30.267306,79.150111,Rock Slide NA
33546,UK/CHA/53N03/2015/665,Uttarakhand,Chamoli,National Highway-58,30.267306,79.180222,Rock Slide NA
33547,UK/CHA/53N03/2015/667,Uttarakhand,Chamoli,National Highway-58,30.267551,79.188668,Rock Flow NA
33548,UK/CHA/53N03/2015/666,Uttarakhand,Chamoli,National Highway-58,30.26825,79.182917,Rock Slide NA
33549,UK/RUD/53N03/2015/631,Uttarakhand,Rudraprayag,,30.268611,79.092861,Rock Slide NA
33550,UK/CHA/53N03/2015/837,Uttarakhand,Chamoli,National Highway-58,30.268694,79.224889,Rock Slide NA
33551,UK/PIT/62B04/2018/68,Uttarakhand,Chamoli,Joshimat-Tapowan,30.268903,79.618879,Rock cum debris Slide 2014
33552,UK/CHA/53N07/2015/1253,Uttarakhand,Chamoli,,30.269056,79.42975,Debris Slide NA
33553,UK/CHA/53N03/2015/654,Uttarakhand,Chamoli,,30.2695,79.158278,Rock Slide NA
33554,UK/RUD/53N03/2015/630,Uttarakhand,Rudraprayag,,30.269833,79.092417,Debris Slide NA
33555,UK/CHA/53N03/2015/705,Uttarakhand,Chamoli,,30.270806,79.216528,Rock Slide NA
33556,UK/TEH/53J11/2015/2245,Uttarakhand,Tehri Garhwal,Jamnikhal-Hinsrakhal-Maletha,30.270833,78.682806,Rock Slide NA
33557,UK/TEH/53J11/2015/2069,Uttarakhand,Tehri Garhwal,Jibala to Badon road,30.270838,78.735623,Debris Slide NA
33558,UK/CHA/53N03/2015/700,Uttarakhand,Chamoli,,30.271167,79.220167,Rock Slide NA
33559,UK/CHA/53N03/2015/707,Uttarakhand,Chamoli,,30.271389,79.214833,Rock Slide NA
33560,UK/RUD/53N03/2015/636,Uttarakhand,Rudraprayag,,30.271528,79.066667,Debris Slide NA
33561,UK/CHA/53N03/2015/706,Uttarakhand,Chamoli,,30.271556,79.212583,Rock Slide NA
33562,UK/TEH/53J11/2015/2070,Uttarakhand,Tehri Garhwal,Jibala to Badon road,30.271838,78.737917,Debris Slide NA
33563,UK/CHA/53N03/2015/704,Uttarakhand,Chamoli,,30.272194,79.218889,Rock Slide NA
33564,UK/CHA/53N03/2015/727,Uttarakhand,Chamoli,,30.272444,79.215472,Rock Slide NA
33565,UK/CHA/53N03/2015/701,Uttarakhand,Chamoli,,30.272472,79.220722,Rock Slide NA
33566,UK/TEH/53J11/2015/2071,Uttarakhand,Tehri Garhwal,Jibala to Badon road,30.272972,78.743361,Debris Slide NA
33567,UK/TEH/53J11/2015/2240,Uttarakhand,Tehri Garhwal,Jamnikhal-Hinsrakhal-Maletha,30.27319,78.667446,Debris Slide NA
33568,UK/CHA/53N03/2015/698,Uttarakhand,Chamoli,,30.273306,79.222806,Rock Slide NA
33569,UK/GAR/53J15/2015/1047,Uttarakhand,Garhwal,Rudraprayag-Srinagar Road (NH58),30.273395,78.965023,Rock Composite NA
33570,UK/TEH/53J11/2015/2219,Uttarakhand,Tehri Garhwal,Paurikhal-Panchar-Rourdhar,30.273407,78.570901,Debris Slide NA
33571,UK/CHA/53N03/2015/809,Uttarakhand,Chamoli,Tiwara-Pokhri road,30.273444,79.216278,Rock Slide NA
33572,UK/CHA/53N03/2015/708,Uttarakhand,Chamoli,,30.2735,79.216722,Rock Slide NA
33573,UK/CHA/53N03/2015/662,Uttarakhand,Chamoli,National Highway-58,30.273643,79.16643,Debris Slide NA
33574,UK/CHA/53N03/2015/731,Uttarakhand,Chamoli,,30.273806,79.214222,Debris Slide NA
33575,UK/CHA/53N11/2018/2,Uttarakhand,Chamoli,Sotol road Joshimat-Tapowan,30.273956,79.605988,Rock Slide 2014
33576,UK/CHA/53N03/2015/709,Uttarakhand,Chamoli,,30.274056,79.216889,Rock Slide NA
33577,UK/CHA/53N11/2018/3,Uttarakhand,Chamoli,Sotol road Joshimat-Tapowan,30.27407,79.605416,Rock Slide 2018
33578,UK/PIT/62B04/2018/65,Uttarakhand,Chamoli,Sama-Tejam-Munsyari,30.274115,79.562904,Rock Slide 2016
33579,UK/TEH/53J11/2015/2217,Uttarakhand,Tehri Garhwal,Paurikhal-Panchar-Rourdhar,30.27428,78.56724,Debris Slide NA
33580,UK/TEH/53J11/2015/2218,Uttarakhand,Tehri Garhwal,Paurikhal-Panchar-Rourdhar,30.274381,78.569734,Debris Slide NA
33581,UK/CHA/53N03/2015/702,Uttarakhand,Chamoli,,30.274667,79.221028,Rock Slide NA
33582,UK/CHA/53N03/2015/699,Uttarakhand,Chamoli,,30.274917,79.223583,Rock Slide NA
33583,UK/CHA/53N03/2015/807,Uttarakhand,Chamoli,Tiwara-Pokhri road,30.275056,79.223444,Rock Slide NA
33584,UK/CHA/53N03/2015/808,Uttarakhand,Chamoli,Tiwara-Pokhri road,30.275361,79.222444,Rock Slide NA
33585,UK/GAR/53J15/2015/1046,Uttarakhand,Garhwal,Rudraprayag-Srinagar Road (NH58),30.275539,78.96832,Rock Topple NA
33586,UK/RUD/53N03/2015/629,Uttarakhand,Rudraprayag,,30.275556,79.096972,Debris Slide NA
33587,UK/CHA/53N03/2015/703,Uttarakhand,Chamoli,,30.27572,79.222426,Rock Slide NA
33588,UK/GAR/53J15/2015/1045,Uttarakhand,Garhwal,Rudraprayag by pass,30.275888,78.963799,Rock Slide NA
33589,UK/CHA/53N03/2015/810,Uttarakhand,Chamoli,Tiwara-Pokhri road,30.276111,79.219278,Rock Slide NA
33590,UK/TEH/53J15/2015/1068,Uttarakhand,Tehri Garhwal,Bhyota-Ghanji Road,30.276128,78.84054,Rock Slide NA
33591,UK/TEH/53J11/2015/2211,Uttarakhand,Tehri Garhwal,Raurdhar-Jamnikhal,30.276139,78.609667,Debris Slide NA
33592,UK/CHA/53N03/2015/675,Uttarakhand,Chamoli,National Highway-58,30.276556,79.238444,Debris Slide NA
33593,UK/CHA/62B04/2018/1,Uttarakhand,Chamoli,Joshimat-Tapowan,30.276946,79.575409,Debris Slide 2014
33594,UK/CHA/53N03/2015/650,Uttarakhand,Chamoli,National Highway-58,30.277028,79.1655,Rock Slide NA
33595,UK/CHA/53N03/2015/711,Uttarakhand,Chamoli,,30.277389,79.220306,Rock Slide NA
33596,UK/CHA/53N03/2015/653,Uttarakhand,Chamoli,,30.2775,79.162917,Rock Slide NA
33597,UK/CHA/53N03/2015/839,Uttarakhand,Chamoli,,30.277944,79.230306,Rock Slide NA
33598,UK/PIT/62B04/2018/67,Uttarakhand,Chamoli,Joshimat-Tapowan,30.278021,79.575787,Debris Slide NA
33599,UK/CHA/53N03/2015/652,Uttarakhand,Chamoli,National Highway-58,30.278169,79.165071,Rock Slide NA
33600,UK/CHA/53N03/2015/649,Uttarakhand,Chamoli,National Highway-58,30.278175,79.166464,Debris Slide NA
33601,UK/PIT/62B04/2018/66,Uttarakhand,Chamoli,Sama-Tejam-Munsyari,30.278384,79.543796,Rock cum debris Slide NA
33602,UK/CHA/53N03/2015/710,Uttarakhand,Chamoli,,30.278444,79.220333,Rock Slide NA
33603,UK/CHA/53N03/2015/712,Uttarakhand,Chamoli,,30.278833,79.223278,Rock Slide NA
33604,UK/TEH/53J11/2015/2234,Uttarakhand,Tehri Garhwal,Jamnikhal-Lalurikhal,30.278952,78.616857,Debris Slide NA
33605,UK/CHA/53N03/2015/651,Uttarakhand,Chamoli,National Highway-58,30.279167,79.165917,Rock Slide NA
33606,UK/CHA/53N07/2015/1227,Uttarakhand,Chamoli,,30.279362,79.395891,Rock Slide NA
33607,UK/TEH/53J11/2015/2213,Uttarakhand,Tehri Garhwal,Paurikhal-Dob-Simlasu,30.279946,78.51962,Debris Slide NA
33608,UK/CHA/53N03/2015/713,Uttarakhand,Chamoli,,30.280318,79.226101,Rock Slide NA
33609,UK/CHA/53N11/2018/4,Uttarakhand,Chamoli,Joshimat-Tapowan,30.280461,79.598229,Rock Fall 2016
33610,UK/TEH/53J11/2015/2233,Uttarakhand,Tehri Garhwal,Jamnikhal-Lalurikhal,30.280529,78.614806,Debris Slide NA
33611,UK/CHA/53N03/2015/732,Uttarakhand,Chamoli,,30.280722,79.216472,Rock Slide NA
33612,UK/TEH/53J15/2015/1080,Uttarakhand,Tehri Garhwal,Khola-Jhirkoti Road,30.280888,78.766668,Rock Slide NA
33613,UK/CHA/53N03/2015/714,Uttarakhand,Chamoli,,30.280972,79.226222,Rock Slide NA
33614,UK/RUD/53J15/2015/1044,Uttarakhand,Rudraprayag,Rudraprayag by pass,30.281218,78.968077,Rock Slide NA
33615,UK/GAR/53J15/2015/1036,Uttarakhand,Garhwal,,30.28122,78.998569,Rock Slide NA
33616,UK/CHA/53N03/2015/730,Uttarakhand,Chamoli,,30.281278,79.219139,Rock Slide NA
33617,UK/CHA/53N11/2018/1,Uttarakhand,Chamoli,Bahauk-Gulari Joshimat-Tapowan,30.281306,79.50303,Rock cum debris Slide NA
33618,UK/DEH/53J03/2015/2007,Uttarakhand,Dehradun,Kothar-Dharkot road,30.281623,78.215292,Rock Slide NA
33619,UK/CHA/53N03/2015/715,Uttarakhand,Chamoli,,30.281722,79.225056,Rock Slide NA
33620,UK/CHA/53N03/2015/811,Uttarakhand,Chamoli,Tiwara-Pokhri road,30.281917,79.21425,Rock Slide NA
33621,UK/CHA/53N03/2015/840,Uttarakhand,Chamoli,,30.281944,79.232944,Debris Slide NA
33622,UK/RUD/53J15/2015/1043,Uttarakhand,Rudraprayag,Rudraprayag by pass,30.281962,78.968621,Rock Composite NA
33623,UK/CHA/53N03/2015/733,Uttarakhand,Chamoli,,30.282722,79.212444,Rock Slide NA
33624,UK/GAR/53J15/2015/1037,Uttarakhand,Garhwal,,30.282925,78.998006,Rock Composite NA
33625,UK/GAR/53J15/2015/1035,Uttarakhand,Garhwal,,30.282979,78.991321,Rock cum Debris Slide NA
33626,UK/CHA/53N03/2015/716,Uttarakhand,Chamoli,,30.283083,79.221083,Rock Slide NA
33627,UK/CHA/53N03/2015/717,Uttarakhand,Chamoli,,30.283278,79.218556,Rock Slide NA
33628,UK/CHA/53N03/2015/647,Uttarakhand,Chamoli,,30.283528,79.144222,Rock Slide NA
33629,UK/CHA/53N03/2015/728,Uttarakhand,Chamoli,,30.283611,79.211167,Rock Slide NA
33630,UK/CHA/53N03/2015/645,Uttarakhand,Chamoli,,30.283722,79.153472,Rock Slide NA
33631,UK/CHA/53N03/2015/718,Uttarakhand,Chamoli,,30.28375,79.214361,Rock Slide NA
33632,UK/CHA/53N11/2018/5,Uttarakhand,Chamoli,Joshimat-Tapowan,30.283844,79.597798,Rock cum debris Slide NA
33633,UK/CHA/53N03/2015/729,Uttarakhand,Chamoli,,30.284,79.213028,Debris Slide NA
33634,UK/TEH/53J11/2015/2216,Uttarakhand,Tehri Garhwal,Paurikhal-Dob-Simlasu,30.284205,78.536901,Debris Slide NA
33635,UK/CHA/53N03/2015/838,Uttarakhand,Chamoli,National Highway-58,30.28425,79.249194,Debris Slide NA
33636,UK/CHA/53N07/2015/1249,Uttarakhand,Chamoli,NH-58,30.284361,79.250694,Rock Slide NA
33637,UK/TEH/53J11/2015/2082,Uttarakhand,Tehri Garhwal,Dugadda to Birkhal road,30.284444,78.717828,Rock cum Debris Slide NA
33638,UK/CHA/53N03/2015/642,Uttarakhand,Chamoli,National Highway-58,30.284472,79.138611,Rock Slide NA
33639,UK/GAR/53J15/2015/1038,Uttarakhand,Garhwal,,30.284537,78.99826,Rock Slide NA
33640,UK/TEH/53J11/2015/2212,Uttarakhand,Tehri Garhwal,Raurdhar-Jamnikhal,30.284571,78.600098,Debris Slide NA
33641,UK/CHA/53N03/2015/624,Uttarakhand,Chamoli,,30.284722,79.114167,Rock Flow NA
33642,UK/CHA/53N03/2015/757,Uttarakhand,Chamoli,,30.28475,79.199056,Debris Slide NA
33643,UK/TEH/53J11/2015/2214,Uttarakhand,Tehri Garhwal,Paurikhal-Dob-Simlasu,30.284784,78.513632,Debris Slide NA
33644,UK/CHA/53N03/2015/641,Uttarakhand,Chamoli,National Highway-58,30.284885,79.131163,Debris Slide NA
33645,UK/CHA/53N03/2015/648,Uttarakhand,Chamoli,National Highway-58,30.284972,79.166111,Debris Flow NA
33646,UK/RUD/53J15/2015/1042,Uttarakhand,Rudraprayag,Rudraprayag by pass,30.285096,78.972899,Rock Slide NA
33647,UK/CHA/53N03/2015/643,Uttarakhand,Chamoli,National Highway-58,30.285222,79.141639,Debris Slide NA
33648,UK/CHA/53N03/2015/756,Uttarakhand,Chamoli,,30.285389,79.200444,Debris Slide NA
33649,UK/CHA/53N03/2015/760,Uttarakhand,Chamoli,,30.285722,79.196194,Debris Slide NA
33650,UK/CHA/53N03/2015/644,Uttarakhand,Chamoli,,30.285806,79.152389,Rock Slide NA
33651,UK/CHA/53N03/2015/841,Uttarakhand,Chamoli,,30.286039,79.229401,Debris Slide NA
33652,UK/CHA/53N03/2015/759,Uttarakhand,Chamoli,,30.286111,79.193333,Rock Flow NA
33653,UK/CHA/53N03/2015/758,Uttarakhand,Chamoli,,30.286194,79.196556,Debris Slide NA
33654,UK/CHA/53N03/2015/761,Uttarakhand,Chamoli,,30.28625,79.190528,Rock Slide NA
33655,UK/RUD/53J15/2015/1041,Uttarakhand,Rudraprayag,Rudraprayag by pass,30.286316,78.974403,Rock Composite 2013
33656,UK/GAR/53N03/2015/762,Uttarakhand,Garhwal,,30.286417,79.023722,Rock Slide NA
33657,UK/CHA/53N03/2015/755,Uttarakhand,Chamoli,,30.28675,79.199222,Debris Slide NA
33658,UK/CHA/53N03/2015/754,Uttarakhand,Chamoli,,30.286806,79.197583,Rock Flow NA
33659,UK/CHA/53N03/2015/640,Uttarakhand,Chamoli,National Highway-58,30.287361,79.119083,Debris Slide NA
33660,UK/CHA/53N03/2015/753,Uttarakhand,Chamoli,,30.287389,79.196639,Debris Slide NA
33661,UK/TEH/53J11/2015/2232,Uttarakhand,Tehri Garhwal,Chandrabadni-Jamnikhal,30.287412,78.606378,Debris Slide NA
33662,UK/CHA/53N03/2015/752,Uttarakhand,Chamoli,,30.287528,79.193972,Rock Flow NA
33663,UK/CHA/53N03/2015/747,Uttarakhand,Chamoli,,30.287778,79.201083,Debris Flow NA
33664,UK/CHA/53N03/2015/748,Uttarakhand,Chamoli,,30.288028,79.199472,Debris Flow NA
33665,UK/CHA/53N03/2015/749,Uttarakhand,Chamoli,,30.288222,79.197472,Rock Flow NA
33666,UK/CHA/53N03/2015/639,Uttarakhand,Chamoli,National Highway-58,30.288444,79.119417,Debris Slide NA
33667,UK/CHA/53N03/2013/0001,Uttarakhand,Chamoli,UK_CHA_NH_ 001 About 200 m before 385 km stone on NH 58.,30.2885,79.119028,Debris Slide 2013
33668,UK/CHA/53N03/2015/751,Uttarakhand,Chamoli,,30.289111,79.194,Debris Slide NA
33669,UK/CHA/53N03/2015/750,Uttarakhand,Chamoli,,30.28925,79.194944,Debris Slide NA
33670,UK/RUD/53N03/2015/628,Uttarakhand,Rudraprayag,,30.289278,79.099778,Rock Slide NA
33671,UK/CHA/53N03/2015/719,Uttarakhand,Chamoli,,30.289389,79.201917,Rock Slide NA
33672,UK/TEH/53J11/2015/2083,Uttarakhand,Tehri Garhwal,Malupani to Kandikhal (SH-8),30.289474,78.701422,Debris Slide NA
33673,UK/CHA/53N03/2015/720,Uttarakhand,Chamoli,,30.289722,79.202667,Rock Slide NA
33674,UK/RUD/53N03/2015/625,Uttarakhand,Rudraprayag,,30.29,79.102472,Debris Slide NA
33675,UK/TEH/53J11/2015/2237,Uttarakhand,Tehri Garhwal,Jamnikhal-Hinsrakhal-Maletha,30.290175,78.622675,Debris Slide NA
33676,UK/TEH/53J11/2015/2215,Uttarakhand,Tehri Garhwal,Paurikhal-Dob-Simlasu,30.29023,78.518358,Debris Slide NA
33677,UK/CHA/53N07/2015/1250,Uttarakhand,Chamoli,NH-58,30.290504,79.290847,Debris Slide NA
33678,UK/CHA/53N03/2015/646,Uttarakhand,Chamoli,National Highway-58,30.290583,79.150278,Debris Slide NA
33679,UK/TEH/53J15/2015/1079,Uttarakhand,Tehri Garhwal,Khola-Jhirkoti Road,30.290808,78.760316,Rock Slide NA
33680,UK/TEH/53J11/2015/2239,Uttarakhand,Tehri Garhwal,Jamnikhal-Hinsrakhal-Maletha,30.290944,78.657778,Debris Slide NA
33681,UK/TEH/53J15/2015/1078,Uttarakhand,Tehri Garhwal,Dharkot-Khola Road,30.291187,78.760665,Rock Slide NA
33682,UK/CHA/53N07/2013/0037,Uttarakhand,Chamoli,UK_CHA_NH_ 037 At Km,409,30.29125,79.289444 Debris Subsidence 16th-17th June 2013
33683,UK/CHA/53N03/2015/813,Uttarakhand,Chamoli,Tiwara-Pokhri road,30.291389,79.203778,Debris Slide NA
33684,UK/CHA/53N03/2015/721,Uttarakhand,Chamoli,,30.2915,79.203861,Rock Slide NA
33685,UK/CHA/53N03/2015/812,Uttarakhand,Chamoli,Tiwara-Pokhri road,30.291639,79.203833,Rock Slide NA
33686,UK/RUD/53N03/2015/626,Uttarakhand,Rudraprayag,,30.291639,79.101972,Rock Slide NA
33687,UK/RUD/53J15/2015/1040,Uttarakhand,Rudraprayag,Rudraprayag by pass,30.291695,78.97762,Rock Slide NA
33688,UK/RUD/53N03/2015/627,Uttarakhand,Rudraprayag,,30.291917,79.100417,Rock Slide NA
33689,UK/TEH/53J11/2015/2238,Uttarakhand,Tehri Garhwal,Jamnikhal-Hinsrakhal-Maletha,30.291972,78.657139,Debris Slide NA
33690,UK/CHA/53N03/2015/722,Uttarakhand,Chamoli,,30.292528,79.201139,Rock Slide NA
33691,UK/RUD/53J15/2015/1039,Uttarakhand,Rudraprayag,Rudraprayag by pass,30.292767,78.977537,Debris Slide NA
33692,UK/RUD/53N03/2015/623,Uttarakhand,Rudraprayag,National Highway-58,30.292944,79.115889,Rock Slide NA
33693,UK/TEH/53J15/2015/1077,Uttarakhand,Tehri Garhwal,Dharkot-Khola Road,30.29305,78.760888,Rock Slide NA
33694,UK/RUD/53N03/2015/618,Uttarakhand,Rudraprayag,Nagrasu,30.293083,79.109111,Debris Slide NA
33695,UK/CHA/53N07/2013/0036,Uttarakhand,Chamoli,UK_CHA_NH_ 036 Dhungwali (Near Karanparyag),30.293139,79.299972,Debris Subsidence 16th-17th June 2013
33696,UK/CHA/53N07/2015/1254,Uttarakhand,Chamoli,,30.293417,79.380889,Debris Slide NA
33697,UK/RUD/53N03/2015/622,Uttarakhand,Rudraprayag,,30.293611,79.115528,Rock Slide NA
33698,UK/RUD/53N03/2015/621,Uttarakhand,Rudraprayag,,30.293639,79.109056,Rock Slide NA
33699,UK/RUD/53J15/2015/951,Uttarakhand,Rudraprayag,Rudraprayag-Kedarnath Road (NH-109),30.293777,78.978017,Rock cum Debris Slide NA
33700,UK/RUD/53N03/2015/620,Uttarakhand,Rudraprayag,,30.294083,79.114306,Rock Slide NA
33701,UK/GAR/53N03/2015/615,Uttarakhand,Garhwal,NH-58,30.294556,79.079111,Rock Slide NA
33702,UK/GAR/53N03/2015/616,Uttarakhand,Garhwal,NH-58,30.294583,79.084278,Debris Slide NA
33703,UK/RUD/53N03/2015/619,Uttarakhand,Rudraprayag,,30.294639,79.106528,Debris Flow NA
33704,UK/GAR/53N03/2015/614,Uttarakhand,Garhwal,NH-58,30.294667,79.071639,Debris Slide NA
33705,UK/RUD/53J15/2015/1033,Uttarakhand,Rudraprayag,Rudraprayag-Pokhri Road,30.294691,78.987041,Rock Slide NA
33706,UK/CHA/53N03/2015/723,Uttarakhand,Chamoli,,30.295056,79.203444,Rock Slide NA
33707,UK/TEH/53J15/2015/1052,Uttarakhand,Tehri Garhwal,Chuunikhal-Silkakhal Road,30.295086,78.806315,Rock Slide NA
33708,UK/RUD/53N03/2015/638,Uttarakhand,Rudraprayag,,30.295278,79.1345,Rock Slide NA
33709,UK/CHA/53N07/2015/1223,Uttarakhand,Chamoli,PMSGY road,30.295333,79.323667,Rock Slide NA
33710,UK/GAR/53N03/2015/613,Uttarakhand,Garhwal,NH-58,30.2955,79.068194,Debris Flow NA
33711,UK/CHA/53N07/2015/1224,Uttarakhand,Chamoli,PMSGY road,30.295571,79.322059,Rock Slide NA
33712,UK/TEH/53J11/2015/2231,Uttarakhand,Tehri Garhwal,Chandrabadni-Jamnikhal,30.295742,78.6148,Debris Slide NA
33713,UK/RUD/53J15/2015/952,Uttarakhand,Rudraprayag,Rudraprayag-Kedarnath Road (NH-109),30.295936,78.979954,Rock Slide NA
33714,UK/TEH/53J11/2015/2081,Uttarakhand,Tehri Garhwal,Dugadda to Birkhal road,30.295964,78.719206,Rock Slide NA
33715,UK/CHA/53N07/2013/0035,Uttarakhand,Chamoli,UK_CHA_NH_,35,411.9,"Km, Near Village Viroli 30.296528 79.301389 Debris Flow 16th-17th June 2013"
33716,UK/CHA/53N03/2015/724,Uttarakhand,Chamoli,,30.296583,79.202444,Rock Slide NA
33717,UK/CHA/53N03/2015/725,Uttarakhand,Chamoli,,30.296583,79.202,Rock Slide NA
33718,UK/CHA/53N03/2015/814,Uttarakhand,Chamoli,Tiwara-Pokhri road,30.296972,79.202361,Rock Slide NA
33719,UK/CHA/53N03/2015/815,Uttarakhand,Chamoli,Tiwara-Pokhri road,30.297111,79.201722,Rock Slide NA
33720,UK/GAR/53N03/2015/611,Uttarakhand,Garhwal,NH-58,30.297417,79.057361,Debris Flow NA
33721,UK/RUD/53J15/2015/1032,Uttarakhand,Rudraprayag,Tilwara-Rudraprayag Road (NH109),30.297433,78.977908,Rock Slide NA
33722,UK/GAR/53N03/2015/612,Uttarakhand,Garhwal,NH-58,30.297444,79.059139,Debris Slide NA
33723,UK/TEH/53J11/2015/2220,Uttarakhand,Tehri Garhwal,Anjanisain-Rourdhar,30.297652,78.605363,Debris Slide NA
33724,UK/TEH/53J11/2015/2084,Uttarakhand,Tehri Garhwal,Malupani to Kandikhal (SH-8),30.298099,78.688569,Debris Slide NA
33725,UK/GAR/53N03/2015/610,Uttarakhand,Garhwal,NH-58,30.298139,79.053444,Debris Slide NA
33726,UK/RUD/53N03/2015/637,Uttarakhand,Rudraprayag,National Highway-58,30.2985,79.109833,Rock Slide NA
33727,UK/GAR/53N03/2015/607,Uttarakhand,Garhwal,National Highway-58,30.298944,79.012722,Debris Slide NA
33728,UK/TEH/53J15/2015/1076,Uttarakhand,Tehri Garhwal,Dharkot-Khola Road,30.299264,78.763689,Rock Slide NA
33729,UK/CHA/53N03/2015/691,Uttarakhand,Chamoli,,30.299278,79.20425,Rock Slide NA
33730,UK/RUD/53N03/2015/617,Uttarakhand,Rudraprayag,Nagrasu,30.299694,79.099278,Debris Slide NA
33731,UK/GAR/53N03/2015/609,Uttarakhand,Garhwal,NH-58,30.300194,79.049,Debris Slide NA
33732,UK/CHA/53N03/2015/726,Uttarakhand,Chamoli,,30.300278,79.203611,Rock Slide NA
33733,UK/CHA/53N07/2015/1225,Uttarakhand,Chamoli,NH-58,30.300809,79.301624,Rock Slide NA
33734,UK/TEH/53J11/2015/2080,Uttarakhand,Tehri Garhwal,Dugadda to Birkhal road,30.300904,78.71809,Debris Slide NA
33735,UK/CHA/53N03/2015/692,Uttarakhand,Chamoli,,30.301361,79.20575,Rock Slide NA
33736,UK/TEH/53J11/2015/2221,Uttarakhand,Tehri Garhwal,Anjanisain-Rourdhar,30.30191,78.606959,Debris Slide NA
33737,UK/TEH/53J15/2015/1075,Uttarakhand,Tehri Garhwal,Dharkot-Khola Road,30.301953,78.761592,Rock Slide NA
33738,UK/TEH/53J11/2015/2222,Uttarakhand,Tehri Garhwal,Anjanisain-Rourdhar,30.302234,78.60649,Debris Slide NA
33739,UK/GAR/53N03/2015/608,Uttarakhand,Garhwal,SUMERPUR,30.302361,79.028833,Debris Slide NA
33740,UK/DEH/53J03/2015/2009,Uttarakhand,Dehradun,Maldeota-Hilaswali road,30.302444,78.227443,Rock Slide NA
33741,UK/CHA/53N03/2015/695,Uttarakhand,Chamoli,,30.3025,79.210833,Rock Slide NA
33742,UK/CHA/53N03/2015/694,Uttarakhand,Chamoli,,30.302556,79.209556,Rock Slide NA
33743,UK/CHA/53N03/2015/693,Uttarakhand,Chamoli,,30.30271,79.206677,Rock Slide NA
33744,UK/RUD/53J15/2015/1059,Uttarakhand,Rudraprayag,Bhyota-Ghanji Road,30.302889,78.873035,Rock Composite NA
33745,UK/CHA/53N03/2015/696,Uttarakhand,Chamoli,,30.303278,79.210889,Rock Slide NA
33746,UK/DEH/53J03/2015/2010,Uttarakhand,Dehradun,Maldeota-Hilaswali road,30.303278,78.180139,Rock cum Debris Slide NA
33747,UK/RUD/53J15/2015/1034,Uttarakhand,Rudraprayag,Rudraprayag-Pokhri Road,30.30355,78.992931,Rock Slide NA
33748,UK/CHA/53N03/2015/690,Uttarakhand,Chamoli,,30.303611,79.204083,Debris Slide NA
33749,UK/CHA/53N03/2015/816,Uttarakhand,Chamoli,Tiwara-Pokhri road,30.303778,79.203944,Rock Slide NA
33750,UK/CHA/53N03/2015/689,Uttarakhand,Chamoli,,30.303833,79.203944,Rock Slide NA
33751,UK/RUD/53J15/2015/1058,Uttarakhand,Rudraprayag,Bhyota-Ghanji Road,30.303963,78.874863,Rock Slide NA
33752,UK/RUD/53N03/2015/775,Uttarakhand,Rudraprayag,,30.303972,79.015111,Debris Slide NA
33753,UK/TEH/53J11/2015/2223,Uttarakhand,Tehri Garhwal,Anjanisain-Rourdhar,30.304194,78.606389,Debris Slide NA
33754,UK/RUD/53J15/2015/1057,Uttarakhand,Rudraprayag,Bhyota-Ghanji Road,30.304416,78.875173,Rock Slide NA
33755,UK/TEH/53J11/2015/2224,Uttarakhand,Tehri Garhwal,Anjanisain-Rourdhar,30.305306,78.605417,Debris Slide NA
33756,UK/RUD/53N03/2015/779,Uttarakhand,Rudraprayag,,30.305889,79.00325,Debris Slide NA
33757,UK/RUD/53N03/2015/786,Uttarakhand,Rudraprayag,Rudraprayag-Pokhri road,30.305972,79.003528,Debris Slide NA
33758,UK/CHA/53N03/2015/688,Uttarakhand,Chamoli,,30.306047,79.203156,Rock Slide NA
33759,UK/RUD/53N03/2015/780,Uttarakhand,Rudraprayag,,30.306111,79.001111,Rock Slide NA
33760,UK/TEH/53J15/2015/1066,Uttarakhand,Tehri Garhwal,Bhyota-Ghanji Road,30.306206,78.857561,Rock Slide NA
33761,UK/TEH/53J15/2015/1074,Uttarakhand,Tehri Garhwal,Dharkot-Khola Road,30.306282,78.759592,Rock cum Debris Slide NA
33762,UK/RUD/53N03/2015/776,Uttarakhand,Rudraprayag,,30.3065,79.006694,Rock Slide NA
33763,UK/DEH/53J03/2015/2024,Uttarakhand,Dehradun,Maldeota-Hilaswali road,30.306525,78.21564,Rock Slide NA
33764,UK/CHA/53N03/2015/687,Uttarakhand,Chamoli,,30.306667,79.20225,Rock Slide NA
33765,UK/DEH/53J03/2015/2006,Uttarakhand,Dehradun,Maldeota-Hilaswali road,30.306722,78.162472,Rock Slide NA
33766,UK/TEH/53J15/2015/1065,Uttarakhand,Tehri Garhwal,Bhyota-Ghanji Road,30.306803,78.857548,Rock Slide NA
33767,UK/CHA/53N03/2015/739,Uttarakhand,Chamoli,,30.306861,79.19775,Rock Slide NA
33768,UK/RUD/53J15/2015/1060,Uttarakhand,Rudraprayag,Bhyota-Ghanji Road,30.306893,78.866877,Rock Composite NA
33769,UK/TEH/53J15/2015/1067,Uttarakhand,Tehri Garhwal,Bhyota-Ghanji Road,30.307156,78.851956,Rock Slide NA
33770,UK/TEH/53J15/2015/1064,Uttarakhand,Tehri Garhwal,Bhyota-Ghanji Road,30.307654,78.858286,Rock Slide NA
33771,UK/RUD/53J15/2015/1061,Uttarakhand,Rudraprayag,Bhyota-Ghanji Road,30.307986,78.862857,Rock Slide NA
33772,UK/RUD/53N03/2015/777,Uttarakhand,Rudraprayag,,30.308167,79.004639,Debris Slide NA
33773,UK/RUD/53N03/2015/778,Uttarakhand,Rudraprayag,,30.308167,79.004944,Rock Slide NA
33774,UK/TEH/53J15/2015/1063,Uttarakhand,Tehri Garhwal,Bhyota-Ghanji Road,30.308596,78.859046,Rock Slide NA
33775,UK/RUD/53N03/2015/787,Uttarakhand,Rudraprayag,Rudraprayag-Pokhri road,30.308778,79.014361,Rock Slide NA
33776,UK/CHA/53N03/2015/686,Uttarakhand,Chamoli,,30.309028,79.1995,Rock Slide NA
33777,UK/RUD/53N03/2015/788,Uttarakhand,Rudraprayag,Rudraprayag-Pokhri road,30.309111,79.015111,Rock Slide NA
33778,UK/RUD/53N03/2015/772,Uttarakhand,Rudraprayag,,30.30925,79.030722,Rock Slide NA
33779,UK/RUD/53N03/2015/773,Uttarakhand,Rudraprayag,,30.3095,79.0305,Rock Slide NA
33780,UK/CHA/53N07/2015/1226,Uttarakhand,Chamoli,,30.310022,79.325443,Rock Slide NA
33781,UK/TEH/53J15/2015/1062,Uttarakhand,Tehri Garhwal,Bhyota-Ghanji Road,30.310456,78.858266,Rock cum Debris Slide NA
33782,UK/TEH/53J11/2015/2249,Uttarakhand,Tehri Garhwal,Anjanisain-Jakhnidhar,30.310946,78.598405,Rock cum Debris Slide NA
33783,UK/RUD/53N03/2015/770,Uttarakhand,Rudraprayag,,30.312528,79.029583,Debris Slide NA
33784,UK/RUD/53N03/2015/771,Uttarakhand,Rudraprayag,,30.312556,79.030278,Debris Slide NA
33785,UK/TEH/53J11/2015/2225,Uttarakhand,Tehri Garhwal,Anjanisain-Lamridhar,30.313081,78.597216,Debris Slide NA
33786,UK/RUD/53J15/2015/1031,Uttarakhand,Rudraprayag,Tilwara-Rudraprayag Road (NH109),30.313856,78.975917,Rock Slide NA
33787,UK/RUD/53N03/2015/769,Uttarakhand,Rudraprayag,,30.314417,79.029389,Debris Slide NA
33788,UK/CHA/53N07/2015/1251,Uttarakhand,Chamoli,NH-58,30.314861,79.310278,Debris Slide NA
33789,UK/RUD/53J15/2015/1030,Uttarakhand,Rudraprayag,Tilwara-Rudraprayag Road (NH109),30.315189,78.971496,Rock Composite NA
33790,UK/RUD/53N03/2015/768,Uttarakhand,Rudraprayag,,30.316167,79.02725,Rock Slide NA
33791,UK/TEH/53J11/2015/2085,Uttarakhand,Tehri Garhwal,Malupani to Kandikhal (SH-8),30.316909,78.661432,Debris Slide NA
33792,UK/CHA/53N03/2015/744,Uttarakhand,Chamoli,,30.317028,79.183861,Debris Slide NA
33793,UK/RUD/53N03/2015/763,Uttarakhand,Rudraprayag,,30.317278,79.030583,Rock Slide NA
33794,UK/RUD/53N03/2015/764,Uttarakhand,Rudraprayag,,30.317556,79.033111,Debris Slide NA
33795,UK/TEH/53J15/2015/1073,Uttarakhand,Tehri Garhwal,Dharkot-Khola Road,30.317637,78.758507,Rock Slide NA
33796,UK/CHA/53N03/2015/745,Uttarakhand,Chamoli,,30.317722,79.185556,Rock Slide NA
33797,UK/CHA/53N03/2015/746,Uttarakhand,Chamoli,,30.317722,79.185556,Debris Slide NA
33798,UK/CHA/53N03/2015/743,Uttarakhand,Chamoli,,30.317944,79.186444,Rock Slide NA
33799,UK/CHA/53N03/2015/741,Uttarakhand,Chamoli,,30.318139,79.186428,Debris Slide NA
33800,UK/RUD/53N03/2015/765,Uttarakhand,Rudraprayag,,30.318278,79.027917,Debris Slide NA
33801,UK/RUD/53N03/2015/767,Uttarakhand,Rudraprayag,,30.318694,79.026611,Rock Slide NA
33802,UK/CHA/53N03/2015/742,Uttarakhand,Chamoli,,30.31875,79.187083,Rock Slide NA
33803,UK/RUD/53N03/2015/766,Uttarakhand,Rudraprayag,,30.319417,79.026444,Rock Slide NA
33804,UK/CHA/53N03/2015/740,Uttarakhand,Chamoli,,30.319889,79.19225,Debris Slide NA
33805,UK/TEH/53J11/2015/2079,Uttarakhand,Tehri Garhwal,Dugadda to Birkhal road,30.32,78.708417,Rock cum Debris Subsidence NA
33806,UK/TEH/53J15/2015/1072,Uttarakhand,Tehri Garhwal,Dharkot-Khola Road,30.320074,78.759231,Rock Slide NA
33807,UK/TEH/53J15/2015/1071,Uttarakhand,Tehri Garhwal,Dharkot-Khola Road,30.320916,78.761306,Rock Slide NA
33808,UK/RUD/53N03/2015/774,Uttarakhand,Rudraprayag,,30.321639,79.016611,Rock Slide NA
33809,UK/CHA/53N03/2015/685,Uttarakhand,Chamoli,,30.322111,79.205222,Rock Slide NA
33810,UK/TEH/53J11/2015/2226,Uttarakhand,Tehri Garhwal,Anjanisain-Lamridhar,30.322861,78.578639,Debris Slide NA
33811,UK/CHA/53N03/2015/734,Uttarakhand,Chamoli,,30.323528,79.199389,Rock Flow NA
33812,UK/CHA/53N03/2015/736,Uttarakhand,Chamoli,,30.323719,79.196798,Rock Slide NA
33813,UK/CHA/53N03/2015/738,Uttarakhand,Chamoli,,30.323726,79.196448,Rock Slide NA
33814,UK/RUD/53J15/2015/1024,Uttarakhand,Rudraprayag,Sumari-Hariyali Road,30.323899,78.955659,Rock Slide NA
33815,UK/CHA/53N03/2015/684,Uttarakhand,Chamoli,,30.324139,79.199056,Rock Slide NA
33816,UK/RUD/53J15/2015/1029,Uttarakhand,Rudraprayag,Tilwara-Rudraprayag Road (NH109),30.324314,78.969257,Rock Slide NA
33817,UK/CHA/53N03/2015/737,Uttarakhand,Chamoli,,30.324333,79.196083,Rock Slide NA
33818,UK/TEH/53J11/2015/2078,Uttarakhand,Tehri Garhwal,Dugadda to Birkhal road,30.324382,78.70874,Debris Slide NA
33819,UK/CHA/53N03/2015/735,Uttarakhand,Chamoli,,30.324417,79.1985,Rock Slide NA
33820,UK/CHA/53N03/2015/682,Uttarakhand,Chamoli,,30.325083,79.195056,Rock Slide NA
33821,UK/TEH/53J11/2015/2227,Uttarakhand,Tehri Garhwal,Anjanisain-Lamridhar,30.325312,78.575586,Debris Slide NA
33822,UK/TEH/53J11/2015/2230,Uttarakhand,Tehri Garhwal,Anjanisain-Lamridhar,30.325538,78.558434,Debris Slide NA
33823,UK/TEH/53J11/2015/2077,Uttarakhand,Tehri Garhwal,Dugadda to Birkhal road,30.325698,78.724022,Debris Slide NA
33824,UK/TEH/53J11/2015/2250,Uttarakhand,Tehri Garhwal,Anjanisain-Jakhnidhar,30.327119,78.557762,Debris Slide NA
33825,UK/CHA/53N03/2015/683,Uttarakhand,Chamoli,,30.327595,79.194996,Rock Slide NA
33826,UK/TEH/53J11/2015/2228,Uttarakhand,Tehri Garhwal,Anjanisain-Lamridhar,30.327972,78.5715,Debris Slide NA
33827,UK/RUD/53J15/2015/1028,Uttarakhand,Rudraprayag,Tilwara-Rudraprayag Road (NH109),30.328006,78.96945,Rock cum Debris Slide NA
33828,UK/CHA/53N03/2015/681,Uttarakhand,Chamoli,,30.328242,79.19451,Rock Slide NA
33829,UK/TEH/53J11/2015/2229,Uttarakhand,Tehri Garhwal,Anjanisain-Lamridhar,30.328528,78.567167,Debris Slide NA
33830,UK/TEH/53J11/2015/2086,Uttarakhand,Tehri Garhwal,Dugadda to Jakhan road,30.329472,78.652948,Rock Slide NA
33831,UK/TEH/53J11/2015/2076,Uttarakhand,Tehri Garhwal,Dugadda to Birkhal road,30.32955,78.72609,Debris Slide NA
33832,UK/CHA/53N03/2015/680,Uttarakhand,Chamoli,,30.329861,79.19375,Rock Slide NA
33833,UK/CHA/53N03/2015/679,Uttarakhand,Chamoli,,30.329889,79.194389,Debris Slide NA
33834,UK/TEH/53J15/2015/1070,Uttarakhand,Tehri Garhwal,Ghanji-Kirtinagar Road,30.330285,78.764995,Rock Slide NA
33835,UK/TEH/53J15/2015/1069,Uttarakhand,Tehri Garhwal,Ghanji-Kirtinagar Road,30.330421,78.765151,Rock Slide NA
33836,UK/CHA/53N07/2015/1214,Uttarakhand,Chamoli,NH-58,30.330889,79.315389,Debris Slide NA
33837,UK/CHA/53N07/2015/1215,Uttarakhand,Chamoli,NH-58,30.330889,79.315389,Debris Slide NA
33838,UK/CHA/53N03/2015/678,Uttarakhand,Chamoli,,30.331008,79.205941,Rock Slide NA
33839,UK/RUD/53J15/2015/1026,Uttarakhand,Rudraprayag,Ratanpur-Kanda Road,30.331159,78.955059,Rock Slide NA
33840,UK/TEH/53J11/2015/2251,Uttarakhand,Tehri Garhwal,Anjanisain-Jakhnidhar,30.331361,78.554194,Rock Slide NA
33841,UK/RUD/53J15/2015/1025,Uttarakhand,Rudraprayag,Ratanpur-Kanda Road,30.331596,78.955714,Rock Slide NA
33842,UK/TEH/53J11/2015/2253,Uttarakhand,Tehri Garhwal,Anjanisain-Jakhnidhar,30.333663,78.546888,Debris Slide NA
33843,UK/RUD/53J15/2015/1027,Uttarakhand,Rudraprayag,Tilwara-Rudraprayag Road (NH109),30.333981,78.969918,Rock Slide NA
33844,UK/TEH/53J11/2015/2252,Uttarakhand,Tehri Garhwal,Anjanisain-Jakhnidhar,30.334023,78.550355,Debris Slide NA
33845,UK/TEH/53J11/2015/2075,Uttarakhand,Tehri Garhwal,Dugadda to Birkhal road,30.33458,78.725082,Debris Slide NA
33846,UK/DEH/53J03/2015/2064,Uttarakhand,Dehradun,Jharipani-Landour Bazar road,30.334884,78.109906,Rock Topple NA
33847,UK/DEH/53J03/2015/2065,Uttarakhand,Dehradun,Nainbag-Damta road,30.335093,78.125062,Rock Slide NA
33848,UK/TEH/53J03/2015/2016,Uttarakhand,Tehri Garhwal,Maldeota-Hilaswali road,30.335368,78.165128,Rock cum Debris Slide 2002
33849,UK/CHA/53N07/2013/0034,Uttarakhand,Chamoli,UK_CHA_NH_ 034 Nand Paryag,30.335694,79.319944,Debris Flow 16th-17th June 2013
33850,UK/TEH/53J03/2015/2014,Uttarakhand,Tehri Garhwal,Maldeota-Hilaswali road,30.336261,78.155683,Rock Slide NA
33851,UK/TEH/53J11/2015/2087,Uttarakhand,Tehri Garhwal,Malupani to Kandikhal (SH-8),30.33881,78.642096,Rock cum Debris Slide NA
33852,UK/CHA/53N03/2015/817,Uttarakhand,Chamoli,Tiwara-Pokhri road,30.339417,79.202111,Rock Slide NA
33853,UK/CHA/53N07/2013/0064,Uttarakhand,Chamoli,UK_CHA_MDR_ 064 Near village Devkhal,30.34,79.29,Debris Slide 16th-17th June 2013
33854,UK/CHA/53N07/2015/1222,Uttarakhand,Chamoli,Gopeshwar-Pokhri road,30.340603,79.289906,Rock cum Debris Slide NA
33855,UK/TEH/53J11/2015/2254,Uttarakhand,Tehri Garhwal,Anjanisain-Jakhnidhar,30.340659,78.537055,Debris Slide NA
33856,UK/DEH/53J03/2015/1975,Uttarakhand,Dehradun,Dehradun-Maldeota road,30.340972,78.130833,Rock Slide NA
33857,UK/RUD/53N03/2015/789,Uttarakhand,Rudraprayag,Rudraprayag-Pokhri road,30.341111,79.007083,Rock Slide NA
33858,UK/TEH/53J11/2015/2255,Uttarakhand,Tehri Garhwal,Anjanisain-Jakhnidhar,30.341173,78.537244,Debris Slide NA
33859,UK/TEH/53J11/2015/2257,Uttarakhand,Tehri Garhwal,Anjanisain-Jakhnidhar,30.341742,78.525158,Debris Slide NA
33860,UK/CHA/53N03/2015/818,Uttarakhand,Chamoli,Nagnath,30.341778,79.199306,Debris Slide NA
33861,UK/CHA/53N03/2015/677,Uttarakhand,Chamoli,,30.341843,79.199409,Debris Slide NA
33862,UK/RUD/53N03/2015/790,Uttarakhand,Rudraprayag,Rudraprayag-Pokhri road,30.342333,79.008639,Rock Slide NA
33863,UK/DEH/53J03/2015/1974,Uttarakhand,Dehradun,Dehradun-Maldeota road,30.342649,78.132835,Debris Slide 2012
33864,UK/TEH/53J11/2015/2088,Uttarakhand,Tehri Garhwal,Malupani to Kandikhal (SH-8),30.343214,78.640955,Debris Slide NA
33865,UK/RUD/53J15/2015/1023,Uttarakhand,Rudraprayag,Sumari-Hariyali Road,30.343287,78.969563,Debris Slide 2014
33866,UK/RUD/53N03/2015/792,Uttarakhand,Rudraprayag,Rudraprayag-Pokhri road,30.343389,79.059028,Rock Slide NA
33867,UK/TEH/53J11/2015/2256,Uttarakhand,Tehri Garhwal,Anjanisain-Jakhnidhar,30.343651,78.524635,Debris Slide NA
33868,UK/TEH/53J11/2015/2089,Uttarakhand,Tehri Garhwal,Malupani to Kandikhal (SH-8),30.343772,78.638998,Debris Slide NA
33869,UK/CHA/53N03/2015/819,Uttarakhand,Chamoli,Pokhri,30.344056,79.199694,Rock Slide NA
33870,UK/CHA/53N03/2015/676,Uttarakhand,Chamoli,,30.344167,79.199694,Rock Slide NA
33871,UK/TEH/53J11/2015/2092,Uttarakhand,Tehri Garhwal,Malupani to Kandikhal (SH-8),30.344536,78.629977,Debris Slide NA
33872,UK/RUD/53N03/2015/791,Uttarakhand,Rudraprayag,Chopta,30.344694,79.056556,Rock Slide NA
33873,UK/TEH/53J11/2015/2091,Uttarakhand,Tehri Garhwal,Malupani to Kandikhal (SH-8),30.345358,78.631033,Debris Slide NA
33874,UK/DEH/53F15/2015/522,Uttarakhand,Dehradun,Kinswalgaon - Nakatpur,30.34566,77.962452,Debris Subsidence NA
33875,UK/CHA/53N07/2015/1238,Uttarakhand,Chamoli,Gopeshwar-Pokhri road,30.346583,79.277583,Rock Slide NA
33876,UK/CHA/53N07/2015/1239,Uttarakhand,Chamoli,Gopeshwar-Pokhri road,30.3475,79.264167,Debris Slide NA
33877,UK/RUD/53N03/2015/793,Uttarakhand,Rudraprayag,Kharpatiya,30.347556,79.075528,Rock Slide NA
33878,UK/TEH/53J11/2015/2090,Uttarakhand,Tehri Garhwal,Malupani to Kandikhal (SH-8),30.347642,78.631314,Debris Slide NA
33879,UK/TEH/53J11/2015/2210,Uttarakhand,Tehri Garhwal,Tipri-Jakhnidhar,30.348506,78.514975,Debris Slide NA
33880,UK/CHA/53N07/2015/1240,Uttarakhand,Chamoli,Gopeshwar-Pokhri road,30.349094,79.261381,Debris Slide NA
33881,UK/RUD/53N03/2015/796,Uttarakhand,Rudraprayag,Rudraprayag-Pokhri road,30.350389,79.004194,Rock Slide NA
33882,UK/RUD/53N03/2015/800,Uttarakhand,Rudraprayag,Durgadhar,30.350583,79.030611,Rock Slide NA
33883,UK/TEH/53J11/2015/2209,Uttarakhand,Tehri Garhwal,Tipri-Jakhnidhar,30.350607,78.514881,Debris Slide NA
33884,UK/CHA/53N07/2015/1241,Uttarakhand,Chamoli,Gopeshwar-Pokhri road,30.351598,79.258803,Rock Slide NA
33885,UK/DEH/53F15/2015/521,Uttarakhand,Dehradun,Kinswalgaon - Nakatpur,30.351898,77.968807,Debris Fall NA
33886,UK/RUD/53N03/2015/794,Uttarakhand,Rudraprayag,Rudraprayag-Pokhri road,30.352639,79.091917,Rock Slide NA
33887,UK/TEH/53J11/2015/2208,Uttarakhand,Tehri Garhwal,Tipri-Jakhnidhar,30.352753,78.51349,Debris Slide NA
33888,UK/RUD/53J15/2015/1002,Uttarakhand,Rudraprayag,Tilwara-Mayali Road (SH-15),30.353497,78.95981,Rock cum Debris Slide NA
33889,UK/CHA/53N07/2015/1208,Uttarakhand,Chamoli,Gopeshwar-Pokhri road,30.353688,79.261521,Rock cum Debris Slide NA
33890,UK/DEH/53F15/2015/520,Uttarakhand,Dehradun,Kinswalgaon - Nakatpur,30.353821,77.971014,Debris Fall NA
33891,UK/RUD/53N03/2015/795,Uttarakhand,Rudraprayag,Rudraprayag-Pokhri road,30.354833,79.099139,Rock Slide NA
33892,UK/TEH/53J11/2015/2093,Uttarakhand,Tehri Garhwal,Magron to Koti road,30.355429,78.631567,Debris Slide NA
33893,UK/TEH/53J11/2015/2207,Uttarakhand,Tehri Garhwal,Tipri-Jakhnidhar,30.355636,78.514576,Debris Slide NA
33894,UK/CHA/53N07/2015/1252,Uttarakhand,Chamoli,NH-58,30.356066,79.320048,Debris Slide NA
33895,UK/CHA/53N07/2013/0033,Uttarakhand,Chamoli,UK_CHA_NH_ 033 Near Maithana Village,30.356222,79.318556,Debris Flow 16th-17th June 2013
33896,UK/TEH/53J11/2015/2206,Uttarakhand,Tehri Garhwal,Tipri-Jakhnidhar,30.356444,78.514278,Rock cum Debris Slide NA
33897,UK/RUD/53J15/2015/1003,Uttarakhand,Rudraprayag,Tilwara-Mayali Road (SH-15),30.357029,78.955292,Rock Slide NA
33898,UK/CHA/53N07/2015/1237,Uttarakhand,Chamoli,,30.357333,79.282444,Rock Slide NA
33899,UK/CHA/53N03/2015/820,Uttarakhand,Chamoli,Pokhri-Nandprayag road,30.357556,79.208222,Rock Slide NA
33900,UK/CHA/53N03/2015/836,Uttarakhand,Chamoli,,30.358194,79.246528,Debris Slide NA
33901,UK/DEH/53F15/2015/519,Uttarakhand,Dehradun,Kinswalgaon - Nakatpur,30.358302,77.975212,Debris Subsidence NA
33902,UK/CHA/53N03/2015/835,Uttarakhand,Chamoli,Sem-Sankri,30.358528,79.240778,Debris Slide NA
33903,UK/TEH/53J11/2015/2205,Uttarakhand,Tehri Garhwal,Tipri-Jakhnidhar,30.358718,78.507321,Debris Slide NA
33904,UK/RUD/53J15/2015/957,Uttarakhand,Rudraprayag,NH-109,30.359022,78.979193,Rock Slide NA
33905,UK/TEH/53J11/2015/2204,Uttarakhand,Tehri Garhwal,Tipri-Jakhnidhar,30.359444,78.506,Debris Slide NA
33906,UK/CHA/53N07/2015/1236,Uttarakhand,Chamoli,,30.359642,79.281293,Rock Slide NA
33907,UK/CHA/53N03/2013/0063,Uttarakhand,Chamoli,UK_CHA_MDR_,63,30.360278,79.281389 Rock Slide 16th-17th June 2013
33908,UK/CHA/53N03/2015/834,Uttarakhand,Chamoli,Pokhri-Nandprayag road,30.361278,79.236944,Rock Slide NA
33909,UK/RUD/53J15/2015/1004,Uttarakhand,Rudraprayag,Tilwara-Mayali Road (SH-15),30.36201,78.912112,Rock Slide NA
33910,UK/TEH/53J11/2015/2106,Uttarakhand,Tehri Garhwal,Gadolia -Simlasu-Tipri road (SH8),30.362365,78.554571,Debris Slide NA
33911,UK/CHA/53N03/2015/833,Uttarakhand,Chamoli,Pokhri-Nandprayag road,30.362417,79.236278,Rock Slide NA
33912,UK/TEH/53J11/2015/2105,Uttarakhand,Tehri Garhwal,Gadolia -Simlasu-Tipri road (SH8),30.362996,78.549397,Debris Slide NA
33913,UK/TEH/53J11/2015/2147,Uttarakhand,Tehri Garhwal,Gadolia-Chah (village road),30.363675,78.559794,Debris Slide NA
33914,UK/CHA/53N07/2015/1246,Uttarakhand,Chamoli,,30.363835,79.475815,Rock Slide NA
33915,UK/CHA/53N03/2015/832,Uttarakhand,Chamoli,Pokhri-Nandprayag road,30.364129,79.229,Rock Slide NA
33916,UK/TEH/53J11/2015/2104,Uttarakhand,Tehri Garhwal,Gadolia -Simlasu-Tipri road (SH8),30.364468,78.54176,Debris Slide NA
33917,UK/CHA/53N07/2015/1245,Uttarakhand,Chamoli,,30.36478,79.478934,Debris Slide NA
33918,UK/TEH/53J11/2015/2094,Uttarakhand,Tehri Garhwal,Gadolia to Pokhal road (SH-8),30.365852,78.591544,Debris Slide NA
33919,UK/RUD/53N03/2015/797,Uttarakhand,Rudraprayag,Rudraprayag-Pokhri road,30.366078,79.006072,Rock Slide NA
33920,UK/RUD/53N03/2015/801,Uttarakhand,Rudraprayag,Tiwara-Pokhri road,30.366306,79.104551,Rock Slide NA
33921,UK/CHA/53N07/2015/1247,Uttarakhand,Chamoli,,30.366426,79.465683,Rock Slide NA
33922,UK/RUD/53J15/2015/956,Uttarakhand,Rudraprayag,Rudraprayag-Kedarnath Road (NH-109),30.366594,78.983933,Debris Slide NA
33923,UK/CHA/53N03/2015/806,Uttarakhand,Chamoli,Tiwara-Pokhri road,30.366936,79.176194,Rock Slide NA
33924,UK/RUD/53J15/2015/955,Uttarakhand,Rudraprayag,Rudraprayag-Kedarnath Road (NH-109),30.367528,78.994589,Rock Slide NA
33925,UK/CHA/53N03/2013/0062,Uttarakhand,Chamoli,UK_CHA_MDR_,62,30.367611,79.274556 Debris Slide 16th-17th June 2013
33926,UK/TEH/53J11/2015/2148,Uttarakhand,Tehri Garhwal,Gadolia-Chah (village road),30.367691,78.56447,Debris Slide NA
33927,UK/RUD/53N03/2015/798,Uttarakhand,Rudraprayag,Rudraprayag-Pokhri road,30.36775,79.004778,Rock Slide NA
33928,UK/RUD/53J15/2015/954,Uttarakhand,Rudraprayag,Rudraprayag-Kedarnath Road (NH-109),30.367891,78.994943,Debris Slide NA
33929,UK/CHA/53N07/2015/1235,Uttarakhand,Chamoli,,30.368222,79.274472,Rock Slide NA
33930,UK/RUD/53J15/2015/1005,Uttarakhand,Rudraprayag,Tilwara-Mayali Road (SH-15),30.368363,78.901091,Rock Slide NA
33931,UK/CHA/53N03/2015/831,Uttarakhand,Chamoli,Pokhri-Nandprayag road,30.368389,79.228528,Rock Slide NA
33932,UK/TEH/53J11/2015/2146,Uttarakhand,Tehri Garhwal,Gadolia-Ghansyali (SH-8),30.368698,78.574432,Debris Slide NA
33933,UK/CHA/53N03/2015/821,Uttarakhand,Chamoli,Pokhri-Nandprayag road,30.369167,79.200917,Debris Slide NA
33934,UK/TEH/53J11/2015/2095,Uttarakhand,Tehri Garhwal,Gadolia to Pokhal road (SH-8),30.369667,78.587362,Debris Slide NA
33935,UK/TEH/53J11/2015/2097,Uttarakhand,Tehri Garhwal,Gadolia -Simlasu-Tipri road (SH8),30.369694,78.503372,Debris Slide NA
33936,UK/TEH/53J11/2015/2108,Uttarakhand,Tehri Garhwal,Gadolia -Simlasu-Tipri road (SH8),30.369968,78.562373,Debris Slide NA
33937,UK/TEH/53J11/2015/2107,Uttarakhand,Tehri Garhwal,Gadolia -Simlasu-Tipri road (SH8),30.370322,78.558135,Rock cum Debris Slide NA
33938,UK/DEH/53J03/2015/2035,Uttarakhand,Dehradun,Gondwala-GhatiKhola road,30.370398,78.040853,Rock Slide 2013
33939,UK/TEH/53J11/2015/2096,Uttarakhand,Tehri Garhwal,Gadolia -Simlasu-Tipri road (SH8),30.370498,78.502779,Debris Slide NA
33940,UK/RUD/53J15/2015/953,Uttarakhand,Rudraprayag,Rudraprayag-Kedarnath Road (NH-109),30.370712,78.995829,Debris Slide NA
33941,UK/RUD/53J15/2015/1006,Uttarakhand,Rudraprayag,Tilwara-Mayali Road (SH-15),30.370715,78.897006,Debris Slide NA
33942,UK/CHA/53N07/2015/1234,Uttarakhand,Chamoli,,30.371111,79.268389,Debris Slide NA
33943,UK/CHA/53N11/2018/16,Uttarakhand,Chamoli,Tapowan,30.372372,79.526595,Rock Slide 2016
33944,UK/RUD/53J15/2015/1007,Uttarakhand,Rudraprayag,Tilwara-Mayali Road (SH-15),30.372533,78.89388,Rock cum Debris Slide NA
33945,UK/TEH/53J11/2015/2149,Uttarakhand,Tehri Garhwal,Gadolia-Ghansyali (SH-8),30.372679,78.591014,Debris Slide NA
33946,UK/CHA/53N07/2015/1233,Uttarakhand,Chamoli,,30.373,79.273333,Rock Slide NA
33947,UK/CHA/53N11/2018/17,Uttarakhand,Chamoli,Ganai Ghat-Sutol,30.37322,79.501497,Rock cum debris Slide 2018
33948,UK/RUD/53J15/2015/1000,Uttarakhand,Rudraprayag,Mayali-Tilwara Road (SH-15),30.373541,78.902389,Debris Slide NA
33949,UK/RUD/53J15/2015/1012,Uttarakhand,Rudraprayag,Tilwara-Mayali Road (SH-15),30.373704,78.896325,Rock cum Debris Slide NA
33950,UK/RUD/53J15/2015/1001,Uttarakhand,Rudraprayag,Mayali-Tilwara Road (SH-15),30.373738,78.903886,Debris Slide NA
33951,UK/CHA/53N03/2015/830,Uttarakhand,Chamoli,Pokhri-Nandprayag road,30.37375,79.226639,Rock Slide NA
33952,UK/RUD/53J15/2015/1011,Uttarakhand,Rudraprayag,Tilwara-Mayali Road (SH-15),30.374063,78.895855,Debris Slide NA
33953,UK/RUD/53J15/2015/1013,Uttarakhand,Rudraprayag,Tilwara-Mayali Road (SH-15),30.374225,78.904543,Debris Slide NA
33954,UK/TEH/53J03/2015/1976,Uttarakhand,Tehri Garhwal,Maldeota-Dhumkot road,30.3745,78.154185,Rock Slide NA
33955,UK/RUD/53J15/2015/1010,Uttarakhand,Rudraprayag,Tilwara-Mayali Road (SH-15),30.375091,78.895827,Debris Slide NA
33956,UK/TEH/53J11/2015/2100,Uttarakhand,Tehri Garhwal,Gadolia -Simlasu-Tipri road (SH8),30.375383,78.506109,Rock cum Debris Slide NA
33957,UK/CHA/53N11/2018/20,Uttarakhand,Chamoli,Gauna Nandprayag-Ganai,30.375886,79.502274,Rock cum debris Slide NA
33958,UK/RUD/53N03/2015/799,Uttarakhand,Rudraprayag,Rudraprayag-Pokhri road,30.375944,79.010639,Rock Slide NA
33959,UK/RUD/53J15/2015/999,Uttarakhand,Rudraprayag,Mayali-Tilwara Road (SH-15),30.375985,78.896617,Debris Slide NA
33960,UK/TEH/53J11/2015/2103,Uttarakhand,Tehri Garhwal,Gadolia -Simlasu-Tipri road (SH8),30.376082,78.523113,Debris Slide NA
33961,UK/TEH/53J11/2015/2150,Uttarakhand,Tehri Garhwal,Gadolia-Ghansyali (SH-8),30.376171,78.588619,Debris Slide NA
33962,UK/RUD/53J15/2015/1009,Uttarakhand,Rudraprayag,Tilwara-Mayali Road (SH-15),30.376411,78.893652,Rock cum Debris Slide NA
33963,UK/TEH/53J11/2015/2099,Uttarakhand,Tehri Garhwal,Gadolia -Simlasu-Tipri road (SH8),30.376693,78.506339,Debris Slide NA
33964,UK/RUD/53J15/2015/1008,Uttarakhand,Rudraprayag,Tilwara-Mayali Road (SH-15),30.376741,78.890933,Rock Fall NA
33965,UK/TEH/53J11/2015/2101,Uttarakhand,Tehri Garhwal,Gadolia -Simlasu-Tipri road (SH8),30.37679,78.515921,Debris Slide NA
33966,UK/CHA/53N11/2018/21,Uttarakhand,Chamoli,Gauna Nandprayag-Ganai,30.376799,79.503848,Rock cum debris Slide NA
33967,UK/CHA/53N03/2015/804,Uttarakhand,Chamoli,Tiwara-Pokhri road,30.377175,79.123847,Rock Slide NA
33968,UK/TEH/53J03/2015/1982,Uttarakhand,Tehri Garhwal,Maldeota-Dhumkot road,30.377186,78.160354,Rock cum Debris Slide NA
33969,UK/RUD/53J15/2015/998,Uttarakhand,Rudraprayag,Mayali-Tilwara Road (SH-15),30.377362,78.895729,Debris Slide NA
33970,UK/TEH/53J11/2015/2102,Uttarakhand,Tehri Garhwal,Gadolia -Simlasu-Tipri road (SH8),30.377506,78.517044,Debris Slide NA
33971,UK/CHA/53N07/2013/0061,Uttarakhand,Chamoli,UK_CHA_MDR_ 061 Near Sonla village,30.378194,79.291889,Debris Slide 16th-17th June 2013
33972,UK/TEH/53J11/2015/2151,Uttarakhand,Tehri Garhwal,Gadolia-Ghansyali (SH-8),30.378295,78.59193,Rock cum Debris Slide NA
33973,UK/TEH/53J11/2015/2098,Uttarakhand,Tehri Garhwal,Gadolia -Simlasu-Tipri road (SH8),30.378385,78.504095,Debris Slide NA
33974,UK/RUD/53J15/2015/1019,Uttarakhand,Rudraprayag,Panjan-Taila Road,30.378534,78.956328,Debris Slide NA
33975,UK/CHA/53N07/2015/1232,Uttarakhand,Chamoli,,30.378639,79.283833,Rock Slide NA
33976,UK/CHA/53N03/2015/805,Uttarakhand,Chamoli,Tiwara-Pokhri road,30.379583,79.159944,Rock Slide NA
33977,UK/CHA/53N07/2013/0060,Uttarakhand,Chamoli,"UK_CHA_MDR_ 060 Chainage 49km, (0 km at Pokhri)",30.38,79.294806,Debris Subsidence 16th-17th June 2013
33978,UK/RUD/53J15/2015/1022,Uttarakhand,Rudraprayag,Taila-Dharkot Road,30.380179,78.938848,Rock Slide 2013
33979,UK/RUD/53J15/2015/1021,Uttarakhand,Rudraprayag,Taila-Dharkot Road,30.380214,78.941573,Rock cum Debris Slide 2013
33980,UK/TEH/53J15/2015/965,Uttarakhand,Tehri Garhwal,Kanda-Chirpatyakhal Road (SH15),30.380358,78.772528,Rock Slide NA
33981,UK/RUD/53J15/2015/1020,Uttarakhand,Rudraprayag,Taila-Dharkot Road,30.380889,78.944874,Rock cum Debris Slide NA
33982,UK/RUD/53N03/2015/863,Uttarakhand,Rudraprayag,NH-109,30.381448,79.005735,Debris Slide 2013
33983,UK/TEH/53J15/2015/966,Uttarakhand,Tehri Garhwal,Kanda-Chirpatyakhal Road (SH15),30.381528,78.790101,Rock Slide NA
33984,UK/DEH/53J03/2015/2044,Uttarakhand,Dehradun,Birpara-Haldwala road,30.381585,78.019495,Debris Slide NA
33985,UK/CHA/53N03/2013/0065,Uttarakhand,Chamoli,UK_CHA_MDR_,65,30.381833,79.22175 Debris Slide 16th-17th June 2013
33986,UK/TEH/53J15/2015/964,Uttarakhand,Tehri Garhwal,Kanda-Chirpatyakhal Road (SH15),30.381912,78.767556,Rock Slide NA
33987,UK/RUD/53J15/2015/985,Uttarakhand,Rudraprayag,Chirpatyakhal-Mayali Road (SH15),30.381953,78.893465,Debris Slide NA
33988,UK/CHA/53N03/2015/803,Uttarakhand,Chamoli,Tiwara-Pokhri road,30.382152,79.118456,Rock Slide NA
33989,UK/CHA/53N03/2015/802,Uttarakhand,Chamoli,Kanchouri,30.382639,79.114472,Rock Slide NA
33990,UK/DEH/53J03/2015/2045,Uttarakhand,Dehradun,Birpara-Haldwala road,30.382698,78.020411,Debris Slide NA
33991,UK/TEH/53J15/2015/963,Uttarakhand,Tehri Garhwal,Kanda-Chirpatyakhal Road (SH15),30.382947,78.764732,Rock Slide NA
33992,UK/TEH/53J15/2015/962,Uttarakhand,Tehri Garhwal,Kanda-Chirpatyakhal Road (SH15),30.383434,78.762719,Rock Slide NA
33993,UK/TEH/53J15/2015/961,Uttarakhand,Tehri Garhwal,Kanda-Chirpatyakhal Road (SH15),30.383665,78.762226,Rock Slide NA
33994,UK/TEH/53J11/2015/2114,Uttarakhand,Tehri Garhwal,Gadolia -Rajakhet-Khathol,30.383922,78.542938,Debris Slide NA
33995,UK/DEH/53J03/2015/2067,Uttarakhand,Dehradun,Dehradun-Motidhara RF road,30.38407,78.121335,Rock Slide NA
33996,UK/TEH/53J15/2015/971,Uttarakhand,Tehri Garhwal,Kanda-Chirpatyakhal Road (SH15),30.384316,78.815909,Rock Slide NA
33997,UK/TEH/53J15/2015/973,Uttarakhand,Tehri Garhwal,Kanda-Chirpatyakhal Road (SH15),30.384538,78.83414,Rock cum Debris Slide NA
33998,UK/DEH/53F15/2015/518,Uttarakhand,Dehradun,Kinswalgaon - Nakatpur,30.384594,77.97841,Debris Slide NA
33999,UK/TEH/53J15/2015/960,Uttarakhand,Tehri Garhwal,Kanda-Chirpatyakhal Road (SH15),30.384706,78.761137,Rock Slide NA
34000,UK/TEH/53J03/2015/2002,Uttarakhand,Tehri Garhwal,Maldeota-Dhumkot road,30.385,78.174694,Rock Slide NA
34001,UK/TEH/53J11/2015/2127,Uttarakhand,Tehri Garhwal,Rajakhet-Nanuwa,30.385333,78.551583,Debris Slide NA
34002,UK/TEH/53J03/2015/2003,Uttarakhand,Tehri Garhwal,Maldeota-Dhumkot road,30.385379,78.167128,Rock Slide NA
34003,UK/DEH/53J03/2015/2046,Uttarakhand,Dehradun,Birpara-Haldwala road,30.385398,78.022625,Debris Slide NA
34004,UK/TEH/53J11/2015/2122,Uttarakhand,Tehri Garhwal,Rajakhet-Nanuwa,30.385542,78.579755,Debris Slide NA
34005,UK/TEH/53J15/2015/959,Uttarakhand,Tehri Garhwal,Kanda-Chirpatyakhal Road (SH15),30.38558,78.759448,Rock Slide NA
34006,UK/DEH/53J03/2015/2037,Uttarakhand,Dehradun,GhatiKhola-Chauran road,30.385846,78.061977,Debris Slide NA
34007,UK/TEH/53J11/2015/2123,Uttarakhand,Tehri Garhwal,Rajakhet-Nanuwa,30.386061,78.57937,Debris Slide NA
34008,UK/TEH/53J15/2015/958,Uttarakhand,Tehri Garhwal,Kanda-Chirpatyakhal Road (SH15),30.386107,78.757178,Rock cum Debris Slide NA
34009,UK/TEH/53J11/2015/2125,Uttarakhand,Tehri Garhwal,Rajakhet-Nanuwa,30.386282,78.57549,Debris Slide NA
34010,UK/CHA/53N07/2015/1220,Uttarakhand,Chamoli,,30.386355,79.413495,Debris Slide NA
34011,UK/DEH/53F15/2015/517,Uttarakhand,Dehradun,Kinswalgaon - Nakatpur,30.386521,77.979554,Debris Subsidence NA
34012,UK/TEH/53J11/2015/2126,Uttarakhand,Tehri Garhwal,Rajakhet-Nanuwa,30.386755,78.571594,Debris Slide NA
34013,UK/DEH/53F15/2015/516,Uttarakhand,Dehradun,Kinswalgaon - Nakatpur,30.386836,77.982869,Debris Slide NA
34014,UK/TEH/53J11/2015/2121,Uttarakhand,Tehri Garhwal,Rajakhet-Nanuwa,30.386836,78.581647,Debris Slide NA
34015,UK/CHA/53N03/2015/822,Uttarakhand,Chamoli,Pokhri-Nandprayag road,30.386944,79.198083,Rock Slide NA
34016,UK/CHA/53N03/2015/829,Uttarakhand,Chamoli,Pokhri-Nandprayag road,30.38703,79.214833,Rock Slide NA
34017,UK/TEH/53J11/2015/2124,Uttarakhand,Tehri Garhwal,Rajakhet-Nanuwa,30.387476,78.578171,Debris Slide NA
34018,UK/RUD/53J15/2015/984,Uttarakhand,Rudraprayag,Chirpatyakhal-Mayali Road (SH15),30.387508,78.881425,Rock Slide NA
34019,UK/DEH/53F15/2015/515,Uttarakhand,Dehradun,Kinswalgaon - Nakatpur,30.387929,77.984044,Debris Subsidence NA
34020,UK/TEH/53J15/2015/970,Uttarakhand,Tehri Garhwal,Kanda-Chirpatyakhal Road (SH15),30.388011,78.816508,Debris Slide NA
34021,UK/DEH/53J03/2015/2001,Uttarakhand,Dehradun,Maldeota-Dhumkot road,30.388074,78.174466,Rock Slide NA
34022,UK/DEH/53J03/2015/2036,Uttarakhand,Dehradun,GhatiKhola-Chauran road,30.388283,78.05945,Debris Slide NA
34023,UK/DEH/53F15/2015/514,Uttarakhand,Dehradun,Kinswalgaon - Nakatpur,30.388444,77.984202,Debris Subsidence NA
34024,UK/DEH/53J03/2015/2000,Uttarakhand,Dehradun,Maldeota-Dhumkot road,30.388889,78.175639,Rock cum Debris Slide NA
34025,UK/CHA/53N07/2015/1231,Uttarakhand,Chamoli,,30.389639,79.299972,Rock Slide NA
34026,UK/RUD/53J15/2015/1018,Uttarakhand,Rudraprayag,Panjan-Taila Road,30.389899,78.936044,Rock Slide NA
34027,UK/DEH/53J03/2015/2047,Uttarakhand,Dehradun,Birpara-Haldwala road,30.390318,78.027033,Debris Slide NA
34028,UK/CHA/53N03/2015/823,Uttarakhand,Chamoli,Pokhri-Nandprayag road,30.390556,79.200667,Rock Slide NA
34029,UK/TEH/53J11/2015/2162,Uttarakhand,Tehri Garhwal,Ghansyali-Kothi,30.390584,78.738462,Rock cum Debris Slide NA
34030,UK/TEH/53J11/2015/2161,Uttarakhand,Tehri Garhwal,Ghansyali-Kothi,30.390658,78.738049,Rock Slide NA
34031,UK/TEH/53J15/2015/969,Uttarakhand,Tehri Garhwal,Kanda-Chirpatyakhal Road (SH15),30.390838,78.818987,Rock Slide NA
34032,UK/TEH/53J11/2015/2111,Uttarakhand,Tehri Garhwal,Gadolia -Rajakhet-Khathol,30.390867,78.516755,Debris Slide NA
34033,UK/TEH/53J11/2015/2115,Uttarakhand,Tehri Garhwal,Rajakhet-Nanuwa,30.391103,78.584183,Rock cum Debris Slide NA
34034,UK/TEH/53J11/2015/2160,Uttarakhand,Tehri Garhwal,Ghansyali-Kothi,30.391177,78.735952,Debris Slide NA
34035,UK/TEH/53J15/2015/972,Uttarakhand,Tehri Garhwal,Kanda-Chirpatyakhal Road (SH15),30.391191,78.828239,Rock cum Debris Slide NA
34036,UK/TEH/53J15/2015/967,Uttarakhand,Tehri Garhwal,Kanda-Chirpatyakhal Road (SH15),30.391289,78.797175,Rock Slide NA
34037,UK/TEH/53J11/2015/2128,Uttarakhand,Tehri Garhwal,Rajakhet-Nanuwa,30.391485,78.560475,Debris Slide NA
34038,UK/DEH/53J03/2015/1990,Uttarakhand,Dehradun,Sahasdharadhara Majara road,30.391531,78.135094,Rock cum Debris Slide NA
34039,UK/RUD/53J15/2015/975,Uttarakhand,Rudraprayag,Kanda-Chirpatyakhal Road (SH15),30.391674,78.838334,Debris Slide NA
34040,UK/TEH/53J15/2015/974,Uttarakhand,Tehri Garhwal,Kanda-Chirpatyakhal Road (SH15),30.39182,78.837187,Rock Slide NA
34041,UK/TEH/53J11/2015/2112,Uttarakhand,Tehri Garhwal,Gadolia -Rajakhet-Khathol,30.391974,78.522244,Rock cum Debris Slide NA
34042,UK/TEH/53J15/2015/968,Uttarakhand,Tehri Garhwal,Kanda-Chirpatyakhal Road (SH15),30.39212,78.818267,Rock Slide NA
34043,UK/TEH/53J11/2015/2113,Uttarakhand,Tehri Garhwal,Gadolia -Rajakhet-Khathol,30.392637,78.524516,Rock cum Debris Slide NA
34044,UK/TEH/53J11/2015/2159,Uttarakhand,Tehri Garhwal,Ghansyali-Kothi,30.392841,78.73521,Rock cum Debris Slide NA
34045,UK/DEH/53J03/2015/1989,Uttarakhand,Dehradun,Sahasdharadhara Majara road,30.393437,78.135086,Rock Slide NA
34046,UK/RUD/53N03/2015/864,Uttarakhand,Rudraprayag,Vijaynagar,30.393556,79.030528,Debris Slide 2013
34047,UK/TEH/53J11/2015/2120,Uttarakhand,Tehri Garhwal,Rajakhet-Nanuwa,30.39371,78.584478,Debris Slide NA
34048,UK/RUD/53N03/2015/865,Uttarakhand,Rudraprayag,NH-109,30.393917,79.031861,Debris Slide 2013
34049,UK/TEH/53J11/2015/2129,Uttarakhand,Tehri Garhwal,Rajakhet-Nanuwa,30.394119,78.546067,Debris Slide NA
34050,UK/TEH/53J11/2015/2203,Uttarakhand,Tehri Garhwal,Ghansyali-Gadolia,30.394149,78.59525,Debris Slide NA
34051,UK/TEH/53J11/2015/2130,Uttarakhand,Tehri Garhwal,Rajakhet-Nanuwa,30.394778,78.545611,Debris Slide NA
34052,UK/CHA/53N07/2013/0032,Uttarakhand,Chamoli,UK_CHA_NH_ 032 Chamoli/Gopeshaver (Right bank of Alaknanda),30.395194,79.325556,Debris Flow 16th-17th June 2013
34053,UK/CHA/53N03/2015/828,Uttarakhand,Chamoli,Pokhri-Nandprayag road,30.395202,79.212189,Rock Slide NA
34054,UK/CHA/53N03/2015/824,Uttarakhand,Chamoli,Syalna,30.395297,79.203102,Rock Slide NA
34055,UK/CHA/53N03/2015/827,Uttarakhand,Chamoli,Pokhri-Nandprayag road,30.395972,79.209056,Rock Slide NA
34056,UK/RUD/53J15/2015/983,Uttarakhand,Rudraprayag,Chirpatyakhal-Mayali Road (SH15),30.395981,78.881113,Debris Slide NA
34057,UK/DEH/53J03/2015/2048,Uttarakhand,Dehradun,Birpara-Haldwala road,30.396173,78.030646,Debris Slide NA
34058,UK/TEH/53J11/2015/2152,Uttarakhand,Tehri Garhwal,Gadolia-Ghansyali (SH-8),30.396472,78.603444,Debris Slide NA
34059,UK/DEH/53J03/2015/1988,Uttarakhand,Dehradun,Sahasdharadhara Majara road,30.396497,78.139568,Rock cum Debris Slide NA
34060,UK/TEH/53J11/2015/2131,Uttarakhand,Tehri Garhwal,Rajakhet-Nanuwa,30.3967,78.544914,Debris Slide NA
34061,UK/RUD/53J15/2015/982,Uttarakhand,Rudraprayag,Chirpatyakhal-Mayali Road (SH15),30.397114,78.881916,Debris Slide NA
34062,UK/CHA/53N03/2015/826,Uttarakhand,Chamoli,Pokhri-Nandprayag road,30.397122,79.208642,Rock Slide NA
34063,UK/CHA/53N03/2015/825,Uttarakhand,Chamoli,Pokhri-Nandprayag road,30.397344,79.208298,Rock Slide NA
34064,UK/RUD/53J15/2015/981,Uttarakhand,Rudraprayag,Chirpatyakhal-Mayali Road (SH15),30.397562,78.880935,Rock Slide NA
34065,UK/DEH/53F15/2015/513,Uttarakhand,Dehradun,Kinswalgaon - Nakatpur,30.397565,77.988362,Debris Subsidence NA
34066,UK/RUD/53J15/2015/986,Uttarakhand,Rudraprayag,Mayali-Jakholi Road,30.397575,78.885502,Rock Slide NA
34067,UK/RUD/53J15/2015/980,Uttarakhand,Rudraprayag,Chirpatyakhal-Mayali Road (SH15),30.397972,78.880502,Rock Slide NA
34068,UK/TEH/53J11/2015/2132,Uttarakhand,Tehri Garhwal,Rajakhet-Nelra,30.398,78.526711,Debris Slide NA
34069,UK/DEH/53J03/2015/1995,Uttarakhand,Dehradun,Maldeota-Phulet road,30.398213,78.182831,Rock Slide NA
34070,UK/DEH/53J03/2015/1999,Uttarakhand,Dehradun,Maldeota-Dhumkot road,30.398303,78.179089,Rock cum Debris Slide NA
34071,UK/TEH/53J11/2015/2109,Uttarakhand,Tehri Garhwal,Gadolia -Rajakhet-Khathol,30.398647,78.504166,Debris Slide NA
34072,UK/TEH/53J11/2015/2145,Uttarakhand,Tehri Garhwal,Bisatali-Rajakhet,30.398809,78.515734,Debris Slide NA
34073,UK/RUD/53J15/2015/989,Uttarakhand,Rudraprayag,Jakholi-Bajra Road,30.39898,78.881946,Rock Slide NA
34074,UK/RUD/53J15/2015/988,Uttarakhand,Rudraprayag,Mayali-Jakholi Road,30.39906,78.88426,Rock cum Debris Slide NA
34075,UK/RUD/53J15/2015/987,Uttarakhand,Rudraprayag,Mayali-Jakholi Road,30.39911,78.884818,Rock cum Debris Slide NA
34076,UK/TEH/53J03/2015/2025,Uttarakhand,Tehri Garhwal,Dehradun-Motidhara RF road,30.399273,78.199711,Rock Slide NA
34077,UK/DEH/53J03/2015/1992,Uttarakhand,Dehradun,Maldeota-Dhumkot road,30.399444,78.196667,Rock Slide NA
34078,UK/DEH/53J03/2015/1993,Uttarakhand,Dehradun,Maldeota-Dhumkot road,30.399629,78.195199,Rock Slide NA
34079,UK/TEH/53J11/2015/2117,Uttarakhand,Tehri Garhwal,Rajakhet-Nanuwa,30.399865,78.588802,Rock Slide NA
34080,UK/RUD/53J15/2015/1014,Uttarakhand,Rudraprayag,Jakholi-Guptkashi Road,30.399914,78.908946,Rock cum Debris Slide NA
34081,UK/CHA/53N07/2015/1248,Uttarakhand,Chamoli,,30.400278,79.397222,Rock Slide NA
34082,UK/TEH/53J11/2015/2119,Uttarakhand,Tehri Garhwal,Rajakhet-Nanuwa,30.400444,78.583111,Rock cum Debris Slide NA
34083,UK/TEH/53J11/2015/2133,Uttarakhand,Tehri Garhwal,Rajakhet-Nelra,30.400579,78.525314,Debris Slide NA
34084,UK/DEH/53J03/2015/2005,Uttarakhand,Dehradun,Maldeota-Dhumkot road,30.400613,78.182594,Rock Slide NA
34085,UK/RUD/53N03/2015/785,Uttarakhand,Rudraprayag,Rudraprayag-Pokhri road,30.400686,79.033976,Debris Slide NA
34086,UK/TEH/53J11/2015/2118,Uttarakhand,Tehri Garhwal,Rajakhet-Nanuwa,30.400834,78.584741,Debris Slide NA
34087,UK/RUD/53J15/2015/990,Uttarakhand,Rudraprayag,Jakholi-Bajra Road,30.400962,78.880447,Rock Fall NA
34088,UK/TEH/53J11/2015/2110,Uttarakhand,Tehri Garhwal,Gadolia -Rajakhet-Khathol,30.401127,78.510738,Debris Slide NA
34089,UK/RUD/53N03/2015/784,Uttarakhand,Rudraprayag,Rudraprayag-Pokhri road,30.401373,79.034691,Rock Slide NA
34090,UK/DEH/53J03/2015/1980,Uttarakhand,Dehradun,Maldeota-Phulet road,30.40142,78.187336,Debris Slide NA
34091,UK/DEH/53J03/2015/2042,Uttarakhand,Dehradun,Amwala Khala-Badshahi Bagh road,30.40162,78.014462,Debris Slide NA
34092,UK/TEH/53J11/2015/2158,Uttarakhand,Tehri Garhwal,Ghansyali-Kothi,30.401738,78.710052,Debris Slide NA
34093,UK/TEH/53J11/2015/2153,Uttarakhand,Tehri Garhwal,Gadolia-Ghansyali (SH-8),30.401864,78.607571,Debris Slide NA
34094,UK/TEH/53J11/2015/2154,Uttarakhand,Tehri Garhwal,Gadolia-Ghansyali (SH-8),30.402093,78.606398,Debris Slide NA
34095,UK/RUD/53N03/2015/781,Uttarakhand,Rudraprayag,Ganganagar,30.402119,79.037557,Debris Slide NA
34096,UK/TEH/53J11/2015/2116,Uttarakhand,Tehri Garhwal,Rajakhet-Nanuwa,30.402238,78.590343,Debris Slide NA
34097,UK/TEH/53J11/2015/2134,Uttarakhand,Tehri Garhwal,Rajakhet-Nelra,30.402349,78.51751,Debris Slide NA
34098,UK/TEH/53J03/2015/1991,Uttarakhand,Tehri Garhwal,Maldeota-Dhumkot road,30.402361,78.212722,Rock Slide NA
34099,UK/DEH/53J03/2015/1994,Uttarakhand,Dehradun,Maldeota-Phulet road,30.402398,78.189577,Rock Slide NA
34100,UK/CHA/53N07/2013/0031,Uttarakhand,Chamoli,UK_CHA_PWD_ 031 Gopeshaver (Patial Dhar Village),30.402444,79.317111,Debris Slide 16th-17th June 2013
34101,UK/RUD/53J15/2015/976,Uttarakhand,Rudraprayag,Chirpatyakhal-Mayali Road (SH15),30.402755,78.8456,Rock Slide NA
34102,UK/TEH/53J11/2015/2135,Uttarakhand,Tehri Garhwal,Rajakhet-Nelra,30.403612,78.514994,Debris Slide NA
34103,UK/TEH/53J11/2015/2144,Uttarakhand,Tehri Garhwal,Bisatali-Rajakhet,30.403639,78.511695,Debris Slide NA
34104,UK/DEH/53J03/2015/2004,Uttarakhand,Dehradun,Sahasdharadhara Majara road,30.404209,78.132593,Rock Slide NA
34105,UK/TEH/53J11/2015/2136,Uttarakhand,Tehri Garhwal,Rajakhet-Nelra,30.404306,78.514528,Debris Slide NA
34106,UK/RUD/53J15/2015/1017,Uttarakhand,Rudraprayag,Panjan-Taila Road,30.404528,78.921596,Rock cum Debris Slide 2013
34107,UK/DEH/53J03/2015/2041,Uttarakhand,Dehradun,Raipur road,30.404562,78.096741,Rock Slide 2013
34108,UK/DEH/53J03/2015/2008,Uttarakhand,Dehradun,Maldeota-Phulet road,30.40467,78.18335,Rock Slide NA
34109,UK/RUD/53J15/2015/977,Uttarakhand,Rudraprayag,Chirpatyakhal-Mayali Road (SH15),30.404845,78.842101,Rock Slide NA
34110,UK/TEH/53J11/2015/2137,Uttarakhand,Tehri Garhwal,Rajakhet-Nelra,30.404874,78.513087,Debris Slide NA
34111,UK/DEH/53J03/2015/2068,Uttarakhand,Dehradun,Raipur-Dhanaula road,30.40526,78.186293,Rock cum Debris Slide NA
34112,UK/TEH/53J11/2015/2138,Uttarakhand,Tehri Garhwal,Bisatali-Dharkot (PMGSY road),30.405911,78.511851,Debris Slide NA
34113,UK/DEH/53J03/2015/1983,Uttarakhand,Dehradun,Sahasdharadhara Majara road,30.405923,78.128262,Debris Slide NA
34114,UK/DEH/53J03/2015/1986,Uttarakhand,Dehradun,Sahasdharadhara Majara road,30.406937,78.131324,Rock cum Debris Slide NA
34115,UK/RUD/53J15/2015/991,Uttarakhand,Rudraprayag,N/A N/A,30.407068,78.879705,Rock cum Debris Slide NA
34116,UK/DEH/53J03/2015/2021,Uttarakhand,Dehradun,Maldeota-Dhumkot road,30.407202,78.124254,Rock Slide NA
34117,UK/TEH/53J11/2015/2157,Uttarakhand,Tehri Garhwal,Ghansyali-Kothi,30.407239,78.701517,Debris Slide NA
34118,UK/CHA/53N07/2013/0030,Uttarakhand,Chamoli,UK_CHA_NH_ 030 Downstream of Alkhanda – Bihari Confluence,30.40725,79.385444,Debris Slide 16th-17th June 2013
34119,UK/RUD/53J15/2015/992,Uttarakhand,Rudraprayag,Bajra-Chirpatyakhal Road,30.407361,78.878366,Rock cum Debris Slide NA
34120,UK/RUD/53J15/2015/978,Uttarakhand,Rudraprayag,Chirpatyakhal-Mayali Road (SH15),30.407771,78.847589,Debris Slide NA
34121,UK/TEH/53J11/2015/2189,Uttarakhand,Tehri Garhwal,Chaundana-Sain,30.407948,78.604838,Debris Slide NA
34122,UK/TEH/53J11/2015/2163,Uttarakhand,Tehri Garhwal,Kothi-Bamoli,30.408028,78.7415,Rock cum Debris Slide NA
34123,UK/DEH/53J03/2015/1984,Uttarakhand,Dehradun,Sahasdharadhara Majara road,30.408281,78.143207,Debris Slide NA
34124,UK/RUD/53J15/2015/979,Uttarakhand,Rudraprayag,Chirpatyakhal-Mayali Road (SH15),30.408827,78.876261,Rock Slide NA
34125,UK/DEH/53J03/2015/2020,Uttarakhand,Dehradun,Maldeota-Dhumkot road,30.408937,78.120809,Rock Slide NA
34126,UK/DEH/53J03/2015/1978,Uttarakhand,Dehradun,Dehradun-Motidhara RF road,30.408976,78.121365,Rock Slide NA
34127,UK/DEH/53J03/2015/2038,Uttarakhand,Dehradun,Gudduwala-Khera road,30.409082,78.046124,Rock Slide NA
34128,UK/DEH/53J03/2015/2022,Uttarakhand,Dehradun,Maldeota-Dhumkot road,30.409105,78.125031,Rock cum Debris Slide NA
34129,UK/RUD/53J15/2015/1016,Uttarakhand,Rudraprayag,Jakholi-Guptkashi Road,30.409133,78.922018,Rock Slide 2007
34130,UK/TEH/53J11/2015/2141,Uttarakhand,Tehri Garhwal,Bisatali-Dharkot (PMGSY road),30.409264,78.513771,Debris Slide NA
34131,UK/TEH/53J11/2015/2139,Uttarakhand,Tehri Garhwal,Bisatali-Dharkot (PMGSY road),30.409778,78.512806,Debris Slide NA
34132,UK/TEH/53J11/2015/2140,Uttarakhand,Tehri Garhwal,Bisatali-Dharkot (PMGSY road),30.409897,78.514328,Debris Slide NA
34133,UK/CHA/53N07/2015/1229,Uttarakhand,Chamoli,Gopeshwar-Pokhri road,30.410087,79.306248,Debris Slide NA
34134,UK/RUD/53N03/2015/782,Uttarakhand,Rudraprayag,Phalai,30.410662,79.035282,Rock Slide NA
34135,UK/DEH/53F15/2015/504,Uttarakhand,Dehradun,Kalsi- Kinswalagaon,30.410868,77.935274,Debris Slide NA
34136,UK/CHA/53N07/2013/0029,Uttarakhand,Chamoli,UK_CHA_NH_ 029 Upstream of Alkhanda – Birhi Confluence,30.411389,79.390083,Rock cum Debris Slide 16th-17th June 2013
34137,UK/RUD/53N03/2015/866,Uttarakhand,Rudraprayag,NH-109,30.411583,79.060194,Rock cum Debris Slide 2013
34138,UK/CHA/53N07/2015/1230,Uttarakhand,Chamoli,,30.411667,79.294722,Debris Slide NA
34139,UK/DEH/53J03/2015/1981,Uttarakhand,Dehradun,Maldeota-Dhumkot road,30.411932,78.184551,Rock Slide NA
34140,UK/DEH/53J03/2015/2019,Uttarakhand,Dehradun,Maldeota-Dhumkot road,30.412109,78.119395,Rock Slide NA
34141,UK/DEH/53F15/2015/512,Uttarakhand,Dehradun,Kinswalgaon - Nakatpur,30.412752,77.960227,Rock Slide NA
34142,UK/DEH/53J03/2015/2018,Uttarakhand,Dehradun,Maldeota-Dhumkot road,30.413432,78.115906,Rock Slide NA
34143,UK/DEH/53J03/2015/1985,Uttarakhand,Dehradun,Dehradun-Motidhara RF road,30.413521,78.128358,Debris Slide NA
34144,UK/RUD/53J15/2015/1015,Uttarakhand,Rudraprayag,Jakholi-Guptkashi Road,30.413539,78.911542,Debris Slide NA
34145,UK/DEH/53J03/2015/1997,Uttarakhand,Dehradun,Maldeota-Dhumkot road,30.415114,78.185469,Rock Slide NA
34146,UK/DEH/53J03/2015/2066,Uttarakhand,Dehradun,Maldeota-Maluban road,30.415126,78.120168,Rock Slide NA
34147,UK/DEH/53J03/2015/2017,Uttarakhand,Dehradun,Maldeota-Dhumkot road,30.415363,78.118143,Rock cum Debris Slide NA
34148,UK/DEH/53J03/2015/2062,Uttarakhand,Dehradun,"Dehradun, Marotha-Motidhara RF",30.41597,78.122279,Rock Slide NA
34149,UK/RUD/53N03/2015/783,Uttarakhand,Rudraprayag,Basta,30.416861,79.005306,Rock Slide NA
34150,UK/TEH/53J11/2015/2188,Uttarakhand,Tehri Garhwal,Chaundana-Sain,30.417926,78.61301,Debris Slide NA 34151 UK/MussoorieKemptyfalls/53J/0 3/2021/02 Uttarakhand Dehradun N/A N/A 30.418297 78.077244 Debris Slide 14 July 2022
34152,UK/RUD/53N03/2013/0065,Uttarakhand,Rudraprayag,UK/RUD/NH109/17 100m u/s of Chandrapuri market,30.4183,79.0357,Rock cum Debris 16th-17th June 2013
34153,UK/TEH/53J11/2015/2191,Uttarakhand,Tehri Garhwal,Chaundana-Sain,30.418403,78.628581,Debris Slide NA
34154,UK/TEH/53J11/2015/2142,Uttarakhand,Tehri Garhwal,Bisatali-Dharkot (PMGSY road),30.418806,78.518167,Debris Slide NA
34155,UK/DEH/53J03/2015/2023,Uttarakhand,Dehradun,Dehradun-Rajpur road,30.42022,78.078465,Rock Slide NA
34156,UK/TEH/53J11/2015/2187,Uttarakhand,Tehri Garhwal,Chaundana-Sain,30.420445,78.617552,Debris Slide NA
34157,UK/DEH/53J03/2015/2015,Uttarakhand,Dehradun,Maldeota-Dhumkot road,30.420579,78.115574,Rock Slide 2012
34158,UK/TEH/53J11/2015/2186,Uttarakhand,Tehri Garhwal,Chaundana-Sain,30.420913,78.622262,Debris Slide NA
34159,UK/TEH/53J11/2015/2184,Uttarakhand,Tehri Garhwal,Chaundana-Sain,30.421711,78.635468,Debris Slide NA
34160,UK/TEH/53J11/2015/2185,Uttarakhand,Tehri Garhwal,Chaundana-Sain,30.421774,78.635116,Rock cum Debris Slide NA
34161,UK/TEH/53J11/2015/2190,Uttarakhand,Tehri Garhwal,Chaundana-Sain,30.422083,78.594472,Debris Slide NA
34162,UK/DEH/53J03/2015/1996,Uttarakhand,Dehradun,Raipur-Jharipani road,30.422732,78.072022,Rock Slide NA 34163 UK/MussoorieKemptyfalls/53J/0 3/2021/03 Uttarakhand Dehradun N/A N/A 30.422793 78.072472 Rock-cum-debris Creep 17 July 2021
34164,UK/TEH/53J15/2015/1084,Uttarakhand,Tehri Garhwal,Ghanshali-Akhori-Ghanshali Road,30.423125,78.807513,Rock Slide NA
34165,UK/DEH/53F15/2015/511,Uttarakhand,Dehradun,Kinswalgaon - Nakatpur,30.423231,77.945288,Rock Slide NA
34166,UK/RUD/53N03/2015/867,Uttarakhand,Rudraprayag,Chandrapuri,30.423639,79.067667,Debris Slide 2013
34167,UK/TEH/53J11/2015/2174,Uttarakhand,Tehri Garhwal,Nanuwa-Chaundana-Mandar,30.423639,78.588944,Debris Slide NA
34168,UK/DEH/53J03/2015/1987,Uttarakhand,Dehradun,Raipur-Jharipani road,30.423678,78.072684,Rock Slide NA
34169,UK/TEH/53J11/2015/2143,Uttarakhand,Tehri Garhwal,Bisatali-Dharkot (PMGSY road),30.42508,78.515638,Debris Slide NA
34170,UK/TEH/53J11/2015/2175,Uttarakhand,Tehri Garhwal,Nanuwa-Chaundana-Mandar,30.425411,78.587836,Debris Slide NA
34171,UK/DEH/53J03/2015/2055,Uttarakhand,Dehradun,Mussorie-Dhanaulti road,30.425724,78.082452,Rock Slide NA
34172,UK/DEH/53J03/2015/2039,Uttarakhand,Dehradun,Gudduwala-Kimari road,30.425977,78.038751,Rock Slide NA
34173,UK/DEH/53J03/2015/1979,Uttarakhand,Dehradun,Raipur-Jharipani road,30.426778,78.075528,Rock Slide NA
34174,UK/RUD/53N03/2013/0064,Uttarakhand,Rudraprayag,UK/RUD/NH109/16 2km u/s of Chandrapuri,30.4277,79.07,Debris 16th-17th June 2013
34175,UK/RUD/53N03/2015/868,Uttarakhand,Rudraprayag,Chandrapuri,30.42775,79.068972,Rock cum Debris Slide 2013
34176,UK/TEH/53J11/2015/2155,Uttarakhand,Tehri Garhwal,Gadolia-Ghansyali (SH-8),30.427815,78.652108,Rock Slide NA
34177,UK/DEH/53J03/2015/1977,Uttarakhand,Dehradun,Dehradun-Motidhara RF road,30.428194,78.112717,Rock Slide 2008
34178,UK/TEH/53J11/2015/2156,Uttarakhand,Tehri Garhwal,Gadolia-Ghansyali (SH-8),30.428579,78.653147,Debris Slide NA
34179,UK/TEH/53J11/2015/2201,Uttarakhand,Tehri Garhwal,Chamiyala-Ghansyali,30.42875,78.6465,Rock Slide NA
34180,UK/TEH/53J11/2015/2176,Uttarakhand,Tehri Garhwal,Nanuwa-Chaundana-Mandar,30.428758,78.586675,Debris Slide NA
34181,UK/DEH/53J03/2015/2061,Uttarakhand,Dehradun,Mussorie-Dhanaulti road,30.428906,78.121451,Rock Slide NA
34182,UK/TEH/53J11/2015/2200,Uttarakhand,Tehri Garhwal,Chamiyala-Ghansyali,30.429732,78.646044,Debris Slide NA
34183,UK/TEH/53J11/2015/2202,Uttarakhand,Tehri Garhwal,Chamiyala-Ghansyali,30.430518,78.651551,Debris Slide NA
34184,UK/TEH/53J11/2015/2199,Uttarakhand,Tehri Garhwal,Chamiyala-Ghansyali,30.43098,78.644193,Debris Slide NA
34185,UK/DEH/53F15/2015/500,Uttarakhand,Dehradun,Kalsi- Kinswalagaon,30.431759,77.986198,Debris Slide NA
34186,UK/DEH/53F15/2015/523,Uttarakhand,Dehradun,Nakatpur- Langha -Debthala,30.432358,77.885015,Debris Subsidence NA
34187,UK/DEH/53F15/2015/525,Uttarakhand,Dehradun,Nakatpur- Langha -Debthala,30.432485,77.886474,Debris Slide NA
34188,UK/CHA/53N07/2015/1221,Uttarakhand,Chamoli,PMSGY road,30.432861,79.374306,Debris Slide 2008
34189,UK/DEH/53F15/2015/524,Uttarakhand,Dehradun,Nakatpur- Langha -Debthala,30.433081,77.889638,Debris Subsidence NA
34190,UK/DEH/53J03/2015/2059,Uttarakhand,Dehradun,Mussorie-Masrani road,30.433602,78.084399,Rock Slide NA
34191,UK/TEH/53J11/2015/2198,Uttarakhand,Tehri Garhwal,Chamiyala-Ghansyali,30.434102,78.641067,Rock Slide NA
34192,UK/TEH/53J11/2015/2173,Uttarakhand,Tehri Garhwal,Ghansyali-Jakh-Dakhwangaon,30.435627,78.677988,Rock cum Debris Slide NA
34193,UK/TEH/53J11/2015/2197,Uttarakhand,Tehri Garhwal,Chamiyala-Ghansyali,30.435654,78.642167,Debris Slide NA
34194,UK/RUD/53N03/2013/0063,Uttarakhand,Rudraprayag,UK/RUD/NH109/15 2km u/s of Chandrapuri,30.4363,79.0719,Debris 16th-17th June 2013
34195,UK/TEH/53J11/2015/2182,Uttarakhand,Tehri Garhwal,Nanuwa-Chaundana-Mandar,30.436553,78.581944,Rock cum Debris Slide NA
34196,UK/DEH/53J03/2015/2040,Uttarakhand,Dehradun,Gudduwala-Kimari road,30.436594,78.041464,Rock Slide NA
34197,UK/TEH/53J11/2015/2171,Uttarakhand,Tehri Garhwal,Ghansyali-Jakh-Dakhwangaon,30.437472,78.686472,Debris Slide NA
34198,UK/TEH/53J11/2015/2183,Uttarakhand,Tehri Garhwal,Chaundana-Sain,30.437608,78.634346,Rock cum Debris Slide NA
34199,UK/TEH/53J11/2015/2172,Uttarakhand,Tehri Garhwal,Ghansyali-Jakh-Dakhwangaon,30.437778,78.702778,Debris Slide NA
34200,UK/TEH/53J11/2015/2170,Uttarakhand,Tehri Garhwal,Ghansyali-Jakh-Dakhwangaon,30.438137,78.728261,Debris Slide NA
34201,UK/RUD/53J15/2015/997,Uttarakhand,Rudraprayag,Khalyan-Jakholi Road,30.438417,78.892872,Rock Slide NA
34202,UK/CHA/53N07/2015/1228,Uttarakhand,Chamoli,SH-36 Gopeshwar-Mandal road,30.438861,79.289111,Debris Slide NA
34203,UK/DEH/53F15/2015/535,Uttarakhand,Dehradun,Forest,30.440209,77.987662,Debris Slide NA
34204,UK/RUD/53N03/2015/869,Uttarakhand,Rudraprayag,NH-109,30.44125,79.07475,Debris Subsidence 2013
34205,UK/RUD/53J15/2015/996,Uttarakhand,Rudraprayag,Khalyan-Jakholi Road,30.44132,78.916154,Rock Slide NA
34206,UK/DEH/53J03/2015/1998,Uttarakhand,Dehradun,Dehradun-Motidhara RF road,30.441832,78.079695,Rock Slide NA
34207,UK/RUD/53N03/2013/0062,Uttarakhand,Rudraprayag,"UK/RUD/NH109/14 NH-109, Syalsaur",30.4419,79.0766,Debris 16th-17th June 2013
34208,UK/TEH/53J15/2015/1082,Uttarakhand,Tehri Garhwal,Ghanshali-Akhori-Ghanshali Road,30.442449,78.75307,Rock Slide NA
34209,UK/TEH/53J11/2015/2164,Uttarakhand,Tehri Garhwal,Ghansyali-Pokhar-Payankoti,30.44308,78.676199,Debris Slide NA
34210,UK/RUD/53J15/2015/995,Uttarakhand,Rudraprayag,Khalyan-Jakholi Road,30.444176,78.915783,Debris Slide NA
34211,UK/RUD/53N03/2015/870,Uttarakhand,Rudraprayag,NH-109,30.444333,79.075556,Debris Slide 2013
34212,UK/DEH/53F15/2015/534,Uttarakhand,Dehradun,Forest,30.444369,77.989571,Rock Slide NA
34213,UK/TEH/53J11/2015/2181,Uttarakhand,Tehri Garhwal,Nanuwa-Chaundana-Mandar,30.444392,78.580153,Rock Slide NA
34214,UK/TEH/53J11/2015/2169,Uttarakhand,Tehri Garhwal,Ghansyali-Pokhar-Payankoti,30.4445,78.673889,Debris Slide NA
34215,UK/DEH/53F15/2015/510,Uttarakhand,Dehradun,Kalsi- Kinswalagaon,30.444969,77.933477,Debris Slide NA
34216,UK/DEH/53F15/2015/502,Uttarakhand,Dehradun,Kalsi- Kinswalagaon,30.445493,77.992593,Debris Slide NA
34217,UK/DEH/53J03/2015/2034,Uttarakhand,Dehradun,Panditwari-Abbey road,30.445997,78.051344,Rock Slide NA
34218,UK/TEH/53J11/2015/2165,Uttarakhand,Tehri Garhwal,Ghansyali-Pokhar-Payankoti,30.44706,78.684756,Debris Slide NA
34219,UK/TEH/53J15/2015/1083,Uttarakhand,Tehri Garhwal,Ghanshali-Akhori-Ghanshali Road,30.447696,78.781755,Rock cum Debris Slide NA
34220,UK/RUD/53N03/2015/871,Uttarakhand,Rudraprayag,NH-109,30.447944,79.075389,Rock cum Debris Slide 2013
34221,UK/RUD/53N03/2013/0061,Uttarakhand,Rudraprayag,"UK/RUD/NH109/13 NH-109, Dewal slide",30.448,79.0761,Rock cum Debris Slide 16th-17th June 2013
34222,UK/RUD/53N03/2015/862,Uttarakhand,Rudraprayag,NH-109,30.448139,79.075361,Rock Slide 2013
34223,UK/CHA/53N07/2015/1218,Uttarakhand,Chamoli,NH-58,30.448397,79.429504,Rock cum Debris Slide NA
34224,UK/TEH/53J11/2015/2180,Uttarakhand,Tehri Garhwal,Nanuwa-Chaundana-Mandar,30.448448,78.578149,Debris Slide NA
34225,UK/DEH/53J03/2015/2033,Uttarakhand,Dehradun,Panditwari-Abbey road,30.448834,78.046415,Rock Slide NA
34226,UK/DEH/53F15/2015/526,Uttarakhand,Dehradun,Nakatpur- Langha -Debthala,30.448861,77.904083,Debris Slide NA
34227,UK/DEH/53F15/2015/533,Uttarakhand,Dehradun,Nakatpur- Langha -Debthala,30.449697,77.880485,Debris Slide NA
34228,UK/RUD/53N03/2015/861,Uttarakhand,Rudraprayag,NH-109,30.449958,79.076547,Rock Slide 2013
34229,UK/RUD/53N03/2013/0060,Uttarakhand,Rudraprayag,"UK/RUD/NH109/12 NH-109, Banswara",30.45,79.0761,Rock Slide 16th-17th June 2013
34230,UK/RUD/53N03/2015/872,Uttarakhand,Rudraprayag,NH-109,30.45,79.076361,Rock Slide 2013
34231,UK/DEH/53J03/2015/2058,Uttarakhand,Dehradun,Mussorie-Masrani road,30.450115,78.114774,Rock Slide NA
34232,UK/DEH/53J03/2015/2057,Uttarakhand,Dehradun,Mussorie-Masrani road,30.450471,78.114534,Rock Slide NA
34233,UK/TEH/53J11/2015/2192,Uttarakhand,Tehri Garhwal,Khemra-Ganger-Gawana,30.450791,78.631676,Debris Slide NA
34234,UK/CHA/53N07/2013/0028,Uttarakhand,Chamoli,UK_CHA_NH_ 028 Km 448 (NH 58),30.450806,79.428917,Debris Subsidence 16th-17th June 2013
34235,UK/RUD/53N03/2015/860,Uttarakhand,Rudraprayag,NH-109,30.451028,79.076028,Rock Slide 2013
34236,UK/RUD/53N03/2015/873,Uttarakhand,Rudraprayag,NH-109,30.451111,79.076056,Debris Slide 2013
34237,UK/DEH/53J03/2015/2056,Uttarakhand,Dehradun,Dehradun-Rajpur road,30.451227,78.113846,Rock Slide NA
34238,UK/DEH/53J03/2015/2060,Uttarakhand,Dehradun,Rajpur-Mussorie road,30.451325,78.147063,Rock Slide NA
34239,UK/DEH/53J03/2015/2032,Uttarakhand,Dehradun,Panditwari-Abbey road,30.45175,78.045444,Rock Slide NA
34240,UK/DEH/53J03/2015/2031,Uttarakhand,Dehradun,Panditwari-Abbey road,30.452855,78.044344,Rock Slide NA
34241,UK/TEH/53J11/2015/2166,Uttarakhand,Tehri Garhwal,Ghansyali-Pokhar-Payankoti,30.453383,78.694506,Debris Slide NA
34242,UK/TEH/53J11/2015/2167,Uttarakhand,Tehri Garhwal,Ghansyali-Pokhar-Payankoti,30.4535,78.694909,Debris Slide NA
34243,UK/DEH/53F15/2015/527,Uttarakhand,Dehradun,Nakatpur- Langha -Debthala,30.453808,77.916522,Debris Slide NA
34244,UK/DEH/53F15/2015/503,Uttarakhand,Dehradun,Kalsi- Kinswalagaon,30.453864,77.954205,Debris Slide NA
34245,UK/RUD/53N03/2013/0059,Uttarakhand,Rudraprayag,"UK/RUD/NH109/11 NH-109, Banswara",30.4541,79.0741,Rock cum Debris 16th-17th June 2013
34246,UK/TEH/53J11/2015/2168,Uttarakhand,Tehri Garhwal,Ghansyali-Pokhar-Payankoti,30.454478,78.693881,Debris Slide NA
34247,UK/CHA/53N07/2015/1219,Uttarakhand,Chamoli,NH-58,30.454857,79.429751,Rock Slide NA
34248,UK/DEH/53J03/2015/2029,Uttarakhand,Dehradun,Panditwari-Abbey road,30.455028,78.039639,Rock Slide NA
34249,UK/RUD/53N03/2015/859,Uttarakhand,Rudraprayag,NH-109,30.455333,79.076694,Rock Slide 2013
34250,UK/DEH/53J03/2015/2030,Uttarakhand,Dehradun,Panditwari-Abbey road,30.455472,78.042361,Rock Slide NA
34251,UK/DEH/53F15/2015/532,Uttarakhand,Dehradun,Nakatpur- Langha -Debthala,30.455594,77.888131,Debris Slide NA
34252,UK/TEH/53J11/2015/2193,Uttarakhand,Tehri Garhwal,Khemra-Ganger-Gawana,30.4556,78.632812,Debris Slide NA
34253,UK/DEH/53J03/2015/2027,Uttarakhand,Dehradun,Musoorie-Hathipaon road,30.455658,78.033558,Rock Slide NA
34254,UK/DEH/53F15/2015/501,Uttarakhand,Dehradun,Kalsi- Kinswalagaon,30.455667,77.97058,Debris Slide NA
34255,UK/TEH/53J11/2015/2179,Uttarakhand,Tehri Garhwal,Nanuwa-Chaundana-Mandar,30.455816,78.573498,Debris Slide NA
34256,UK/DEH/53J03/2015/2028,Uttarakhand,Dehradun,Panditwari-Abbey road,30.457867,78.034632,Rock Slide NA
34257,UK/DEH/53J03/2015/2063,Uttarakhand,Dehradun,"Dehradun, Marotha-Motidhara RF",30.458267,78.095999,Rock Subsidence NA
34258,UK/CHA/53N07/2015/1242,Uttarakhand,Chamoli,NH-58,30.458365,79.430642,Debris Slide NA
34259,UK/DEH/53J03/2015/2026,Uttarakhand,Dehradun,Panditwari-Abbey road,30.458442,78.03489,Rock Slide NA
34260,UK/RUD/53N03/2015/874,Uttarakhand,Rudraprayag,NH-109,30.458488,79.07694,Rock Slide 2013
34261,UK/RUD/53N03/2015/858,Uttarakhand,Rudraprayag,NH-109,30.459511,79.07582,Rock Slide 2013
34262,UK/TEH/53J11/2015/2178,Uttarakhand,Tehri Garhwal,Nanuwa-Chaundana-Mandar,30.459785,78.5699,Rock Slide NA
34263,UK/RUD/53N03/2015/847,Uttarakhand,Rudraprayag,,30.462111,79.151861,Debris Slide NA
34264,UK/RUD/53N03/2015/846,Uttarakhand,Rudraprayag,,30.462861,79.153056,Debris Slide NA
34265,UK/DEH/53F15/2015/508,Uttarakhand,Dehradun,Kalsi- Kinswalagaon,30.463121,77.936796,Debris Slide NA
34266,UK/TEH/53J11/2015/2177,Uttarakhand,Tehri Garhwal,Nanuwa-Chaundana-Mandar,30.463515,78.566376,Rock Slide NA 34267 UK/MussoorieKemptyfalls/53J/0 3/2021/04 Uttarakhand Dehradun N/A N/A 30.463731 78.062156 Debris Slide 15-07-2021
34268,UK/DEH/53F15/2015/509,Uttarakhand,Dehradun,Kalsi- Kinswalagaon,30.463755,77.949444,Debris Slide NA
34269,UK/RUD/53J15/2015/994,Uttarakhand,Rudraprayag,Jakhwari-Jakholi Road,30.464237,78.901631,Rock Slide NA
34270,UK/CHA/53N07/2015/1213,Uttarakhand,Chamoli,NH-58,30.465065,79.457206,Rock Slide NA
34271,UK/CHA/53N07/2013/0027,Uttarakhand,Chamoli,UK_CHA_NH_ 027 Near Govind Marg Gurudwara (Pakhi),30.466,79.452028,Debris Subsidence 16th-17th June 2013
34272,UK/DEH/53F15/2015/505,Uttarakhand,Dehradun,Kalsi- Kinswalagaon,30.466151,77.92033,Debris Slide NA
34273,UK/DEH/53F15/2015/531,Uttarakhand,Dehradun,Nakatpur- Langha -Debthala,30.466523,77.905455,Debris Slide NA
34274,UK/DEH/53F15/2015/507,Uttarakhand,Dehradun,Kalsi- Kinswalagaon,30.46663,77.932142,Debris Slide NA
34275,UK/TEH/53J03/2015/2054,Uttarakhand,Tehri Garhwal,Mussorie-Nainbag road,30.466837,78.174297,Rock cum Debris Slide NA
34276,UK/CHA/53N11/2018/18,Uttarakhand,Chamoli,Ganai Nandprayag-Ganai,30.46787,79.502124,Rock cum debris Slide 2013
34277,UK/TEH/53J11/2015/2194,Uttarakhand,Tehri Garhwal,Khemra-Ganger-Gawana,30.467875,78.626272,Debris Slide NA
34278,UK/RUD/53J15/2015/993,Uttarakhand,Rudraprayag,Jakhwari-Jakholi Road,30.468628,78.904122,Rock Slide NA
34279,UK/DEH/53F15/2015/506,Uttarakhand,Dehradun,Kalsi- Kinswalagaon,30.470084,77.924508,Debris Slide NA
34280,UK/CHA/53N13/2018/1,Uttarakhand,Chamoli,Ganai Nandprayag-Ganai,30.470676,79.51272,Rock cum debris Slide 2013
34281,UK/DEH/53F15/2015/530,Uttarakhand,Dehradun,Nakatpur- Langha -Debthala,30.471694,77.914472,Debris Slide NA
34282,UK/CHA/53N07/2015/1212,Uttarakhand,Chamoli,NH-58,30.471778,79.459111,Debris Slide NA
34283,UK/CHA/53N12/2018/192,Uttarakhand,Chamoli,Ganai Nandprayag-Ganai,30.471929,79.512119,Rock cum debris Slide NA
34284,UK/CHA/53N07/2015/1211,Uttarakhand,Chamoli,NH-58,30.472105,79.459348,Debris Slide NA
34285,UK/CHA/53N11/2018/19,Uttarakhand,Chamoli,Ganai Nandprayag-Ganai,30.473095,79.511488,Rock cum debris Slide 2013
34286,UK/CHA/53N07/2013/0024,Uttarakhand,Chamoli,UK_CHA_NH_ 024 Pagla Nala,30.473167,79.479722,Rock Fall 16th-17th June 2013
34287,UK/CHA/53N07/2015/1243,Uttarakhand,Chamoli,NH-58,30.473279,79.459753,Rock Slide NA
34288,UK/CHA/53N11/2018/22,Uttarakhand,Chamoli,Ganai Nandprayag-Ganai,30.474216,79.504369,Rock cum debris Slide NA
34289,UK/CHA/53N07/2013/0026,Uttarakhand,Chamoli,UK_CHA_NH_ 026 Tangni Villlage,30.474222,79.458944,Rock cum Debris Slide 16th-17th June 2013
34290,UK/CHA/53N07/2015/1210,Uttarakhand,Chamoli,NH-58,30.474693,79.459305,Rock Slide NA
34291,UK/DEH/53F14/2015/564,Uttarakhand,Dehradun,Saini -Kyawa-Saini,30.475148,77.878398,Debris Slide NA
34292,UK/CHA/53N11/2018/12,Uttarakhand,Chamoli,Ganai Nandprayag-Ganai,30.47524,79.499944,Rock cum debris Slide NA
34293,UK/DEH/53F15/2015/528,Uttarakhand,Dehradun,Nakatpur- Langha -Debthala,30.475489,77.923598,Debris Slide NA
34294,UK/CHA/53N11/2018/13,Uttarakhand,Chamoli,Ganai Nandprayag-Ganai,30.475894,79.503721,Rock cum debris Slide NA
34295,UK/CHA/53N07/2015/1209,Uttarakhand,Chamoli,NH-58,30.476085,79.467341,Debris Slide NA
34296,UK/Chamoli/53N/07/2021/01,Uttarakhand,Chamoli,N/A N/A,30.47694444,79.4675,Debris Flow 1984
34297,UK/DEH/53J03/2015/2050,Uttarakhand,Dehradun,Mussorie-Nainbag road,30.477778,78.052778,Rock cum Debris Slide NA
34298,UK/CHA/53N07/2013/0025,Uttarakhand,Chamoli,UK_CHA_NH_ 025 Pagla Nala,30.478306,79.467556,Rock cum Debris Slide 16th-17th June 2013
34299,UK/DEH/53J03/2015/2049,Uttarakhand,Dehradun,Birpara-Haldwala road,30.479647,78.047396,Rock cum Debris Slide NA 34300 UK/MussoorieKemptyfalls/53J/0 3/2021/05 Uttarakhand Dehradun N/A N/A 30.480789 78.045158 rock-cum-debris Slide NA
34301,UK/DEH/53J03/2015/2053,Uttarakhand,Dehradun,Mussorie-Nainbag road,30.480913,78.044821,Rock Slide NA
34302,UK/RUD/53N03/2015/848,Uttarakhand,Rudraprayag,Makku math,30.481139,79.137111,Debris Slide NA
34303,UK/RUD/53N03/2015/857,Uttarakhand,Rudraprayag,Baniyakund,30.48175,79.186194,Debris Slide NA
34304,UK/RUD/53N03/2015/845,Uttarakhand,Rudraprayag,,30.482111,79.158056,Debris Slide NA
34305,UK/CHA/53N07/2015/1244,Uttarakhand,Chamoli,National Highway-58,30.48325,79.471139,Debris Slide NA
34306,UK/RUD/53N03/2015/856,Uttarakhand,Rudraprayag,NH-109,30.483306,79.192639,Debris Slide NA
34307,UK/RUD/53N03/2015/851,Uttarakhand,Rudraprayag,NH-109,30.483431,79.086168,Rock cum Debris Slide 2013
34308,UK/TEH/53J03/2015/2051,Uttarakhand,Tehri Garhwal,Mussorie-Nainbag road,30.483547,78.047174,Rock cum Debris Slide NA
34309,UK/RUD/53N03/2015/854,Uttarakhand,Rudraprayag,NH-109,30.484222,79.206306,Debris Flow NA
34310,UK/DEH/53F15/2015/529,Uttarakhand,Dehradun,Nakatpur- Langha -Debthala,30.485014,77.932952,Debris Slide NA
34311,UK/CHA/53N07/2015/1217,Uttarakhand,Chamoli,NH-58,30.486361,79.47925,Rock Slide NA
34312,UK/TEH/53J03/2015/2043,Uttarakhand,Tehri Garhwal,Mussorie-Bhatali road,30.486563,78.04016,Rock Slide NA
34313,UK/CHA/53N07/2013/0059,Uttarakhand,Chamoli,"UK_CHA_NH_ 059 Patalganga –II, left bank of Ganesh Ganga",30.486778,79.485306,Debris Slide 16th-17th June 2013
34314,UK/TEH/53J03/2015/2052,Uttarakhand,Tehri Garhwal,Mussorie-Nainbag road,30.486934,78.036238,Rock cum Debris Slide NA
34315,UK/CHA/53N07/2015/1216,Uttarakhand,Chamoli,NH-58,30.487083,79.484028,Debris Slide NA
34316,UK/CHA/53N11/2018/7,Uttarakhand,Chamoli,Joshimat-Tapowan,30.487333,79.684429,Rock cum debris Slide 2017
34317,UK/CHA/53N11/2018/8,Uttarakhand,Chamoli,Joshimat-Tapowan,30.487541,79.676496,Debris Slide 2014
34318,UK/CHA/53N10/2013/0013,Uttarakhand,Chamoli,UK_CHA_NH_ 013 About 1.5 km ENE of Rinni Village.,30.487722,79.678056,Debris Subsidence 16th-17th June 2013
34319,UK/CHA/53N10/2013/0014,Uttarakhand,Chamoli,UK_CHA_NH_ 014 Near Saldhar village,30.487944,79.669167,Debris Fall and Flow 16th-17th June 2013
34320,UK/RUD/53N03/2015/853,Uttarakhand,Rudraprayag,Kakragad,30.488126,79.085297,Rock cum Debris Slide 2013
34321,UK/CHA/53N11/2013/0015,Uttarakhand,Chamoli,UK_CHA_NH_,15,30.488139,79.665389 Debris Subsidence 16th-17th June 2013
34322,UK/CHA/53N11/2013/0016,Uttarakhand,Chamoli,UK_CHA_SH_ 016 About 200 m upstream of GSI hot spring.,30.488444,79.659556,Debris Slide 16th-17th June 2013
34323,UK/RUD/53N03/2015/850,Uttarakhand,Rudraprayag,NH-109,30.488694,79.093639,Debris Slide 2013
34324,UK/CHA/53N07/2015/1255,Uttarakhand,Chamoli,NH-58,30.489193,79.48159,Rock Fall NA 34325 UK/MussoorieKemptyfalls/53J/0 3/2021/06 Uttarakhand Dehradun N/A N/A 30.48943 78.03424 Rock Slide NA
34326,UK/CHA/53N11/2013/0017,Uttarakhand,Chamoli,UK_CHA_SH_,17,500,m NW of Ringi Village 30.489667 79.65075 Debris Flow 16th-17th June 2013
34327,UK/CHA/53N11/2018/9,Uttarakhand,Chamoli,Joshimat-Tapowan,30.489762,79.650082,Rock Slide 2014
34328,UK/CHA/53N11/2018/11,Uttarakhand,Chamoli,Joshimat-Tapowan,30.491723,79.638405,Debris Slide 2014
34329,UK/RUD/53N03/2015/849,Uttarakhand,Rudraprayag,NH-109,30.492278,79.120111,Rock Slide 2013
34330,UK/TEH/53J11/2015/2196,Uttarakhand,Tehri Garhwal,Chamiyala-Anuwa,30.493133,78.617302,Debris Slide NA
34331,UK/RUD/53N03/2015/852,Uttarakhand,Rudraprayag,NH-109,30.494119,79.087907,Rock cum Debris Slide 2013
34332,UK/CHA/53N11/2013/0018,Uttarakhand,Chamoli,UK_CHA_NH_ 018 Kathadhar village near Tapovan.,30.494139,79.621111,Debris Flow 16th-17th June 2013
34333,UK/TEH/53J03/2015/2013,Uttarakhand,Tehri Garhwal,Musoorie-Siyagaon road,30.494265,78.03939,Earth Slide NA
34334,UK/RUD/53N03/2015/855,Uttarakhand,Rudraprayag,NH-109,30.494278,79.1985,Debris Slide 2013
34335,UK/CHA/53N11/2018/14,Uttarakhand,Chamoli,Tapowan Joshimat-Tapowan,30.494303,79.619416,Rock Slide 2014
34336,UK/CHA/53N11/2018/10,Uttarakhand,Chamoli,Joshimat-Tapowan,30.495,79.640662,Rock cum debris Slide 2018
34337,UK/RUD/53N03/2015/844,Uttarakhand,Rudraprayag,,30.496275,79.135935,Debris Slide 2013
34338,UK/CHA/53N11/2018/6,Uttarakhand,Chamoli,Joshimat-Tapowan,30.496681,79.708792,Rock Slide 2017
34339,UK/TEH/53J11/2015/2195,Uttarakhand,Tehri Garhwal,Chamiyala-Anuwa,30.497546,78.612872,Debris Slide NA
34340,UK/CHA/53N11/2018/15,Uttarakhand,Chamoli,Talodan Joshimat-Tapowan,30.497568,79.614866,Rock Slide 2014
34341,UK/RUD/53N03/2015/842,Uttarakhand,Rudraprayag,,30.497639,79.114083,Rock Slide 2013
34342,UK/TEH/53J02/2015/1952,Uttarakhand,Tehri Garhwal,Mussorie-tibba-Lagrasu road,30.499304,78.100031,Rock Slide NA
34343,UK/RUD/53N03/2015/843,Uttarakhand,Rudraprayag,,30.499572,79.105178,Debris Slide 2013
34344,UK/PIT/53N06/2020/1,Uttarakhand,Pithoragarh,Joshimath-Karnprayag,30.5,79.49,Debris Slide 2016
34345,UK/THE/53J10/2015/154,Uttarakhand,Tehri Garhwal,,30.500028,78.625222,Debris Slide NA
34346,UK/DEH/53F15/2015/536,Uttarakhand,Dehradun,Chillori,30.500145,77.872566,Debris Slide NA
34347,UK/TEH/53J06/2015/889,Uttarakhand,Tehri Garhwal,L/b of Kyarki gad,30.500278,78.440833,Debris Fall 2010
34348,UK/THE/53J10/2015/153,Uttarakhand,Tehri Garhwal,,30.501028,78.627444,Rock Slide NA
34349,UK/TEH/53J06/2015/890,Uttarakhand,Tehri Garhwal,L/b of Kyarki gad,30.501111,78.439722,Rock cum Debris Fall 2010
34350,UK/TEH/53F14/2015/548,Uttarakhand,Tehri Garhwal,Nagthat - Milgad -Kandriyan,30.501111,77.992444,Rock Slide NA
34351,UK/TEH/53J02/2015/1969,Uttarakhand,Tehri Garhwal,Bandarkot-Mundi road,30.501271,78.150376,Rock cum Debris Slide NA
34352,UK/RUD/53N02/2015/605,Uttarakhand,Rudraprayag,Kimana,30.501722,79.095806,Debris Slide NA
34353,UK/TEH/53J06/2015/891,Uttarakhand,Tehri Garhwal,L/b of Kyarki gad,30.501944,78.438611,Rock cum Debris Fall 2010
34354,UK/THE/53J10/2015/152,Uttarakhand,Tehri Garhwal,,30.501944,78.626722,Rock Slide NA
34355,UK/TEH/53F14/2015/550,Uttarakhand,Tehri Garhwal,Nagthat - Milgad -Kandriyan,30.503303,77.994475,Debris Slide NA
34356,UK/RUD/53N02/2013/0058,Uttarakhand,Rudraprayag,"UK/RUD/Kund/10 NH-109, Kund girder bridge",30.5036,79.088,Rock cum Debris Slide 16th-17th June 2013
34357,UK/RUD/53N02/2015/562,Uttarakhand,Rudraprayag,Kund bRidge,30.503752,79.086896,Debris Flow 2012
34358,UK/RUD/53N02/2015/563,Uttarakhand,Rudraprayag,,30.504056,79.088889,Rock Slide NA
34359,UK/CHA/53N10/2013/0023,Uttarakhand,Chamoli,UK_CHA_NH_,23,30.504417,79.485306 Debris Slide 16th-17th June 2013
34360,UK/TEH/53J02/2015/1953,Uttarakhand,Tehri Garhwal,Bandarkot-Sunau road,30.504922,78.134303,Earth Slide 2013
34361,UK/THE/53J10/2015/122,Uttarakhand,Tehri Garhwal,,30.505944,78.650889,Rock Slide NA
34362,UK/RUD/53N02/2015/606,Uttarakhand,Rudraprayag,,30.506167,79.202472,Rock Slide NA
34363,UK/TEH/53J02/2015/1970,Uttarakhand,Tehri Garhwal,Thatyur-Kuwa road,30.506231,78.16623,Rock cum Debris Slide 2013
34364,UK/TEH/53F14/2015/551,Uttarakhand,Tehri Garhwal,Nagthat - Milgad -Kandriyan,30.506395,77.984281,Rock Slide NA
34365,UK/TEH/53F14/2015/553,Uttarakhand,Tehri Garhwal,Nagthat - Milgad -Kandriyan,30.506485,77.953077,Debris Slide NA
34366,UK/TEH/53F14/2015/549,Uttarakhand,Tehri Garhwal,Nagthat - Milgad -Kandriyan,30.506925,77.993416,Debris Slide NA
34367,UK/TEH/53J06/2015/915,Uttarakhand,Tehri Garhwal,R/b of Malogi gad,30.508333,78.348611,Rock cum Debris Fall 2004
34368,UK/THE/53J10/2015/121,Uttarakhand,Tehri Garhwal,,30.508406,78.65755,Debris Slide NA
34369,UK/THE/53J10/2015/120,Uttarakhand,Tehri Garhwal,,30.508722,78.658306,Debris Slide NA
34370,UK/RUD/53N02/2015/561,Uttarakhand,Rudraprayag,NH-109,30.508879,79.083971,Rock Slide 2013
34371,UK/THE/53J10/2015/134,Uttarakhand,Tehri Garhwal,,30.508917,78.629417,Rock Slide NA
34372,UK/THE/53J10/2015/123,Uttarakhand,Tehri Garhwal,,30.509111,78.653694,Rock Slide NA
34373,UK/TEH/53J06/2015/892,Uttarakhand,Tehri Garhwal,L/b of Kyarki gad,30.509444,78.44,Rock cum Debris Fall 2010
34374,UK/RUD/53N02/2015/596,Uttarakhand,Rudraprayag,Tala,30.509472,79.16404,Rock Slide 2012
34375,UK/THE/53J10/2015/132,Uttarakhand,Tehri Garhwal,,30.509667,78.638472,Debris Slide NA
34376,UK/PIT/53N06/2020/5,Uttarakhand,Pithoragarh,Joshimath-Karnprayag,30.51,79.5,Rock Slide 2011
34377,UK/PIT/53N06/2020/6,Uttarakhand,Pithoragarh,Joshimath-Karnprayag,30.51,79.49,Debris Slide 2016
34378,UK/THE/53J10/2015/130,Uttarakhand,Tehri Garhwal,,30.51025,78.643667,Rock Slide NA
34379,UK/RUD/53N02/2015/597,Uttarakhand,Rudraprayag,Muskuragadi,30.510412,79.137127,Debris Slide 2013
34380,UK/THE/53J10/2015/131,Uttarakhand,Tehri Garhwal,,30.510625,78.644161,Debris Slide NA
34381,UK/RUD/53N02/2015/601,Uttarakhand,Rudraprayag,,30.510806,79.127944,Debris Slide 2013
34382,UK/TEH/53J02/2015/1973,Uttarakhand,Tehri Garhwal,Bandarkot-Khyarsi road,30.511093,78.068312,Rock cum Debris Slide NA
34383,UK/RUD/53N02/2015/578,Uttarakhand,Rudraprayag,,30.511678,79.073956,Debris Slide 2012
34384,UK/DEH/53F14/2015/366,Uttarakhand,Dehradun,Kalsi -Baggi- Niste,30.512146,77.984807,Rock Slide NA
34385,UK/THE/53J10/2015/129,Uttarakhand,Tehri Garhwal,,30.51275,78.642583,Rock Slide NA
34386,UK/TEH/53F14/2015/554,Uttarakhand,Tehri Garhwal,Nagthat - Milgad -Kandriyan,30.512988,77.953364,Debris Slide NA
34387,UK/DEH/53F14/2015/365,Uttarakhand,Dehradun,Kalsi -Baggi- Niste,30.513144,77.972592,Rock Slide NA
34388,UK/RUD/53N02/2015/579,Uttarakhand,Rudraprayag,,30.513444,79.065694,Rock Slide 2012
34389,UK/DEH/53F14/2015/363,Uttarakhand,Dehradun,Kalsi -Baggi- Niste,30.51361,77.976774,Debris Fall NA
34390,UK/TEH/53F14/2015/546,Uttarakhand,Tehri Garhwal,Nagthat - Milgad -Kandriyan,30.513658,77.999751,Debris Slide NA
34391,UK/THE/53J10/2015/118,Uttarakhand,Tehri Garhwal,,30.513944,78.662694,Rock Slide NA
34392,UK/TEH/53F14/2015/555,Uttarakhand,Tehri Garhwal,Nagthat - Milgad -Kandriyan,30.514096,77.953205,Debris Slide NA
34393,UK/RUD/53N02/2015/600,Uttarakhand,Rudraprayag,,30.514136,79.129037,Debris Slide NA
34394,UK/THE/53J10/2015/124,Uttarakhand,Tehri Garhwal,,30.51425,78.645833,Rock Slide NA
34395,UK/TEH/53J02/2015/1971,Uttarakhand,Tehri Garhwal,Mussorie-Nainbag road,30.51453,78.006929,Rock cum Debris Slide NA
34396,UK/THE/53J10/2015/119,Uttarakhand,Tehri Garhwal,,30.514917,78.656694,Rock Slide NA
34397,UK/DEH/53F14/2015/364,Uttarakhand,Dehradun,Kalsi -Baggi- Niste,30.514958,77.975314,Rock Slide NA
34398,UK/THE/53J10/2015/127,Uttarakhand,Tehri Garhwal,,30.515028,78.644556,Debris Slide NA
34399,UK/THE/53J10/2015/126,Uttarakhand,Tehri Garhwal,,30.515083,78.646139,Rock Slide NA
34400,UK/TEH/53J10/2015/165,Uttarakhand,Tehri Garhwal,,30.515278,78.523139,Rock Slide NA
34401,UK/TEH/53J02/2015/1958,Uttarakhand,Tehri Garhwal,Bandarkot-Melgad RF road,30.515285,78.051274,Rock Slide 2013
34402,UK/RUD/53N02/2015/566,Uttarakhand,Rudraprayag,,30.515345,79.098693,Rock Slide 2013
34403,UK/THE/53J10/2015/125,Uttarakhand,Tehri Garhwal,,30.515361,78.646,Rock Slide NA
34404,UK/RUD/53N02/2013/0057,Uttarakhand,Rudraprayag,"UK/RUD/Semi/09 NH-109, Semi Village",30.5155,79.0619,Debris Spread 16th-17th June 2013
34405,UK/RUD/53N02/2015/599,Uttarakhand,Rudraprayag,saari,30.515583,79.130889,Rock Slide NA
34406,UK/THE/53J10/2015/128,Uttarakhand,Tehri Garhwal,,30.515667,78.644472,Rock Slide NA
34407,UK/TEH/53J02/2015/1957,Uttarakhand,Tehri Garhwal,Bandarkot-Melgad RF road,30.515883,78.033886,Rock Slide NA
34408,UK/TEH/53J02/2015/1955,Uttarakhand,Tehri Garhwal,Bandarkot-Melgad RF road,30.516339,78.030255,Rock Slide NA
34409,UK/RUD/53N02/2015/577,Uttarakhand,Rudraprayag,,30.516722,79.0805,Debris Slide 2012
34410,UK/TEH/53F14/2015/547,Uttarakhand,Tehri Garhwal,Nagthat - Milgad -Kandriyan,30.517267,77.989851,Rock Slide NA
34411,UK/THE/53J10/2015/140,Uttarakhand,Tehri Garhwal,,30.517278,78.604028,Debris Slide NA
34412,UK/RUD/53N02/2015/598,Uttarakhand,Rudraprayag,saari,30.517355,79.134621,Debris Slide 2013
34413,UK/RUD/53N02/2015/567,Uttarakhand,Rudraprayag,,30.517598,79.099536,Debris Slide 2013
34414,UK/DEH/53F14/2015/360,Uttarakhand,Dehradun,Kalsi -Baggi- Niste,30.518119,77.945485,Rock Fall NA
34415,UK/DEH/53F14/2015/552,Uttarakhand,Dehradun,Nagthat - Milgad -Kandriyan,30.518825,77.956656,Debris Slide NA
34416,UK/THE/53J10/2015/148,Uttarakhand,Tehri Garhwal,,30.518942,78.589333,Debris Slide NA
34417,UK/TEH/53J06/2015/914,Uttarakhand,Tehri Garhwal,"Rishikesh-Gangotri road, R/b of Malogi gad",30.519218,78.34911,Debris Fall 2007
34418,UK/THE/53J10/2015/149,Uttarakhand,Tehri Garhwal,,30.519431,78.588875,Rock Slide NA
34419,UK/THE/53J10/2015/147,Uttarakhand,Tehri Garhwal,,30.519667,78.592722,Debris Slide NA
34420,UK/RUD/53N02/2015/565,Uttarakhand,Rudraprayag,,30.519698,79.09523,Debris Slide 2012
34421,UK/TEH/53J10/2015/167,Uttarakhand,Tehri Garhwal,,30.519889,78.538556,Debris Slide NA
34422,UK/PIT/53N06/2020/2,Uttarakhand,Pithoragarh,Joshimath-Karnprayag,30.52,79.49,Rock Slide 2011
34423,UK/PIT/53N06/2020/3,Uttarakhand,Pithoragarh,Joshimath-Karnprayag,30.52,79.49,Rock Slide 2011
34424,UK/PIT/53N06/2020/4,Uttarakhand,Pithoragarh,Joshimath-Karnprayag,30.52,79.49,Rock Slide 2011
34425,UK/DEH/53F14/2015/357,Uttarakhand,Dehradun,Kalsi -Baggi- Niste,30.520137,77.940697,Rock Slide NA
34426,UK/DEH/53F14/2015/359,Uttarakhand,Dehradun,Kalsi -Baggi- Niste,30.520151,77.939286,Debris Slide NA
34427,UK/DEH/53F14/2015/347,Uttarakhand,Dehradun,Kalsi -Baggi- Niste,30.52068,77.864787,Rock Slide NA
34428,UK/TEH/53J06/2015/916,Uttarakhand,Tehri Garhwal,"Rishikesh-Gangotri road, L/b of Malogi gad",30.52081,78.351317,Debris Fall 2004
34429,UK/DEH/53F14/2015/566,Uttarakhand,Dehradun,Milgad -Nagthat -Barai,30.521003,77.979029,Debris Slide NA
34430,UK/TEH/53J02/2015/1956,Uttarakhand,Tehri Garhwal,Bandarkot-Melgad RF road,30.521072,78.034314,Rock Slide NA
34431,UK/TEH/53J02/2015/1972,Uttarakhand,Tehri Garhwal,Mussorie-Nainbag road,30.521276,78.016622,Rock cum Debris Slide NA
34432,UK/DEH/53F14/2015/361,Uttarakhand,Dehradun,Kalsi -Baggi- Niste,30.521356,77.947208,Rock Slide NA
34433,UK/DEH/53F14/2015/362,Uttarakhand,Dehradun,Kalsi -Baggi- Niste,30.521476,77.954549,Rock Slide NA
34434,UK/DEH/53F14/2015/355,Uttarakhand,Dehradun,Kalsi -Baggi- Niste,30.521581,77.916384,Rock Fall NA
34435,UK/TEH/53J10/2015/164,Uttarakhand,Tehri Garhwal,,30.521694,78.515444,Debris Slide NA
34436,UK/DEH/53F14/2015/356,Uttarakhand,Dehradun,Kalsi -Baggi- Niste,30.521894,77.939736,Rock Slide NA
34437,UK/DEH/53F14/2015/565,Uttarakhand,Dehradun,Milgad -Nagthat -Barai,30.521901,77.979182,Debris Slide NA
34438,UK/THE/53J10/2015/150,Uttarakhand,Tehri Garhwal,,30.521972,78.552194,Debris Slide NA
34439,UK/RUD/53N02/2015/604,Uttarakhand,Rudraprayag,Dewar,30.522056,79.070028,Debris Slide NA
34440,UK/THE/53J10/2015/146,Uttarakhand,Tehri Garhwal,,30.522333,78.604417,Rock Slide NA
34441,UK/TEH/53J06/2015/899,Uttarakhand,Tehri Garhwal,Suwakholi-Chinyalisaur road,30.522603,78.285268,Rock cum Debris Fall 2008
34442,UK/TEH/53J10/2015/163,Uttarakhand,Tehri Garhwal,,30.522667,78.508028,Debris Slide NA
34443,UK/CHA/53N10/2013/0012,Uttarakhand,Chamoli,UK_CHA_SH_,12,1,km down stream of Suraithota. 30.523111 79.737306 Debris Fall 16th-17th June 2013
34444,UK/THE/53J10/2015/117,Uttarakhand,Tehri Garhwal,,30.523278,78.660861,Debris Slide NA
34445,UK/THE/53J10/2015/139,Uttarakhand,Tehri Garhwal,,30.523822,78.574306,Debris Slide NA
34446,UK/RUD/53N02/2015/564,Uttarakhand,Rudraprayag,,30.523833,79.091245,Debris Flow 2012
34447,UK/DEH/53F14/2015/568,Uttarakhand,Dehradun,Milgad -Nagthat -Barai,30.523896,77.97051,Debris Slide NA
34448,UK/THE/53J10/2015/151,Uttarakhand,Tehri Garhwal,,30.524111,78.554389,Rock Slide NA
34449,UK/DEH/53F14/2015/358,Uttarakhand,Dehradun,Kalsi -Baggi- Niste,30.524234,77.936031,Rock Fall NA
34450,UK/TEH/53J10/2015/168,Uttarakhand,Tehri Garhwal,,30.524528,78.507972,Debris Slide NA
34451,UK/THE/53J10/2015/137,Uttarakhand,Tehri Garhwal,,30.524778,78.566667,Debris Slide NA
34452,UK/RUD/53N02/2015/603,Uttarakhand,Rudraprayag,Chauri,30.525194,79.073194,Debris Flow NA
34453,UK/TEH/53J14/2015/318,Uttarakhand,Tehri Garhwal,,30.525417,78.789667,Rock Slide NA
34454,UK/THE/53J10/2015/141,Uttarakhand,Tehri Garhwal,,30.525583,78.604639,Rock Slide NA
34455,UK/TEH/53J14/2015/315,Uttarakhand,Tehri Garhwal,,30.525722,78.773806,Debris Slide NA
34456,UK/TEH/53J14/2015/317,Uttarakhand,Tehri Garhwal,,30.526167,78.785333,Debris Slide NA
34457,UK/CHA/53N10/2015/1260,Uttarakhand,Chamoli,NH-58,30.526194,79.508306,Debris Slide NA
34458,UK/TEH/53F14/2015/545,Uttarakhand,Tehri Garhwal,Nagthat - Milgad -Kandriyan,30.526194,77.990222,Rock Slide NA
34459,UK/DEH/53F14/2015/349,Uttarakhand,Dehradun,Kalsi -Baggi- Niste,30.526254,77.872589,Rock Slide NA
34460,UK/TEH/53J14/2015/310,Uttarakhand,Tehri Garhwal,,30.526333,78.760028,Debris Slide NA
34461,UK/TEH/53J14/2015/313,Uttarakhand,Tehri Garhwal,,30.526333,78.766528,Rock Slide NA
34462,UK/TEH/53J14/2015/316,Uttarakhand,Tehri Garhwal,,30.526444,78.783361,Debris Slide NA
34463,UK/TEH/53J14/2015/311,Uttarakhand,Tehri Garhwal,,30.526528,78.759833,Debris Slide 2013
34464,UK/DEH/53F14/2015/567,Uttarakhand,Dehradun,Milgad -Nagthat -Barai,30.526647,77.978877,Debris Slide NA
34465,UK/TEH/53J06/2015/888,Uttarakhand,Tehri Garhwal,"Lambgaon-Bhetla khal road, R/b of Jalkhur gad",30.526667,78.496667,Rock cum Debris Fall 2010
34466,UK/THE/53J10/2015/138,Uttarakhand,Tehri Garhwal,,30.526806,78.571878,Debris Slide NA
34467,UK/TEH/53J14/2015/314,Uttarakhand,Tehri Garhwal,,30.526972,78.767917,Rock Slide NA
34468,UK/DEH/53F14/2015/486,Uttarakhand,Dehradun,Koti- Kalsi,30.527111,77.827951,Debris Slide NA
34469,UK/UTT/53J06/2015/894,Uttarakhand,Uttarkashi,Near BSNL tower,30.527222,78.427778,Debris Slide 2010
34470,UK/UTT/53J06/2015/893,Uttarakhand,Uttarkashi,Jogath-Chinyalisaur road,30.528056,78.428333,Rock cum Debris Fall 2010
34471,UK/TEH/53J10/2015/166,Uttarakhand,Tehri Garhwal,,30.528167,78.543,Debris Slide NA
34472,UK/TEH/53J02/2015/1959,Uttarakhand,Tehri Garhwal,Bandarkot-Melgad RF road,30.528519,78.01819,Rock Slide NA
34473,UK/TEH/53J02/2015/1954,Uttarakhand,Tehri Garhwal,Thatyur-Kinsu road,30.52858,78.17136,Debris Slide 2013
34474,UK/CHA/53N10/2015/1264,Uttarakhand,Chamoli,PMSGY road,30.528583,79.504,Rock Fall NA
34475,UK/DEH/53F14/2015/348,Uttarakhand,Dehradun,Kalsi -Baggi- Niste,30.528867,77.870334,Rock Slide NA
34476,UK/DEH/53F14/2015/351,Uttarakhand,Dehradun,Kalsi -Baggi- Niste,30.528975,77.885328,Rock Fall NA
34477,UK/DEH/53F14/2015/350,Uttarakhand,Dehradun,Kalsi -Baggi- Niste,30.529047,77.887362,Rock Slide NA
34478,UK/THE/53J10/2015/133,Uttarakhand,Tehri Garhwal,,30.52925,78.640389,Rock Slide NA
34479,UK/THE/53J10/2015/144,Uttarakhand,Tehri Garhwal,,30.529306,78.600444,Debris Slide NA
34480,UK/RUD/53N02/2015/568,Uttarakhand,Rudraprayag,,30.529505,79.085957,Earth Slide 2012
34481,UK/DEH/53F14/2015/499,Uttarakhand,Dehradun,Singhori -Byasi-Kalsi,30.529809,77.860332,Debris Slide NA
34482,UK/THE/53J10/2015/136,Uttarakhand,Tehri Garhwal,,30.530028,78.570333,Debris Slide NA
34483,UK/CHA/53N10/2013/0022,Uttarakhand,Chamoli,UK_CHA_NH_,22,500,m upstream of Helang Bridge 30.530167 79.510417 Debris Slide 16th-17th June 2013
34484,UK/TEH/53J14/2015/312,Uttarakhand,Tehri Garhwal,,30.530278,78.762278,Debris Slide NA
34485,UK/CHA/53N10/2015/1258,Uttarakhand,Chamoli,NH-58,30.530322,79.510947,Debris Slide NA
34486,UK/DEH/53F14/2015/544,Uttarakhand,Dehradun,Nagthat - Milgad -Kandriyan,30.530525,77.973495,Debris Slide NA
34487,UK/TEH/53J14/2015/270,Uttarakhand,Tehri Garhwal,,30.530556,78.798611,Rock Slide NA
34488,UK/THE/53J10/2015/111,Uttarakhand,Tehri Garhwal,,30.530944,78.647056,Debris Slide NA
34489,UK/DEH/53F14/2015/354,Uttarakhand,Dehradun,Kalsi -Baggi- Niste,30.531332,77.912507,Debris Slide NA
34490,UK/CHA/53N10/2013/0021,Uttarakhand,Chamoli,UK_CHA_NH_,21,30.531333,79.513361 Debris Subsidence 16th-17th June 2013
34491,UK/TEH/53J14/2015/309,Uttarakhand,Tehri Garhwal,,30.531667,78.755361,Debris Slide NA
34492,UK/CHA/53N10/2013/0020,Uttarakhand,Chamoli,"UK_CHA_NH_ 020 BRO Chainage 468.300 km (On NH-58, d/s of TapovanVishnugad powerhouse)",30.531694,79.514278,Rock Slide 16th-17th June 2013
34493,UK/DEH/53F14/2015/543,Uttarakhand,Dehradun,Nagthat - Milgad -Kandriyan,30.531775,77.976824,Rock Slide NA
34494,UK/CHA/53N10/2015/1263,Uttarakhand,Chamoli,PMSGY road,30.531889,79.501917,Debris Slide NA
34495,UK/CHA/53N10/2015/1265,Uttarakhand,Chamoli,PMSGY road,30.531889,79.501917,Debris Slide NA
34496,UK/RUD/53N02/2015/602,Uttarakhand,Rudraprayag,Guptakashi,30.531963,79.083031,Debris Slide NA
34497,UK/THE/53J10/2015/110,Uttarakhand,Tehri Garhwal,,30.532194,78.649889,Debris Slide 2012
34498,UK/CHA/53N10/2015/1259,Uttarakhand,Chamoli,NH-58,30.53225,79.515528,Debris Slide NA
34499,UK/DEH/53F14/2015/346,Uttarakhand,Dehradun,Kalsi -Baggi- Niste,30.532781,77.852126,Rock Slide NA
34500,UK/RUD/53N02/2015/569,Uttarakhand,Rudraprayag,,30.532788,79.093129,Debris Slide 2012
34501,UK/TEH/53J14/2015/308,Uttarakhand,Tehri Garhwal,,30.532889,78.754028,Debris Slide 2015
34502,UK/TEH/53J14/2015/299,Uttarakhand,Tehri Garhwal,,30.532917,78.826944,Debris Slide NA
34503,UK/TEH/53J14/2015/307,Uttarakhand,Tehri Garhwal,,30.533028,78.751083,Debris Slide NA
34504,UK/TEH/53J14/2015/298,Uttarakhand,Tehri Garhwal,,30.533028,78.818111,Debris Slide NA
34505,UK/TEH/53J14/2015/295,Uttarakhand,Tehri Garhwal,,30.533361,78.790833,Debris Slide NA
34506,UK/DEH/53F14/2015/460,Uttarakhand,Dehradun,Saini - Chakrata- Korwa,30.533856,77.852101,Debris Slide NA
34507,UK/UTT/53J06/2015/895,Uttarakhand,Uttarkashi,L/b of river Bhagirathi,30.533919,78.359011,Rock cum Debris Slide 2008
34508,UK/TEH/53J14/2015/294,Uttarakhand,Tehri Garhwal,,30.533944,78.799444,Debris Slide NA
34509,UK/RUD/53N02/2015/587,Uttarakhand,Rudraprayag,,30.533971,79.099886,Debris Slide NA
34510,UK/DEH/53F14/2015/569,Uttarakhand,Dehradun,Milgad -Nagthat -Barai,30.534196,77.97748,Debris Slide NA
34511,UK/DEH/53F14/2015/353,Uttarakhand,Dehradun,Kalsi -Baggi- Niste,30.534286,77.90594,Debris Slide NA
34512,UK/TEH/53J06/2015/917,Uttarakhand,Tehri Garhwal,"Rishikesh-Gangotri road, L/b of Gair gad",30.534444,78.341667,Debris Fall 2008
34513,UK/RUD/53N02/2015/570,Uttarakhand,Rudraprayag,,30.534474,79.093865,Debris Slide NA
34514,UK/TEH/53J14/2015/296,Uttarakhand,Tehri Garhwal,,30.534639,78.807972,Debris Slide NA
34515,UK/THE/53J10/2015/143,Uttarakhand,Tehri Garhwal,,30.535381,78.626869,Rock Slide NA
34516,UK/TEH/53J14/2015/272,Uttarakhand,Tehri Garhwal,,30.53625,78.800556,Debris Slide NA
34517,UK/THE/53J10/2015/142,Uttarakhand,Tehri Garhwal,,30.53655,78.614972,Rock Slide NA
34518,UK/DEH/53F14/2015/541,Uttarakhand,Dehradun,Nagthat - Milgad -Kandriyan,30.536561,77.978817,Debris Slide NA
34519,UK/THE/53J10/2015/116,Uttarakhand,Tehri Garhwal,,30.537444,78.666389,Rock Slide NA
34520,UK/DEH/53F14/2015/498,Uttarakhand,Dehradun,Singhori -Byasi-Kalsi,30.537829,77.882622,Debris Slide NA
34521,UK/TEH/53J14/2015/290,Uttarakhand,Tehri Garhwal,,30.537833,78.78125,Debris Slide NA
34522,UK/TEH/53J14/2015/293,Uttarakhand,Tehri Garhwal,,30.538194,78.799417,Debris Slide NA
34523,UK/DEH/53F14/2015/570,Uttarakhand,Dehradun,Milgad -Nagthat -Barai,30.538451,77.962838,Debris Slide NA
34524,UK/TEH/53J14/2015/291,Uttarakhand,Tehri Garhwal,,30.538944,78.778,Debris Slide 2015
34525,UK/TEH/53J14/2015/292,Uttarakhand,Tehri Garhwal,,30.538944,78.797694,Debris Slide NA
34526,UK/DEH/53F14/2015/542,Uttarakhand,Dehradun,Nagthat - Milgad -Kandriyan,30.539016,77.962591,Debris Slide NA
34527,UK/TEH/53J14/2015/289,Uttarakhand,Tehri Garhwal,,30.539056,78.786111,Rock Slide NA
34528,UK/THE/53J10/2015/115,Uttarakhand,Tehri Garhwal,,30.539389,78.673056,Debris Slide NA
34529,UK/TEH/53J14/2015/297,Uttarakhand,Tehri Garhwal,,30.539389,78.790167,Debris Slide NA
34530,UK/TEH/53J14/2015/178,Uttarakhand,Tehri Garhwal,,30.539417,78.783639,Debris Slide NA
34531,UK/TEH/53J14/2015/287,Uttarakhand,Tehri Garhwal,,30.539528,78.791278,Debris Slide NA
34532,UK/DEH/53F14/2015/571,Uttarakhand,Dehradun,Milgad -Nagthat -Barai,30.539729,77.959973,Debris Slide NA
34533,UK/TEH/53J14/2015/288,Uttarakhand,Tehri Garhwal,,30.540278,78.79875,Debris Slide NA
34534,UK/DEH/53F14/2015/572,Uttarakhand,Dehradun,Milgad -Nagthat -Barai,30.540509,77.957312,Debris Slide NA
34535,UK/DEH/53F14/2015/585,Uttarakhand,Dehradun,Milgad -Nagthat -Barai,30.540963,77.960157,Debris Slide NA
34536,UK/THE/53J10/2015/135,Uttarakhand,Tehri Garhwal,,30.540972,78.567083,Debris Slide NA
34537,UK/DEH/53F14/2015/586,Uttarakhand,Dehradun,Milgad -Nagthat -Barai,30.541068,77.959146,Debris Slide NA
34538,UK/TEH/53J14/2015/286,Uttarakhand,Tehri Garhwal,,30.541167,78.793444,Debris Slide NA
34539,UK/TEH/53J14/2015/300,Uttarakhand,Tehri Garhwal,,30.541417,78.839861,Debris Slide NA
34540,UK/TEH/53J02/2015/1943,Uttarakhand,Tehri Garhwal,Sigunisera-Jaidwar Malla,30.541467,78.029712,Rock Slide NA
34541,UK/TEH/53J14/2015/179,Uttarakhand,Tehri Garhwal,,30.541611,78.799611,Debris Slide NA
34542,UK/DEH/53F14/2015/352,Uttarakhand,Dehradun,Kalsi -Baggi- Niste,30.54164,77.90202,Rock Slide NA
34543,UK/TEH/53J06/2015/887,Uttarakhand,Tehri Garhwal,"Lambgaon-Kandiyalgaon road, R/b of Jalkhur gad",30.541667,78.489722,Rock cum Debris Fall 2010
34544,UK/TEH/53J14/2015/284,Uttarakhand,Tehri Garhwal,,30.541778,78.79475,Rock Slide NA
34545,UK/TEH/53J14/2015/285,Uttarakhand,Tehri Garhwal,,30.541806,78.793833,Rock Slide NA
34546,UK/DEH/53F14/2015/574,Uttarakhand,Dehradun,Milgad -Nagthat -Barai,30.541874,77.960068,Debris Slide NA
34547,UK/DEH/53F14/2015/573,Uttarakhand,Dehradun,Milgad -Nagthat -Barai,30.541912,77.953523,Debris Slide NA
34548,UK/TEH/53J14/2015/282,Uttarakhand,Tehri Garhwal,,30.542111,78.795611,Rock Slide NA
34549,UK/TEH/53J14/2015/283,Uttarakhand,Tehri Garhwal,,30.542311,78.795592,Rock Slide NA
34550,UK/THE/53J10/2015/104,Uttarakhand,Tehri Garhwal,,30.542417,78.657472,Debris Slide 2013
34551,UK/TEH/53J14/2015/281,Uttarakhand,Tehri Garhwal,,30.5425,78.795917,Debris Slide NA
34552,UK/DEH/53F14/2015/485,Uttarakhand,Dehradun,Koti- Kalsi,30.542917,77.823229,Debris Slide NA
34553,UK/DEH/53F14/2015/575,Uttarakhand,Dehradun,Milgad -Nagthat -Barai,30.542962,77.955395,Debris Slide NA
34554,UK/THE/53J10/2015/114,Uttarakhand,Tehri Garhwal,,30.543583,78.670917,Debris Slide NA
34555,UK/TEH/53J14/2015/280,Uttarakhand,Tehri Garhwal,,30.543917,78.799639,Rock Slide NA
34556,UK/TEH/53J14/2015/273,Uttarakhand,Tehri Garhwal,,30.544444,78.802111,Rock Slide NA
34557,UK/TEH/53J14/2015/274,Uttarakhand,Tehri Garhwal,,30.544444,78.808333,Debris Slide NA
34558,UK/TEH/53J14/2015/277,Uttarakhand,Tehri Garhwal,,30.544806,78.801667,Debris Slide NA
34559,UK/TEH/53J14/2015/262,Uttarakhand,Tehri Garhwal,,30.54485,78.807319,Debris Slide NA
34560,UK/TEH/53J14/2015/271,Uttarakhand,Tehri Garhwal,,30.544861,78.802306,Debris Slide NA
34561,UK/TEH/53J14/2015/263,Uttarakhand,Tehri Garhwal,,30.544886,78.812514,Debris Slide NA
34562,UK/TEH/53J14/2015/279,Uttarakhand,Tehri Garhwal,,30.545028,78.801222,Debris Slide NA
34563,UK/THE/53J10/2015/109,Uttarakhand,Tehri Garhwal,,30.54575,78.649278,Debris Slide NA
34564,UK/TEH/53J14/2015/301,Uttarakhand,Tehri Garhwal,,30.545778,78.848833,Debris Slide NA
34565,UK/UTT/53J10/2015/162,Uttarakhand,Uttarkashi,,30.546,78.500667,Debris Slide NA
34566,UK/THE/53J10/2015/145,Uttarakhand,Tehri Garhwal,,30.546111,78.594167,Debris Slide NA
34567,UK/TEH/53J14/2015/278,Uttarakhand,Tehri Garhwal,,30.546222,78.802056,Debris Slide NA
34568,UK/TEH/53J14/2015/259,Uttarakhand,Tehri Garhwal,,30.546792,78.807972,Debris Slide NA
34569,UK/TEH/53J14/2015/261,Uttarakhand,Tehri Garhwal,,30.546808,78.808439,Debris Slide NA
34570,UK/TEH/53J14/2015/275,Uttarakhand,Tehri Garhwal,,30.547222,78.806944,Debris Slide NA
34571,UK/RUD/53J14/2015/193,Uttarakhand,Tehri Garhwal,,30.547333,78.804861,Rock Slide NA
34572,UK/TEH/53J14/2015/260,Uttarakhand,Tehri Garhwal,,30.547806,78.802222,Debris Slide NA
34573,UK/RUD/53N02/2015/595,Uttarakhand,Rudraprayag,,30.548082,79.128272,Rock Slide NA
34574,UK/TEH/53J14/2015/302,Uttarakhand,Tehri Garhwal,,30.548639,78.853639,Debris Slide 2015
34575,UK/TEH/53J14/2015/276,Uttarakhand,Tehri Garhwal,,30.548722,78.812361,Debris Slide NA
34576,UK/DEH/53F14/2015/497,Uttarakhand,Dehradun,Singhori -Byasi-Kalsi,30.549415,77.879164,Debris Slide NA
34577,UK/TEH/53J14/2015/303,Uttarakhand,Tehri Garhwal,,30.549917,78.853806,Debris Slide NA
34578,UK/PIT/53N14/2020/1,Uttarakhand,Pithoragarh,Joshimath-Panwarsa-Jelam,30.55,79.76,Debris Slide 2019
34579,UK/DEH/53F14/2015/483,Uttarakhand,Dehradun,Koti- Kalsi,30.551057,77.823963,Debris Slide NA
34580,UK/DEH/53F14/2015/539,Uttarakhand,Dehradun,Nagthat - Milgad -Kandriyan,30.5511,77.980476,Debris Slide NA
34581,UK/DEH/53F14/2015/577,Uttarakhand,Dehradun,Milgad -Nagthat -Barai,30.552081,77.952776,Debris Slide NA
34582,UK/TEH/53J14/2015/258,Uttarakhand,Tehri Garhwal,,30.552525,78.805258,Rock Slide 2014
34583,UK/TEH/53J06/2015/913,Uttarakhand,Tehri Garhwal,"Rishikesh-Gangotri road, L/b of Nagun gad",30.552681,78.320247,Debris Fall 2007
34584,UK/DEH/53F14/2015/540,Uttarakhand,Dehradun,Nagthat - Milgad -Kandriyan,30.55278,77.963583,Debris Slide NA
34585,UK/DEH/53F14/2015/459,Uttarakhand,Dehradun,Saini - Chakrata- Korwa,30.552958,77.848486,Debris Slide NA
34586,UK/TEH/53J14/2015/255,Uttarakhand,Tehri Garhwal,,30.553189,78.805883,Debris Slide NA
34587,UK/DEH/53F14/2015/576,Uttarakhand,Dehradun,Milgad -Nagthat -Barai,30.553255,77.964705,Debris Slide NA
34588,UK/TEH/53J06/2015/912,Uttarakhand,Tehri Garhwal,At Junction of Nagun gad with Chamar gad,30.553611,78.308333,Debris Fall 2010
34589,UK/UTT/53J10/2015/161,Uttarakhand,Uttarkashi,,30.554194,78.500944,Debris Slide NA
34590,UK/DEH/53F14/2015/458,Uttarakhand,Dehradun,Saini - Chakrata- Korwa,30.554383,77.856059,Debris Slide NA
34591,UK/TEH/53J14/2015/257,Uttarakhand,Tehri Garhwal,,30.554444,78.804694,Debris Slide NA
34592,UK/TEH/53J14/2015/250,Uttarakhand,Tehri Garhwal,,30.554494,78.807772,Debris Slide NA
34593,UK/TEH/53J14/2015/304,Uttarakhand,Tehri Garhwal,,30.555,78.8605,Debris Slide NA
34594,UK/TEH/53J14/2015/249,Uttarakhand,Tehri Garhwal,,30.555064,78.809281,Debris Slide NA
34595,UK/TEH/53F14/2015/537,Uttarakhand,Tehri Garhwal,Chillori,30.555444,77.992722,Rock Slide NA
34596,UK/TEH/53J14/2015/253,Uttarakhand,Tehri Garhwal,,30.555642,78.80765,Debris Slide NA
34597,UK/TEH/53J14/2015/256,Uttarakhand,Tehri Garhwal,,30.55575,78.805028,Debris Slide NA
34598,UK/TEH/53J14/2015/254,Uttarakhand,Tehri Garhwal,,30.556222,78.80525,Rock Slide NA
34599,UK/RUD/53N02/2015/571,Uttarakhand,Rudraprayag,Kunjethi,30.556275,79.085442,Rock cum Debris Slide 2013
34600,UK/DEH/53F14/2015/457,Uttarakhand,Dehradun,Saini - Chakrata- Korwa,30.557673,77.847398,Debris Slide NA
34601,UK/TEH/53J14/2015/252,Uttarakhand,Tehri Garhwal,,30.558306,78.807889,Rock Slide NA
34602,UK/DEH/53F14/2015/580,Uttarakhand,Dehradun,Milgad -Nagthat -Barai,30.558833,77.961181,Debris Slide NA
34603,UK/TEH/53J14/2015/251,Uttarakhand,Tehri Garhwal,,30.559056,78.808222,Rock Slide NA
34604,UK/THE/53J10/2015/105,Uttarakhand,Tehri Garhwal,,30.559472,78.663889,Rock Slide NA
34605,UK/TEH/53J14/2015/248,Uttarakhand,Tehri Garhwal,,30.559917,78.808667,Rock Slide NA
34606,UK/PIT/53N14/2020/2,Uttarakhand,Pithoragarh,Joshimath-Panwarsa-Jelam,30.56,79.76,Debris Slide 2019
34607,UK/PIT/53N14/2020/3,Uttarakhand,Pithoragarh,Joshimath-Panwarsa-Jelam,30.56,79.76,Rock Slide 2019
34608,UK/TEH/53J02/2015/1919,Uttarakhand,Tehri Garhwal,Koisi-Nainbag road,30.560721,78.009493,Debris Slide NA
34609,UK/DEH/53F14/2015/480,Uttarakhand,Dehradun,Koti- Kalsi,30.560976,77.818446,Debris Slide NA
34610,UK/THE/53J10/2015/106,Uttarakhand,Tehri Garhwal,,30.561278,78.641194,Debris Slide NA
34611,UK/DEH/53F14/2015/488,Uttarakhand,Dehradun,Koti- Kalsi,30.561465,77.836875,Debris Slide NA
34612,UK/TEH/53J14/2015/306,Uttarakhand,Rudraprayag,,30.561556,78.865333,Debris Slide NA
34613,UK/DEH/53F14/2015/479,Uttarakhand,Dehradun,Koti- Kalsi,30.561648,77.816104,Rock Slide NA
34614,UK/DEH/53F14/2015/455,Uttarakhand,Dehradun,Saini - Chakrata- Korwa,30.562014,77.846073,Debris Slide NA
34615,UK/DEH/53F14/2015/453,Uttarakhand,Dehradun,Saini - Chakrata- Korwa,30.562296,77.861264,Debris Slide NA
34616,UK/CHA/53N10/2015/1257,Uttarakhand,Chamoli,NH-58,30.562297,79.570742,Debris Slide NA
34617,UK/THE/53J10/2015/103,Uttarakhand,Tehri Garhwal,,30.562447,78.659664,Debris Slide NA
34618,UK/DEH/53F14/2015/496,Uttarakhand,Dehradun,Singhori -Byasi-Kalsi,30.562457,77.887456,Debris Slide NA
34619,UK/RUD/53N02/2013/0055,Uttarakhand,Rudraprayag,"UK/RUD/Byung/07 NH-109, Byung Village",30.5625,79.0616,Rock Fall 16th-17th June 2013
34620,UK/DEH/53F14/2015/579,Uttarakhand,Dehradun,Milgad -Nagthat -Barai,30.562667,77.951363,Debris Slide NA
34621,UK/DEH/53F14/2015/484,Uttarakhand,Dehradun,Koti- Kalsi,30.562771,77.814976,Debris Slide NA
34622,UK/DEH/53F14/2015/487,Uttarakhand,Dehradun,Koti- Kalsi,30.563131,77.834797,Debris Flow NA
34623,UK/DEH/53F14/2015/481,Uttarakhand,Dehradun,Koti- Kalsi,30.56335,77.810301,Debris Slide NA
34624,UK/CHA/53N10/2016/01,Uttarakhand,Chamoli,Hathi Parvat,30.56344,79.56908,Rock Slide 2014
34625,UK_CHAM_NH_01,Uttarakhand,Chamoli,"Hathi Parvat Slide NH-58, About 1km upstream of Marwari bridge on Alaknanda River",30.563444,79.568889,Rock Slide 2014
34626,UK/DEH/53F14/2015/456,Uttarakhand,Dehradun,Saini - Chakrata- Korwa,30.563789,77.845259,Debris Slide NA
34627,UK/UTT/53J10/2015/160,Uttarakhand,Uttarkashi,,30.564083,78.500639,Debris Slide NA
34628,UK/DEH/53F14/2015/478,Uttarakhand,Dehradun,Koti- Kalsi,30.564669,77.771968,Debris Slide NA
34629,UK/CHA/53N10/2013/0010,Uttarakhand,Chamoli,UK_CHA_NH_ 010 RD 490 km stone,30.564722,79.560444,Debris Slide 16th-17th June 2013
34630,UK/DEH/53F14/2015/482,Uttarakhand,Dehradun,Koti- Kalsi,30.564775,77.806857,Debris Slide NA
34631,UK/THE/53J10/2015/102,Uttarakhand,Tehri Garhwal,,30.564806,78.662194,Debris Slide NA
34632,UK/RUD/53N02/2015/586,Uttarakhand,Rudraprayag,,30.565222,79.129417,Rock Slide NA
34633,UK/RUD/53N02/2015/560,Uttarakhand,Rudraprayag,Maikhada,30.565242,79.061893,Rock Slide NA
34634,UK/DEH/53F14/2015/452,Uttarakhand,Dehradun,Saini - Chakrata- Korwa,30.565345,77.862475,Debris Slide NA
34635,UK/DEH/53F14/2015/454,Uttarakhand,Dehradun,Saini - Chakrata- Korwa,30.565674,77.850753,Debris Slide NA
34636,UK/RUD/53N02/2013/0056,Uttarakhand,Rudraprayag,"UK/RUD/Byung/08 NH-109, Byung Village",30.5658,79.0847,Rock cum Debris Slide 16th-17th June 2013
34637,UK/UTT/53J06/2013/0034,Uttarakhand,Uttarkashi,"UK_UTT_NH134_L34 NH-134, Pipalmandi slide",30.5658,78.325,Debris Flow 16th-17th June 2013
34638,UK/RUD/53N02/2015/572,Uttarakhand,Rudraprayag,,30.565801,79.084429,Debris Slide 2012
34639,UK/DEH/53F14/2015/538,Uttarakhand,Dehradun,Nagthat - Milgad -Kandriyan,30.565889,77.982932,Debris Slide NA
34640,UK/TEH/53J06/2015/911,Uttarakhand,Tehri Garhwal,"R/b of Nagun gad , Nagun-Kyari road",30.565907,78.295501,Rock cum Debris Fall 2007
34641,UK/TEH/53J14/2015/245,Uttarakhand,Tehri Garhwal,,30.566792,78.815217,Rock Slide NA
34642,UK/RUD/53N02/2015/573,Uttarakhand,Rudraprayag,,30.566833,79.081778,Debris Slide 2013
34643,UK/TEH/53J14/2015/247,Uttarakhand,Tehri Garhwal,,30.566889,78.811333,Debris Slide NA
34644,UK/DEH/53F14/2015/578,Uttarakhand,Dehradun,Milgad -Nagthat -Barai,30.566952,77.952718,Debris Slide NA
34645,UK/TEH/53J14/2015/246,Uttarakhand,Tehri Garhwal,,30.567556,78.811444,Rock Slide NA
34646,UK/DEH/53F14/2015/584,Uttarakhand,Dehradun,Milgad -Nagthat -Barai,30.567751,77.984627,Debris Slide NA
34647,UK/TEH/53J14/2015/243,Uttarakhand,Tehri Garhwal,,30.568,78.814417,Debris Slide 2013
34648,UK/TEH/53J14/2015/244,Uttarakhand,Tehri Garhwal,,30.568161,78.815719,Debris Slide NA
34649,UK/DEH/53F14/2015/583,Uttarakhand,Dehradun,Milgad -Nagthat -Barai,30.568238,77.98746,Rock Slide NA
34650,UK/TEH/53J02/2015/1964,Uttarakhand,Tehri Garhwal,Datka-Dharj road,30.568533,78.022844,Rock cum Debris Slide NA
34651,UK/RUD/53N02/2015/584,Uttarakhand,Rudraprayag,,30.568586,79.121086,Debris Slide NA
34652,UK/UTT/53J10/2015/159,Uttarakhand,Uttarkashi,,30.568861,78.500778,Debris Slide NA
34653,UK/TEH/53J02/2015/1965,Uttarakhand,Tehri Garhwal,Thatyur-Basndasari road,30.569572,78.025459,Rock cum Debris Slide NA
34654,UK/TEH/53J14/2015/242,Uttarakhand,Tehri Garhwal,,30.569653,78.8156,Debris Slide NA
34655,UK/DEH/53F14/2015/582,Uttarakhand,Dehradun,Milgad -Nagthat -Barai,30.570028,77.991389,Debris Slide NA
34656,UK/RUD/53N02/2015/585,Uttarakhand,Rudraprayag,Chajji,30.570134,79.12356,Debris Slide NA
34657,UK/TEH/53J02/2015/1930,Uttarakhand,Tehri Garhwal,Koisi-Nainbag road,30.570567,78.012894,Rock Slide NA
34658,UK/TEH/53J14/2015/305,Uttarakhand,Tehri Garhwal,,30.570583,78.868306,Debris Slide NA 34659 Uttarakhand/Chamoli/53N10/2 021/01 Uttarakhand Chamoli N/A N/A 30.571023 79.561066 Rock Falls 2017
34660,UK/TEH/53J14/2015/241,Uttarakhand,Tehri Garhwal,,30.571078,78.818497,Debris Slide NA
34661,UK/TEH/53J14/2015/240,Uttarakhand,Tehri Garhwal,,30.571167,78.81775,Debris Slide 2013
34662,UK/DEH/53F14/2015/581,Uttarakhand,Dehradun,Milgad -Nagthat -Barai,30.571242,77.990621,Debris Slide NA
34663,UK/THE/53J10/2015/101,Uttarakhand,Tehri Garhwal,,30.571361,78.660833,Debris Slide NA
34664,UK/TEH/53J14/2015/239,Uttarakhand,Tehri Garhwal,,30.571861,78.818111,Debris Slide NA
34665,UK/DEH/53J02/2015/1967,Uttarakhand,Dehradun,Nainbag-Damta road,30.571986,78.000758,Rock cum Debris Slide NA
34666,UK/RUD/53N02/2015/574,Uttarakhand,Rudraprayag,Kobilta,30.572806,79.080972,Debris Slide 2013
34667,UK/DEH/53F14/2015/451,Uttarakhand,Dehradun,Saini - Chakrata- Korwa,30.572939,77.865479,Debris Slide NA
34668,UK/RUD/53N02/2015/583,Uttarakhand,Rudraprayag,,30.573412,79.123107,Debris Slide NA
34669,UK/TEH/53J02/2015/1966,Uttarakhand,Tehri Garhwal,Thatyur-Basndasari road,30.573444,78.068917,Rock cum Debris Slide NA
34670,UK/RUD/53N02/2015/582,Uttarakhand,Rudraprayag,,30.573464,79.12448,Debris Slide NA
34671,UK/RUD/53N02/2015/581,Uttarakhand,Rudraprayag,,30.5735,79.122222,Debris Slide NA
34672,UK/DEH/53F14/2015/494,Uttarakhand,Dehradun,Singhori -Byasi-Kalsi,30.573639,77.926694,Debris Slide NA
34673,UK/DEH/53F14/2015/450,Uttarakhand,Dehradun,Saini - Chakrata- Korwa,30.573747,77.866683,Debris Slide NA
34674,UK/TEH/53J02/2015/1968,Uttarakhand,Tehri Garhwal,Maror-Munog road,30.573886,78.027485,Rock cum Debris Slide NA
34675,UK/THE/53J10/2015/107,Uttarakhand,Tehri Garhwal,,30.573889,78.658389,Debris Slide NA
34676,UK/RUD/53N02/2015/559,Uttarakhand,Rudraprayag,NH-109,30.57425,79.051139,Debris Slide 2013
34677,UK/RUD/53N02/2013/0054,Uttarakhand,Rudraprayag,"UK/RUD/Maikhanda/06 NH-109, Maikhanda Village",30.5744,79.2816,Debris Spread 16th-17th June 2013
34678,UK/THE/53J10/2015/108,Uttarakhand,Tehri Garhwal,,30.574528,78.643111,Debris Slide NA
34679,UK/DEH/53F14/2015/489,Uttarakhand,Dehradun,Koti- Kalsi,30.575167,77.963861,Debris Slide NA
34680,UK/TEH/53J14/2015/238,Uttarakhand,Tehri Garhwal,,30.575492,78.822919,Debris Slide NA
34681,UK/TEH/53J14/2015/237,Uttarakhand,Tehri Garhwal,,30.575833,78.821639,Debris Slide NA
34682,UK/TEH/53J14/2015/236,Uttarakhand,Tehri Garhwal,,30.57585,78.822878,Debris Slide NA
34683,UK/DEH/53F14/2015/493,Uttarakhand,Dehradun,Singhori -Byasi-Kalsi,30.57625,77.932694,Debris Slide NA
34684,UK/THE/53J10/2015/31,Uttarakhand,Tehri Garhwal,,30.577222,78.638111,Debris Slide NA
34685,UK/TEH/53J14/2015/235,Uttarakhand,Tehri Garhwal,,30.577639,78.821222,Rock Slide NA
34686,UK/THE/53J10/2015/86,Uttarakhand,Tehri Garhwal,,30.577639,78.646389,Debris Slide NA
34687,UK/TEH/53J02/2015/1948,Uttarakhand,Tehri Garhwal,Nainbag-Miyani-Patthar Khol road,30.578306,78.242694,Rock Slide NA
34688,UK/RUD/53N02/2015/558,Uttarakhand,Rudraprayag,NH-109,30.578854,79.047255,Rock Slide 2013
34689,UK/DEH/53J02/2015/1920,Uttarakhand,Dehradun,Koisi-Nainbag road,30.578967,78.006488,Rock Slide NA
34690,UK/DEH/53F14/2015/492,Uttarakhand,Dehradun,Singhori -Byasi-Kalsi,30.579369,77.937831,Debris Slide NA
34691,UK/TEH/53J14/2015/234,Uttarakhand,Tehri Garhwal,,30.579611,78.821222,Rock Slide NA
34692,UK/THE/53J10/2015/30,Uttarakhand,Tehri Garhwal,,30.579889,78.633833,Rock Slide NA
34693,UK/TEH/53J14/2015/233,Uttarakhand,Tehri Garhwal,,30.580028,78.821111,Debris Slide NA
34694,UK/TEH/53J14/2015/232,Uttarakhand,Tehri Garhwal,,30.580278,78.821056,Debris Slide NA
34695,UK/DEH/53F14/2015/490,Uttarakhand,Dehradun,Singhori -Byasi-Kalsi,30.580361,77.943139,Debris Slide NA
34696,UK/TEH/53J14/2015/230,Uttarakhand,Tehri Garhwal,,30.580639,78.821194,Rock Slide NA
34697,UK/THE/53J10/2015/100,Uttarakhand,Tehri Garhwal,,30.580639,78.671194,Debris Slide NA
34698,UK/TEH/53J14/2015/231,Uttarakhand,Tehri Garhwal,,30.580697,78.824061,Debris Slide NA
34699,UK/THE/53J10/2015/29,Uttarakhand,Tehri Garhwal,,30.580972,78.628833,Debris Slide NA
34700,UK/THE/53J10/2015/62,Uttarakhand,Tehri Garhwal,,30.581528,78.652444,Rock Slide NA
34701,UK/THE/53J10/2015/61,Uttarakhand,Tehri Garhwal,,30.581806,78.653111,Rock Slide NA
34702,UK/THE/53J10/2015/60,Uttarakhand,Tehri Garhwal,,30.581861,78.658667,Rock Slide NA
34703,UK/DEH/53F14/2015/448,Uttarakhand,Dehradun,Saini - Chakrata- Korwa,30.582076,77.873983,Debris Slide NA
34704,UK/TEH/53J14/2015/229,Uttarakhand,Tehri Garhwal,,30.582111,78.821056,Rock Slide NA
34705,UK/UTT/53J06/2013/0035,Uttarakhand,Uttarkashi,"UK_UTT_NH134_L35 NH-134, Chinyalisaur slide",30.5822,78.3263,Debris Slide 16th-17th June 2013
34706,UK/DEH/53J02/2015/1921,Uttarakhand,Dehradun,Koisi-Nainbag road,30.582242,78.011497,Debris Slide NA
34707,UK/THE/53J10/2015/63,Uttarakhand,Tehri Garhwal,,30.5825,78.650028,Debris Slide NA
34708,UK/TEH/53J14/2015/228,Uttarakhand,Tehri Garhwal,,30.582583,78.820583,Debris Slide NA
34709,UK/TEH/53J14/2015/226,Uttarakhand,Tehri Garhwal,,30.58275,78.821,Rock Slide 2010
34710,UK/DEH/53F14/2015/491,Uttarakhand,Dehradun,Singhori -Byasi-Kalsi,30.582811,77.941974,Debris Slide NA
34711,UK/TEH/53J14/2015/227,Uttarakhand,Tehri Garhwal,,30.582864,78.823939,Rock Slide NA
34712,UK/UTT/53J06/2015/896,Uttarakhand,Uttarkashi,L/b of river Bhagirathi,30.583056,78.335278,Rock cum Debris Slide 2010
34713,UK/TEH/53J02/2015/1931,Uttarakhand,Tehri Garhwal,Nainbag-Miyani road,30.583177,78.058055,Rock Slide NA
34714,UK/THE/53J10/2015/59,Uttarakhand,Tehri Garhwal,,30.5835,78.662667,Debris Slide NA
34715,UK/DEH/53F14/2015/449,Uttarakhand,Dehradun,Saini - Chakrata- Korwa,30.583948,77.872574,Debris Slide NA
34716,UK/RUD/53N02/2015/580,Uttarakhand,Rudraprayag,Ransi,30.584129,79.140576,Debris Slide 2013
34717,UK/THE/53J10/2015/28,Uttarakhand,Tehri Garhwal,,30.58425,78.625583,Rock Slide NA
34718,UK/UTT/53J10/2015/158,Uttarakhand,Uttarkashi,,30.584361,78.505167,Debris Slide NA
34719,UK/TEH/53J14/2015/225,Uttarakhand,Tehri Garhwal,,30.584444,78.8205,Debris Slide NA
34720,UK/TEH/53J14/2015/219,Uttarakhand,Tehri Garhwal,,30.584983,78.826139,Debris Slide NA
34721,UK/TEH/53J14/2015/223,Uttarakhand,Tehri Garhwal,,30.584992,78.826139,Debris Slide NA
34722,UK/DEH/53F14/2015/447,Uttarakhand,Dehradun,Saini - Chakrata- Korwa,30.585275,77.875858,Debris Slide NA
34723,UK/THE/53J10/2015/65,Uttarakhand,Tehri Garhwal,,30.585528,78.6445,Rock Slide NA
34724,UK/TEH/53J14/2015/224,Uttarakhand,Tehri Garhwal,,30.585694,78.823389,Rock Slide NA
34725,UK/TEH/53J02/2015/1939,Uttarakhand,Tehri Garhwal,Nainbag-Miyani road,30.585807,78.063763,Rock Slide NA
34726,UK/TEH/53J14/2015/222,Uttarakhand,Tehri Garhwal,,30.585833,78.823861,Rock Slide NA
34727,UK/TEH/53J14/2015/218,Uttarakhand,Tehri Garhwal,,30.586361,78.827578,Debris Slide NA
34728,UK/TEH/53J14/2015/221,Uttarakhand,Tehri Garhwal,,30.586889,78.825278,Rock Slide NA
34729,UK/THE/53J10/2015/64,Uttarakhand,Tehri Garhwal,,30.586944,78.647417,Debris Slide NA
34730,UK/TEH/53J14/2015/220,Uttarakhand,Tehri Garhwal,,30.587028,78.825222,Debris Slide NA
34731,UK/THE/53J10/2015/27,Uttarakhand,Tehri Garhwal,,30.587167,78.623611,Debris Slide NA
34732,UK/RUD/53N02/2015/588,Uttarakhand,Rudraprayag,Ransi,30.587472,79.142444,Debris Slide 2013
34733,UK/TEH/53J14/2015/217,Uttarakhand,Tehri Garhwal,,30.587917,78.825694,Debris Slide NA
34734,UK/TEH/53J02/2015/1938,Uttarakhand,Tehri Garhwal,Nainbag-Miyani road,30.588346,78.058635,Rock Slide NA
34735,UK/THE/53J10/2015/67,Uttarakhand,Tehri Garhwal,,30.588528,78.64725,Rock Slide NA
34736,UK/THE/53J10/2015/99,Uttarakhand,Tehri Garhwal,,30.588611,78.682083,Rock Slide NA
34737,UK/THE/53J10/2015/66,Uttarakhand,Tehri Garhwal,,30.588689,78.645417,Rock Slide NA
34738,UK/DEH/53F14/2015/446,Uttarakhand,Dehradun,Saini - Chakrata- Korwa,30.588739,77.877553,Debris Slide NA
34739,UK/CHA/53N03/2013/0002,Uttarakhand,Chamoli,UK_CHA_NH_ 002 (Kamera slide) 3 km downstream of Gaucher township.,30.5895,79.968889,Rock cum Debris Slide 2013
34740,UK/TEH/53J14/2015/213,Uttarakhand,Tehri Garhwal,,30.5895,78.823361,Debris Slide NA
34741,UK/THE/53J10/2015/6,Uttarakhand,Tehri Garhwal,,30.589639,78.620889,Rock Slide 2015
34742,UK/RUD/53N02/2015/557,Uttarakhand,Rudraprayag,NH-109,30.58972,79.030427,Rock Slide 2013
34743,UK/THE/53J10/2015/57,Uttarakhand,Tehri Garhwal,,30.590333,78.678111,Debris Slide NA
34744,UK/THE/53J10/2015/4,Uttarakhand,Tehri Garhwal,,30.590472,78.620278,Rock Slide 2015
34745,UK/THE/53J10/2015/3,Uttarakhand,Tehri Garhwal,,30.590556,78.619472,Rock Slide 2015
34746,UK/THE/53J10/2015/5,Uttarakhand,Tehri Garhwal,,30.590556,78.620972,Debris Slide 2015
34747,UK/THE/53J10/2015/84,Uttarakhand,Tehri Garhwal,,30.590611,78.646778,Rock Slide NA
34748,UK/TEH/53J14/2015/216,Uttarakhand,Tehri Garhwal,,30.590694,78.82325,Debris Slide NA
34749,UK/DEH/53F14/2015/477,Uttarakhand,Dehradun,Koti- Kalsi,30.590869,77.750666,Debris Slide NA
34750,UK/THE/53J10/2015/56,Uttarakhand,Tehri Garhwal,,30.590889,78.681389,Debris Slide NA
34751,UK/THE/53J10/2015/58,Uttarakhand,Tehri Garhwal,,30.591,78.676333,Rock Slide 2010
34752,UK/THE/53J10/2015/85,Uttarakhand,Tehri Garhwal,,30.591667,78.646833,Rock Slide NA
34753,UK/THE/53J10/2015/81,Uttarakhand,Tehri Garhwal,,30.591806,78.641806,Rock Slide 2012
34754,UK/RUD/53N02/2015/589,Uttarakhand,Rudraprayag,,30.591829,79.143327,Debris Slide NA
34755,UK/THE/53J10/2015/26,Uttarakhand,Tehri Garhwal,,30.591861,78.617056,Debris Slide NA
34756,UK/DEH/53F14/2015/495,Uttarakhand,Dehradun,Singhori -Byasi-Kalsi,30.592054,77.89029,Debris Slide NA
34757,UK/DEH/53J02/2015/1922,Uttarakhand,Dehradun,Koisi-Nainbag road,30.592263,78.006828,Rock cum Debris Slide NA
34758,UK/TEH/53J14/2015/215,Uttarakhand,Tehri Garhwal,,30.592583,78.821817,Debris Slide NA
34759,UK/THE/53J10/2015/83,Uttarakhand,Tehri Garhwal,,30.592583,78.646889,Debris Slide 2013
34760,UK/THE/53J10/2015/38,Uttarakhand,Tehri Garhwal,,30.592667,78.679889,Debris Slide NA
34761,UK/TEH/53J14/2015/214,Uttarakhand,Tehri Garhwal,,30.592847,78.825706,Debris Slide NA
34762,UK/DEH/53F14/2015/476,Uttarakhand,Dehradun,Koti- Kalsi,30.593017,77.764961,Debris Slide NA
34763,UK/THE/53J10/2015/82,Uttarakhand,Tehri Garhwal,,30.593417,78.643472,Debris Slide 2012
34764,UK/THE/53J10/2015/97,Uttarakhand,Tehri Garhwal,,30.593611,78.691278,Debris Slide NA
34765,UK/THE/53J10/2015/25,Uttarakhand,Tehri Garhwal,,30.593611,78.613417,Debris Slide NA
34766,UK/TEH/53J02/2015/1960,Uttarakhand,Tehri Garhwal,Nainbag-Damta road,30.593616,78.022341,Rock Slide NA
34767,UK/THE/53J10/2015/98,Uttarakhand,Tehri Garhwal,,30.593831,78.689708,Rock Slide NA
34768,UK/THE/53J10/2015/1,Uttarakhand,Tehri Garhwal,Ghuttu-Niwalgaon,30.593833,78.613528,Debris Slide 2015
34769,UK/THE/53J10/2015/2,Uttarakhand,Tehri Garhwal,Niwalgaon-Marwari,30.593917,78.613444,Rock Slide 2015
34770,UK/TEH/53J02/2015/1935,Uttarakhand,Tehri Garhwal,Nainbag-Miyani road,30.593952,78.063307,Rock Slide NA
34771,UK/THE/53J10/2015/34,Uttarakhand,Tehri Garhwal,,30.594056,78.685333,Rock Slide NA
34772,UK/THE/53J10/2015/21,Uttarakhand,Tehri Garhwal,,30.594083,78.614167,Debris Slide NA
34773,UK/TEH/53J02/2015/1936,Uttarakhand,Tehri Garhwal,Nainbag-Miyani road,30.594167,78.045611,Rock Slide NA
34774,UK/THE/53J10/2015/24,Uttarakhand,Tehri Garhwal,,30.594444,78.613833,Debris Flow NA
34775,UK/THE/53J10/2015/35,Uttarakhand,Tehri Garhwal,,30.5945,78.685222,Debris Slide NA
34776,UK/THE/53J10/2015/96,Uttarakhand,Tehri Garhwal,,30.594583,78.693028,Debris Slide NA
34777,UK/THE/53J10/2015/55,Uttarakhand,Tehri Garhwal,,30.594667,78.683333,Debris Slide NA
34778,UK/THE/53J10/2015/95,Uttarakhand,Tehri Garhwal,,30.594722,78.693222,Debris Slide NA
34779,UK/THE/53J10/2015/36,Uttarakhand,Tehri Garhwal,,30.594833,78.685,Debris Slide NA
34780,UK/THE/53J10/2015/39,Uttarakhand,Tehri Garhwal,,30.594861,78.683028,Debris Slide NA
34781,UK/THE/53J10/2015/22,Uttarakhand,Tehri Garhwal,,30.594944,78.614583,Rock Slide NA
34782,UK/TEH/53J14/2015/264,Uttarakhand,Tehri Garhwal,,30.59505,78.83175,Debris Slide 2013
34783,UK/THE/53J10/2015/33,Uttarakhand,Tehri Garhwal,,30.595167,78.689167,Debris Slide NA
34784,UK/THE/53J10/2015/49,Uttarakhand,Tehri Garhwal,,30.595333,78.672139,Debris Slide NA
34785,UK/DEH/53F14/2015/475,Uttarakhand,Dehradun,Koti- Kalsi,30.595353,77.772656,Debris Slide NA
34786,UK/THE/53J10/2015/32,Uttarakhand,Tehri Garhwal,,30.595389,78.688444,Rock Slide NA
34787,UK/THE/53J10/2015/37,Uttarakhand,Tehri Garhwal,,30.595444,78.684556,Debris Slide NA
34788,UK/THE/53J10/2015/47,Uttarakhand,Tehri Garhwal,,30.595444,78.6745,Rock Slide NA
34789,UK/THE/53J10/2015/48,Uttarakhand,Tehri Garhwal,,30.595722,78.673083,Debris Slide NA
34790,UK/THE/53J10/2015/23,Uttarakhand,Tehri Garhwal,,30.595814,78.613186,Debris Flow NA
34791,UK/THE/53J10/2015/40,Uttarakhand,Tehri Garhwal,,30.596028,78.678833,Debris Slide NA
34792,UK/THE/53J10/2015/93,Uttarakhand,Tehri Garhwal,,30.596056,78.699694,Debris Slide NA
34793,UK/THE/53J10/2015/41,Uttarakhand,Tehri Garhwal,,30.59625,78.675833,Rock Slide NA
34794,UK/TEH/53J02/2015/1961,Uttarakhand,Tehri Garhwal,Nainbag-Damta road,30.596401,78.023705,Rock Slide 2013
34795,UK/TEH/53J02/2015/1937,Uttarakhand,Tehri Garhwal,Nainbag-Miyani road,30.596528,78.054361,Debris Slide NA
34796,UK/THE/53J10/2015/50,Uttarakhand,Tehri Garhwal,,30.596639,78.672583,Rock Slide NA
34797,UK/THE/53J10/2015/90,Uttarakhand,Tehri Garhwal,,30.597111,78.703111,Debris Slide NA
34798,UK/TEH/53J02/2015/1934,Uttarakhand,Tehri Garhwal,Nainbag-Miyani road,30.597599,78.070957,Rock Slide NA
34799,UK/TEH/53J02/2015/1933,Uttarakhand,Tehri Garhwal,Nainbag-Miyani road,30.597795,78.073814,Rock Slide NA
34800,UK/RUD/53N02/2015/575,Uttarakhand,Rudraprayag,,30.597803,79.08081,Rock Slide 2013
34801,UK/THE/53J10/2015/94,Uttarakhand,Tehri Garhwal,,30.597917,78.700625,Debris Slide NA
34802,UK/THE/53J10/2015/46,Uttarakhand,Tehri Garhwal,,30.597972,78.675028,Debris Slide NA
34803,UK/THE/53J10/2015/42,Uttarakhand,Tehri Garhwal,,30.598111,78.677861,Debris Slide NA
34804,UK/THE/53J10/2015/92,Uttarakhand,Tehri Garhwal,,30.598258,78.703992,Debris Flow NA
34805,UK/THE/53J10/2015/89,Uttarakhand,Tehri Garhwal,,30.5985,78.707306,Debris Slide NA
34806,UK/THE/53J10/2015/18,Uttarakhand,Tehri Garhwal,,30.598639,78.614167,Rock Slide NA
34807,UK/THE/53J10/2015/17,Uttarakhand,Tehri Garhwal,,30.59925,78.611778,Debris Slide NA
34808,UK/THE/53J10/2015/51,Uttarakhand,Tehri Garhwal,,30.599278,78.673333,Rock Slide NA
34809,UK/THE/53J10/2015/80,Uttarakhand,Tehri Garhwal,,30.599294,78.640361,Debris Slide NA
34810,UK/THE/53J10/2015/43,Uttarakhand,Tehri Garhwal,,30.599444,78.675333,Rock Slide NA
34811,UK/THE/53J10/2015/44,Uttarakhand,Tehri Garhwal,,30.599583,78.675139,Rock Slide NA
34812,UK/THE/53J10/2015/91,Uttarakhand,Tehri Garhwal,,30.599678,78.703639,Debris Flow NA
34813,UK/THE/53J10/2015/20,Uttarakhand,Tehri Garhwal,,30.599917,78.617083,Rock Slide NA
34814,UK/THE/53J10/2015/88,Uttarakhand,Tehri Garhwal,,30.599939,78.712806,Debris Slide NA
34815,UK/TEH/53J14/2015/265,Uttarakhand,Tehri Garhwal,,30.600028,78.836167,Debris Slide NA
34816,UK/THE/53J10/2015/16,Uttarakhand,Tehri Garhwal,,30.600111,78.611306,Debris Slide NA
34817,UK/THE/53J10/2015/19,Uttarakhand,Tehri Garhwal,,30.600222,78.616833,Rock Slide NA
34818,UK/THE/53J10/2015/87,Uttarakhand,Tehri Garhwal,,30.60025,78.714333,Debris Slide NA
34819,UK/THE/53J10/2015/15,Uttarakhand,Tehri Garhwal,,30.600278,78.610944,Debris Slide NA
34820,UK/THE/53J10/2015/54,Uttarakhand,Tehri Garhwal,,30.600806,78.654333,Debris Slide NA
34821,UK/UTT/53J06/2015/909,Uttarakhand,Uttarkashi,R/b of Athauni gad,30.600833,78.297222,Debris Composite 2009
34822,UK/RUD/53N02/2015/556,Uttarakhand,Rudraprayag,NH-109,30.601169,79.021998,Debris Slide 2013
34823,UK/THE/53J10/2015/77,Uttarakhand,Tehri Garhwal,,30.601453,78.639389,Rock Slide NA
34824,UK/THE/53J10/2015/52,Uttarakhand,Tehri Garhwal,,30.601806,78.671861,Debris Slide NA
34825,UK/THE/53J10/2015/79,Uttarakhand,Tehri Garhwal,,30.601861,78.641389,Debris Slide NA
34826,UK/RUD/53N02/2015/590,Uttarakhand,Rudraprayag,Gandaur,30.602111,79.175389,Debris Slide 2013
34827,UK/RUD/53N02/2015/591,Uttarakhand,Rudraprayag,,30.602293,79.177128,Rock Slide NA
34828,UK/UTT/53J10/2015/157,Uttarakhand,Uttarkashi,,30.602333,78.515278,Debris Slide NA
34829,UK/DEH/53F14/2015/588,Uttarakhand,Dehradun,Saini -Badanu,30.602416,77.901257,Debris Slide NA
34830,UK/UTT/53J06/2015/908,Uttarakhand,Uttarkashi,R/b of Athauni gad,30.602778,78.288611,Debris Fall 2009
34831,UK/THE/53J10/2015/45,Uttarakhand,Tehri Garhwal,,30.602833,78.673611,Rock Slide NA
34832,UK/THE/53J10/2015/78,Uttarakhand,Tehri Garhwal,,30.603,78.636633,Debris Slide NA
34833,UK/DEH/53F14/2015/590,Uttarakhand,Dehradun,Saini -Badanu,30.603438,77.904944,Debris Slide NA
34834,UK/RUD/53N02/2015/576,Uttarakhand,Rudraprayag,,30.603599,79.075406,Debris Slide 2012
34835,UK/THE/53J10/2015/53,Uttarakhand,Tehri Garhwal,,30.603694,78.671083,Debris Slide NA
34836,UK/DEH/53J02/2015/1923,Uttarakhand,Dehradun,Koisi-Nainbag road,30.604433,78.011184,Rock cum Debris Slide NA
34837,UK/DEH/53F14/2015/445,Uttarakhand,Dehradun,Saini - Chakrata- Korwa,30.604906,77.874803,Debris Slide NA
34838,UK/THE/53J10/2015/13,Uttarakhand,Tehri Garhwal,,30.605361,78.610194,Debris Slide NA
34839,UK/CHA/53N10/2013/0009,Uttarakhand,Chamoli,UK_CHA_NH_ 009 About 100 m downstream of Ghat village.,30.6055,79.569294,Debris Flow 16th-17th June 2013
34840,UK/THE/53J10/2015/14,Uttarakhand,Tehri Garhwal,,30.605528,78.610944,Debris Slide NA
34841,UK/DEH/53F14/2015/589,Uttarakhand,Dehradun,Saini -Badanu,30.6057,77.90118,Debris Slide NA
34842,UK/DEH/53F14/2015/592,Uttarakhand,Dehradun,Saini -Badanu,30.605997,77.872547,Debris Slide NA
34843,UK/UTT/53J06/2015/897,Uttarakhand,Uttarkashi,L/b of river Bhagirathi,30.606089,78.322836,Rock cum Debris Slide NA
34844,UK/UTT/53J06/2013/0036,Uttarakhand,Uttarkashi,"UK_UTT_NH134_ L36 NH-134, Badethi slide",30.6061,78.3144,Debris Slide 16th-17th June 2013
34845,UK/THE/53J10/2015/76,Uttarakhand,Tehri Garhwal,,30.606417,78.639278,Debris Slide NA
34846,UK/RUD/53N02/2015/592,Uttarakhand,Rudraprayag,before Batoli,30.606608,79.186532,Debris Slide NA
34847,UK/DEH/53F14/2015/472,Uttarakhand,Dehradun,Koti- Kalsi,30.606711,77.79464,Rock Slide NA
34848,UK/UTT/53J06/2013/0037,Uttarakhand,Uttarkashi,UK_UTT_NH134_ L37 Dharasu Powerhouse slide,30.6072,78.3202,Debris Slide 16th-17th June 2013
34849,UK/DEH/53F14/2015/591,Uttarakhand,Dehradun,Saini -Badanu,30.607455,77.882208,Debris Slide NA
34850,UK/THE/53J10/2015/8,Uttarakhand,Tehri Garhwal,,30.607694,78.594944,Debris Slide NA
34851,UK/DEH/53F14/2015/558,Uttarakhand,Dehradun,Saini -Kyawa-Saini,30.60779,77.894889,Debris Slide NA
34852,UK/UTT/53J10/2015/155,Uttarakhand,Uttarkashi,,30.60825,78.513278,Debris Slide NA
34853,UK/UTT/53J06/2015/910,Uttarakhand,Uttarkashi,Badethi-Banchaura road,30.608627,78.312432,Debris Fall 2007
34854,UK/THE/53J10/2015/12,Uttarakhand,Tehri Garhwal,,30.608806,78.602167,Rock Slide NA
34855,UK/THE/53J10/2015/9,Uttarakhand,Tehri Garhwal,,30.609139,78.594028,Debris Slide NA
34856,UK/THE/53J10/2015/10,Uttarakhand,Tehri Garhwal,,30.609333,78.599917,Rock Slide NA
34857,UK/TEH/53J14/2015/266,Uttarakhand,Tehri Garhwal,,30.610936,78.839278,Debris Slide 2015
34858,UK/THE/53J10/2015/11,Uttarakhand,Tehri Garhwal,,30.61125,78.602194,Debris Slide NA
34859,UK/UTT/53J06/2013/0038,Uttarakhand,Uttarkashi,UK_UTT_NH134_ L38 Dharasu bridge slide,30.6116,78.315,Rock cum Debris Slide 16th-17th June 2013
34860,UK/DEH/53F14/2015/473,Uttarakhand,Dehradun,Koti- Kalsi,30.611778,77.785927,Debris Slide NA
34861,UK/DEH/53F14/2015/474,Uttarakhand,Dehradun,Koti- Kalsi,30.611806,77.7847,Debris Slide NA
34862,UK/UTT/53J06/2015/907,Uttarakhand,Uttarkashi,"Rishikesh-Gangotri road, R/b of river Bhagirathi",30.612222,78.316667,Rock cum Debris Fall 2005
34863,UK/DEH/53J02/2015/1924,Uttarakhand,Dehradun,Koisi-Nainbag road,30.61325,78.014694,Rock Slide NA
34864,UK/CHA/53N10/2013/0008,Uttarakhand,Chamoli,UK_CHA_NH_ 008 Near Ghat village.,30.6135,79.565917,Debris Fall 16th-17th June 2013
34865,UK/THE/53J10/2015/75,Uttarakhand,Tehri Garhwal,,30.613861,78.636889,Debris Slide NA
34866,UK/UTT/53J06/2013/0039,Uttarakhand,Uttarkashi,"UK_UTT_NH134_ L39 NH-134, Dharasu slide",30.6144,78.3169,NA 16th-17th June 2013
34867,UK/RUD/53N02/2015/593,Uttarakhand,Rudraprayag,,30.6145,79.200667,Debris Slide 2013
34868,UK/TEH/53J02/2015/1941,Uttarakhand,Tehri Garhwal,Nainbag-Sendul road,30.614639,78.167111,Debris Slide NA
34869,UK/THE/53J10/2015/113,Uttarakhand,Tehri Garhwal,,30.614833,78.642389,Rock Slide NA
34870,UK/UTT/53J06/2015/906,Uttarakhand,Uttarkashi,R/b of Khurmola gad,30.615,78.316667,Debris Composite 2009
34871,UK/DEH/53F14/2015/587,Uttarakhand,Dehradun,Saini -Badanu,30.615509,77.899515,Debris Slide NA
34872,UK/UTT/53J02/2015/1949,Uttarakhand,Uttarkashi,Nainbag-Miyani-Patthar Khol road,30.61554,78.218778,Rock Slide NA
34873,UK/THE/53J10/2015/112,Uttarakhand,Tehri Garhwal,,30.61575,78.642056,Debris Flow NA
34874,UK/UTT/53J10/2015/156,Uttarakhand,Uttarkashi,,30.615833,78.5125,Debris Slide NA
34875,UK/TEH/53J14/2015/267,Uttarakhand,Tehri Garhwal,,30.616222,78.8445,Debris Slide NA
34876,UK/RUD/53J14/2015/197,Uttarakhand,Rudraprayag,,30.616511,78.990261,Debris Slide NA
34877,UK/RUD/53J14/2015/194,Uttarakhand,Rudraprayag,,30.616528,78.982278,Debris Slide NA
34878,UK/TEH/53J14/2015/268,Uttarakhand,Tehri Garhwal,,30.616756,78.844958,Rock Slide NA
34879,UK/THE/53J10/2015/7,Uttarakhand,Tehri Garhwal,,30.616917,78.585944,Rock Slide NA
34880,UK/RUD/53J14/2015/196,Uttarakhand,Rudraprayag,,30.618889,78.986472,Rock Slide NA
34881,UK/TEH/53J02/2015/1918,Uttarakhand,Tehri Garhwal,Miyani-Sendul road,30.619056,78.089278,Rock Slide NA
34882,UK/UTT/53J02/2015/1940,Uttarakhand,Uttarkashi,Nainbag-Sendul road,30.619417,78.165222,Rock cum Debris Slide NA
34883,UK/RUD/53J14/2015/192,Uttarakhand,Rudraprayag,,30.620389,78.988611,Rock Slide NA
34884,UK/RUD/53J14/2015/195,Uttarakhand,Rudraprayag,,30.620583,78.974919,Debris Slide NA
34885,UK/RUD/53N02/2015/555,Uttarakhand,Rudraprayag,NH-109,30.620833,79.019444,Debris Slide 2013
34886,UK/DEH/53F14/2015/597,Uttarakhand,Dehradun,Korwa -Saini-,30.621828,77.864744,Debris Slide NA
34887,UK/RUD/53J14/2015/185,Uttarakhand,Rudraprayag,,30.622272,78.997417,Debris Slide NA
34888,UK/DEH/53F14/2015/557,Uttarakhand,Dehradun,Saini -Kyawa-Saini,30.62271,77.904201,Debris Slide NA
34889,UK/DEH/53F14/2015/556,Uttarakhand,Dehradun,Saini -Kyawa-Saini,30.623028,77.897531,Debris Slide NA
34890,UK/DEH/53F14/2015/598,Uttarakhand,Dehradun,Korwa -Saini-,30.62308,77.868955,Debris Slide NA
34891,UK/DEH/53F14/2015/563,Uttarakhand,Dehradun,Saini -Kyawa-Saini,30.623188,77.877362,Debris Slide NA
34892,UK/RUD/53N02/2015/553,Uttarakhand,Rudraprayag,NH-109,30.623222,79.003361,Debris Slide 2013
34893,UK/DEH/53F14/2015/560,Uttarakhand,Dehradun,Saini -Kyawa-Saini,30.623748,77.883311,Debris Slide NA
34894,UK/TEH/53J02/2015/1942,Uttarakhand,Tehri Garhwal,Nainbag-Sendul road,30.623889,78.147306,Rock Slide NA
34895,UK/DEH/53F14/2015/559,Uttarakhand,Dehradun,Saini -Kyawa-Saini,30.624163,77.880344,Debris Slide NA
34896,UK/RUD/53N02/2015/554,Uttarakhand,Rudraprayag,NH-109,30.624167,79.015833,Rock Slide NA
34897,UK/RUD/53J14/2015/183,Uttarakhand,Rudraprayag,,30.624722,78.994706,Debris Slide 2012
34898,UK/RUD/53J14/2015/184,Uttarakhand,Rudraprayag,,30.624806,78.995778,Debris Slide NA
34899,UK/DEH/53F14/2015/562,Uttarakhand,Dehradun,N/A N/A,30.624876,77.889563,Debris Slide NA
34900,UK/DEH/53F14/2015/444,Uttarakhand,Dehradun,Saini - Chakrata- Korwa,30.62525,77.875222,Debris Slide NA
34901,UK/TEH/53J14/2015/269,Uttarakhand,Tehri Garhwal,,30.625311,78.852194,Debris Slide NA
34902,UK/THE/53J10/2015/74,Uttarakhand,Tehri Garhwal,,30.625417,78.633611,Debris Slide NA
34903,UK/DEH/53F14/2015/561,Uttarakhand,Dehradun,Saini -Kyawa-Saini,30.625609,77.886421,Debris Slide NA
34904,UK/RUD/53J14/2015/198,Uttarakhand,Rudraprayag,,30.625667,78.990028,Debris Slide NA
34905,UK/UTT/53J06/2015/898,Uttarakhand,Uttarkashi,Dharasu-Yamunotri road,30.625833,78.328889,Debris Fall 2010
34906,UK/RUD/53J14/2015/182,Uttarakhand,Rudraprayag,,30.62625,78.996944,Debris Slide NA
34907,UK/TEH/53J02/2015/1932,Uttarakhand,Tehri Garhwal,Nainbag-Sendul road,30.626283,78.134852,Rock Slide NA
34908,UK/CHA/53N10/2013/0007,Uttarakhand,Chamoli,UK_CHA_NH_ 007 Near Govindghat.,30.626417,79.553417,Debris Fall 16th-17th June 2013
34909,UK/RUD/53J14/2015/180,Uttarakhand,Rudraprayag,,30.626583,78.996639,Rock Slide 2013
34910,UK/UTT/53J02/2015/1947,Uttarakhand,Uttarkashi,Nainbag-Miyani-Patthar Khol road,30.627016,78.194969,Rock Slide NA
34911,UK/DEH/53F14/2015/469,Uttarakhand,Dehradun,Koti- Kalsi,30.627105,77.79641,Debris Slide NA
34912,UK/DEH/53F14/2015/471,Uttarakhand,Dehradun,Koti- Kalsi,30.627184,77.79241,Debris Slide NA
34913,UK/RUD/53J14/2015/199,Uttarakhand,Rudraprayag,,30.627214,78.985733,Debris Slide NA
34914,UK/DEH/53F14/2015/470,Uttarakhand,Dehradun,Koti- Kalsi,30.627418,77.794557,Debris Slide NA
34915,UK/RUD/53J14/2015/191,Uttarakhand,Rudraprayag,,30.627444,78.99425,Debris Slide NA
34916,UK/THE/53J10/2015/73,Uttarakhand,Tehri Garhwal,,30.627861,78.649611,Debris Slide NA
34917,UK/RUD/53J14/2015/181,Uttarakhand,Rudraprayag,,30.628306,78.998417,Rock Slide NA
34918,UK/DEH/53F14/2015/596,Uttarakhand,Dehradun,Korwa -Saini-,30.628464,77.860329,Debris Slide NA
34919,UK/UTT/53J06/2013/0040,Uttarakhand,Uttarkashi,"UK_UTT_NH134_ L40 NH-134, Pheri slide",30.6286,78.315,NA 16th-17th June 2013
34920,UK/RUD/53J14/2015/186,Uttarakhand,Rudraprayag,,30.628667,78.995611,Rock Slide NA
34921,UK/RUD/53J14/2015/187,Uttarakhand,Rudraprayag,,30.629131,78.994628,Rock Slide NA
34922,UK/RUD/53J14/2015/200,Uttarakhand,Rudraprayag,,30.629361,78.989917,Rock Slide NA
34923,UK/UTT/53J06/2015/905,Uttarakhand,Uttarkashi,Dharasu-Yamunotri road,30.629445,78.315891,Debris Composite 2009
34924,UK/RUD/53N02/2015/594,Uttarakhand,Rudraprayag,,30.62975,79.217806,Debris Flow NA
34925,UK/CHA/53N10/2015/1262,Uttarakhand,Chamoli,National Highway-58,30.629806,79.551111,Debris Slide NA
34926,UK/RUD/53J14/2015/188,Uttarakhand,Rudraprayag,,30.629806,78.995028,Rock Slide 2013
34927,UK/RUD/53J14/2015/208,Uttarakhand,Rudraprayag,,30.629806,78.989667,Rock Slide NA
34928,UK/RUD/53J14/2015/189,Uttarakhand,Rudraprayag,,30.629972,78.9951,Debris Slide NA
34929,UK/DEH/53F14/2015/440,Uttarakhand,Dehradun,Saini - Chakrata- Korwa,30.630731,77.876091,Debris Slide NA
34930,UK/UTT/53J06/2013/0001,Uttarakhand,Uttarkashi,"UK_UTT_NH108_ L1 NH-108, Near Dharasu bend-1",30.6313,78.3286,Rock cum Debris 16th-17th June 2013
34931,UK/DEH/53F14/2015/441,Uttarakhand,Dehradun,Saini - Chakrata- Korwa,30.631382,77.874562,Debris Slide NA
34932,UK/RUD/53J14/2015/201,Uttarakhand,Rudraprayag,,30.631611,78.987806,Debris Slide NA
34933,UK/DEH/53F14/2015/443,Uttarakhand,Dehradun,Saini - Chakrata- Korwa,30.631779,77.875043,Debris Slide NA
34934,UK/RUD/53J14/2015/190,Uttarakhand,Rudraprayag,,30.633361,78.996361,Rock Slide 2013
34935,UK/DEH/53J02/2015/1962,Uttarakhand,Dehradun,Rajpur-Maldeota road,30.633663,78.013976,Rock cum Debris Slide NA
34936,UK/DEH/53F14/2015/442,Uttarakhand,Dehradun,Saini - Chakrata- Korwa,30.634056,77.875555,Debris Slide NA
34937,UK/RUD/53J14/2015/204,Uttarakhand,Rudraprayag,,30.634472,78.975056,Debris Flow NA
34938,UK/RUD/53J14/2015/203,Uttarakhand,Rudraprayag,,30.6345,78.975194,Debris Slide NA
34939,UK/RUD/53N02/2015/552,Uttarakhand,Rudraprayag,NH-109,30.634627,79.004262,Debris Slide NA
34940,UK/RUD/53J14/2015/202,Uttarakhand,Rudraprayag,,30.634778,78.978417,Rock Slide NA
34941,UK/UTT/53J02/2015/1950,Uttarakhand,Uttarkashi,N of Dwarikhol,30.634781,78.21515,Rock Slide NA
34942,UK/DEH/53F14/2015/468,Uttarakhand,Dehradun,Koti- Kalsi,30.63488,77.7955,Debris Slide NA
34943,UK/DEH/53F14/2015/439,Uttarakhand,Dehradun,Saini - Chakrata- Korwa,30.63551,77.847886,Debris Slide NA
34944,UK/UTT/53J06/2015/886,Uttarakhand,Uttarkashi,Rishikesh-Gangotri road,30.635629,78.327409,Rock cum Debris Fall 2008
34945,UK/THE/53J10/2015/72,Uttarakhand,Tehri Garhwal,,30.635917,78.639194,Debris Slide NA
34946,UK/RUD/53J14/2015/207,Uttarakhand,Rudraprayag,,30.63625,78.974361,Debris Slide 2013
34947,UK/RUD/53N02/2015/527,Uttarakhand,Rudraprayag,Sonprayag,30.636711,79.001731,Rock Slide 2013
34948,UK/RUD/53N02/2015/551,Uttarakhand,Rudraprayag,NH-109,30.636773,79.003873,Debris Slide NA
34949,UK/THE/53J10/2015/71,Uttarakhand,Tehri Garhwal,,30.636806,78.662631,Debris Slide NA
34950,UK/RUD/53N02/2015/550,Uttarakhand,Rudraprayag,NH-109,30.637861,79.01071,Debris Slide NA
34951,UK/UTT/53J06/2015/885,Uttarakhand,Uttarkashi,L/b of river Bhagirathi,30.64,78.327222,Debris Fall 2013
34952,UK/RUD/53N02/2015/549,Uttarakhand,Rudraprayag,NH-109,30.640182,79.012837,Debris Slide 2013
34953,UK/RUD/53J14/2015/205,Uttarakhand,Rudraprayag,,30.640333,78.977111,Debris Slide NA
34954,UK/DEH/53F14/2015/466,Uttarakhand,Dehradun,Koti- Kalsi,30.642452,77.79589,Debris Slide NA
34955,UK/UTT/53J06/2015/904,Uttarakhand,Uttarkashi,Dharasu-Yamunotri road,30.642896,78.307143,Debris Fall 2008
34956,UK/RUD/53J14/2015/206,Uttarakhand,Rudraprayag,,30.642931,78.972194,Rock Slide NA
34957,UK/RUD/53N02/2015/547,Uttarakhand,Rudraprayag,NH-109,30.643008,79.02293,Debris Slide 2013
34958,UK/THE/53J10/2015/70,Uttarakhand,Tehri Garhwal,,30.643111,78.657139,Debris Slide 2011
34959,UK/RUD/53N02/2015/548,Uttarakhand,Rudraprayag,NH-109,30.643121,79.015356,Rock Slide NA
34960,UK/DEH/53F14/2015/465,Uttarakhand,Dehradun,Koti- Kalsi,30.643417,77.792406,Debris Slide NA
34961,UK/UTT/53J06/2013/0041,Uttarakhand,Uttarkashi,"UK_UTT_NH134_L41 NH-134, Kalyani slide",30.6438,78.3068,Debris Slide 16th-17th June 2013
34962,UK/UTT/53J06/2015/903,Uttarakhand,Uttarkashi,Dharasu-Yamunotri road,30.644633,78.306781,Debris Composite 2008
34963,UK/DEH/53F14/2015/467,Uttarakhand,Dehradun,Koti- Kalsi,30.645416,77.79867,Debris Slide NA
34964,UK/THE/53J10/2015/69,Uttarakhand,Tehri Garhwal,,30.645583,78.657111,Debris Slide NA
34965,UK/RUD/53N02/2015/546,Uttarakhand,Rudraprayag,NH-109,30.64674,79.019925,Debris Slide 2013
34966,UK/DEH/53F14/2015/437,Uttarakhand,Dehradun,Pokhra - Chakrata- Korwa,30.647359,77.843623,Debris Slide NA
34967,UK/THE/53J10/2015/68,Uttarakhand,Tehri Garhwal,,30.647639,78.659389,Debris Slide 2010
34968,UK/RUD/53N02/2015/528,Uttarakhand,Rudraprayag,NH-109,30.647939,79.023852,Debris Slide 2013
34969,UK/CHA/53N10/2013/0006,Uttarakhand,Chamoli,UK_CHA_NH_ 006 (Kachra nala) Kachra nala near Lambagarh.,30.648972,79.523861,Debris Flow 16th-17th June 2013
34970,UK/DEH/53F14/2015/438,Uttarakhand,Dehradun,Pokhra - Chakrata- Korwa,30.649152,77.843783,Debris Slide NA
34971,UK/UTT/53J06/2015/884,Uttarakhand,Uttarkashi,Rishikesh-Gangotri road,30.649722,78.332778,Rock cum Debris Fall 2013
34972,UK/UTT/53J06/2015/902,Uttarakhand,Uttarkashi,R/b of Khurmola gad,30.65,78.300833,Debris Fall 2010
34973,UK/CHA/53N10/2015/1256,Uttarakhand,Chamoli,NH-58,30.650344,79.522799,Debris Slide NA
34974,UK/DEH/53F14/2015/594,Uttarakhand,Dehradun,Korwa -Saini-,30.650565,77.843765,Debris Slide NA
34975,UK/CHA/53N10/2013/0005,Uttarakhand,Chamoli,UK_CHA_NH_ 005 (Lambagarh -I) Just below Pargasi village.,30.651389,79.520972,Debris Fall 16th-17th June 2013
34976,UK/UTT/53J06/2015/901,Uttarakhand,Uttarkashi,R/b of Khurmola gad,30.651667,78.3025,Debris Fall 2010
34977,UK/CHA/53N10/2013/0003,Uttarakhand,Chamoli,"UK_CHA_NH_ 003 Near Jaypee guest house, Lambagarh, downstream of Daya bridge.",30.651806,79.53425,Debris Slide 16th-17th June 2013
34978,UK/DEH/53F14/2015/595,Uttarakhand,Dehradun,Korwa -Saini-,30.652423,77.845275,Debris Slide NA
34979,UK/RUD/53J14/2015/209,Uttarakhand,Rudraprayag,,30.652806,78.977833,Debris Slide NA
34980,UK/DEH/53F14/2015/593,Uttarakhand,Dehradun,Korwa -Saini-,30.652842,77.842048,Debris Slide NA
34981,UK/RUD/53J14/2015/210,Uttarakhand,Rudraprayag,,30.653389,78.983361,Rock Slide NA
34982,UK/UTT/53J06/2015/883,Uttarakhand,Uttarkashi,L/b of nala,30.654167,78.492778,Debris Fall 2014
34983,UK/DEH/53J02/2015/1944,Uttarakhand,Dehradun,Nainbag-Damta road,30.654399,78.010601,Rock Slide NA
34984,UK/DEH/53J02/2015/1925,Uttarakhand,Dehradun,Koisi-Nainbag road,30.654444,78.046,Rock Slide NA
34985,UK/CHA/53N10/2013/0004,Uttarakhand,Chamoli,UK_CHA_NH_ 004 (Lambagarh -II),30.654917,79.517694,Debris Slide 16th-17th June 2013
34986,UK/RUD/53J14/2015/211,Uttarakhand,Rudraprayag,,30.655889,78.980806,Debris Slide NA
34987,UK/RUD/53N02/2015/529,Uttarakhand,Rudraprayag,NH-109,30.656852,79.028875,Rock Slide 2013
34988,UK/UTT/53J06/2015/900,Uttarakhand,Uttarkashi,R/b of Khurmola gad,30.6575,78.303611,Debris Fall 2010
34989,UK/RUD/53N02/2015/530,Uttarakhand,Rudraprayag,NH-109,30.658544,79.031924,Rock Slide 2013
34990,UK/RUD/53N02/2015/531,Uttarakhand,Rudraprayag,NH-109,30.660753,79.032915,Debris Slide 2013
34991,UK/RUD/53N02/2015/532,Uttarakhand,Rudraprayag,NH-109,30.660926,79.036781,Rock Slide 2013
34992,UK/RUD/53J14/2015/212,Uttarakhand,Rudraprayag,,30.661736,78.973528,Debris Slide 2012
34993,UK/DEH/53F14/2015/463,Uttarakhand,Dehradun,Saini - Chakrata- Korwa,30.66176,77.80739,Debris Slide NA
34994,UK/DEH/53F14/2015/464,Uttarakhand,Dehradun,Koti- Kalsi,30.66344,77.789341,Debris Slide NA
34995,UK/DEH/53F14/2015/430,Uttarakhand,Dehradun,Kundiya Chak - Korwa,30.6659,77.875237,Debris Slide NA
34996,UK/CHA/53N14/2013/0011,Uttarakhand,Chamoli,"UK_CHA_NH_ 011 Near Iron bridge, 1 km NE of Bapkund.",30.668194,79.842722,Debris Fall and Flow 16th-17th June 2013
34997,UK/CHA/53N10/2013/0055,Uttarakhand,Chamoli,UK_CHA_SH_ 055 Between Pulna and Bhuindar village,30.66875,79.587472,Debris Slide 16th-17th June 2013
34998,UK/DEH/53J02/2015/1945,Uttarakhand,Dehradun,Damta-Myanda road,30.670982,78.022963,Rock Slide NA
34999,UK/CHA/53N10/2013/0056,Uttarakhand,Chamoli,UK_CHA_NH_ 056 About 100m upstream of JP Vishnuprayag barrage,30.673528,79.512889,Debris Slide 16th-17th June 2013
35000,UK/DEH/53F14/2015/462,Uttarakhand,Dehradun,Saini - Chakrata- Korwa,30.673715,77.772919,Debris Slide NA
35001,UK/DEH/53J02/2015/1926,Uttarakhand,Dehradun,Koisi-Nainbag road,30.676516,78.068369,Debris Slide NA
35002,UK/RUD/53N02/2015/533,Uttarakhand,Rudraprayag,NH-109,30.676575,79.041576,Rock Fall NA
35003,UK/CHA/53N10/2013/0057,Uttarakhand,Chamoli,UK_CHA_NH_ 057 About 500m before confluence of Alaknanda and Khirao Ganga.,30.677667,79.509361,Debris Slide 16th-17th June 2013
35004,UK/RUD/53N02/2015/534,Uttarakhand,Rudraprayag,NH-109,30.677778,79.031111,Rock Fall NA
35005,UK/DEH/53F14/2015/461,Uttarakhand,Dehradun,Saini - Chakrata- Korwa,30.679278,77.778778,Debris Slide NA
35006,UK/UTT/53J02/2015/1951,Uttarakhand,Uttarkashi,Silkyara-Chhaijula,30.680583,78.232417,Rock Slide NA
35007,UK/CHA/53N10/2015/1261,Uttarakhand,Chamoli,National Highway-58,30.68212,79.506861,Debris Slide NA
35008,UK/CHA/53N06/2013/0058,Uttarakhand,Chamoli,"UK_CHA_NH_ 058 Binakuli, At the confluence on Khirao Ganga and Alaknanda river.",30.684583,79.50875,Debris Slide 16th-17th June 2013
35009,UK/RUD/53N02/2015/535,Uttarakhand,Rudraprayag,NH-109,30.684722,79.050813,Debris Slide 2013
35010,UK/RUD/53N02/2015/536,Uttarakhand,Rudraprayag,NH-109,30.689623,79.049163,Rock Slide NA
35011,UK/DEH/53J02/2015/1927,Uttarakhand,Dehradun,Koisi-Nainbag road,30.690556,78.071111,Rock Slide NA
35012,UK/DEH/53F14/2015/435,Uttarakhand,Dehradun,Pokhra - Chakrata- Korwa,30.692224,77.930864,Debris Slide NA
35013,UK/RUD/53N02/2015/537,Uttarakhand,Rudraprayag,NH-109,30.693129,79.052537,Rock Slide 2013
35014,UK/DEH/53J02/2015/1946,Uttarakhand,Dehradun,Damta-Myanda road,30.693473,78.029213,Rock Slide NA
35015,UK/DEH/53F14/2015/434,Uttarakhand,Dehradun,Pokhra - Chakrata- Korwa,30.694001,77.936734,Debris Slide NA
35016,UK/RUD/53N02/2015/538,Uttarakhand,Rudraprayag,NH-109,30.694139,79.055583,Debris Flow 2013
35017,UK/RUD/53N02/2015/539,Uttarakhand,Rudraprayag,NH-109,30.694262,79.057077,Debris Flow 2013
35018,UK/RUD/53N02/2015/540,Uttarakhand,Rudraprayag,NH-109,30.695083,79.057333,Debris Flow 2013
35019,UK/DEH/53J02/2015/1928,Uttarakhand,Dehradun,Koisi-Nainbag road,30.698313,78.075343,Rock Slide NA
35020,UK/RUD/53N02/2015/541,Uttarakhand,Rudraprayag,NH-109,30.698611,79.061833,Rock Slide 2013
35021,UK/RUD/53N02/2015/542,Uttarakhand,Rudraprayag,NH-109,30.705885,79.066733,Debris Flow 2013
35022,UK/DEH/53F14/2015/432,Uttarakhand,Dehradun,Pokhra - Chakrata- Korwa,30.710231,77.971084,Debris Slide NA
35023,UK/DEH/53F14/2015/436,Uttarakhand,Dehradun,Pokhra - Chakrata- Korwa,30.711796,77.874714,Debris Slide NA
35024,UK/RUD/53N02/2015/543,Uttarakhand,Rudraprayag,NH-109,30.713889,79.069444,Debris Slide 2013
35025,UK/DEH/53F14/2015/433,Uttarakhand,Dehradun,Pokhra - Chakrata- Korwa,30.714764,77.959013,Debris Slide NA
35026,UK/UTT/53J09/2013/0014,Uttarakhand,Uttarkashi,"UK_UTT_NH108_L14 NH-108, Laldang slide",30.7175,78.3508,Rock cum Debris Slide 16th-17th June 2013
35027,UK/UTT/53J09/2013/0015,Uttarakhand,Uttarkashi,"UK_UTT_NH108_L15 NH-108, Bishanpur slide",30.7175,78.3508,Rock cum Debris Slide 16th-17th June 2013
35028,UK/UTT/53J09/2013/0016,Uttarakhand,Uttarkashi,"UK_UTT_NH108_L16 NH-108, Lata slide",30.7175,78.3508,Debris Slide 16th-17th June 2013
35029,UK/UTT/53J09/2013/0017,Uttarakhand,Uttarkashi,"UK_UTT_NH108_L17 NH-108, Malla slide",30.7175,78.3508,Debris Slide 16th-17th June 2013
35030,UK/UTT/53J09/2013/0018,Uttarakhand,Uttarkashi,"UK_UTT_NH108_L18 NH-108, Malla slide-2",30.7175,78.3508,Rock cum Debris Slide 16th-17th June 2013
35031,UK/UTT/53J06/2013/0002,Uttarakhand,Uttarkashi,"UK_UTT_NH108_ L2 NH-108, Near Dharasu bend-2",30.7175,78.3508,Rock cum Debris 16th-17th June 2013
35032,UK/UTT/53J06/2013/0003,Uttarakhand,Uttarkashi,"UK_UTT_NH108_ L3 NH-108, Singoti slide",30.7175,78.3508,Rock cum Debris 16th-17th June 2013
35033,UK/UTT/53J06/2013/0004,Uttarakhand,Uttarkashi,"UK_UTT_NH108_ L4 NH-108, Raturi Sera slide",30.7175,78.3508,Debris 16th-17th June 2013
35034,UK/UTT/53J09/2013/0019,Uttarakhand,Uttarkashi,"UK_UTT_NH108_L19 NH-108, Malla slide-3",30.7175,78.3508,Debris Slide 16th-17th June 2013
35035,UK/UTT/53J09/2013/0020,Uttarakhand,Uttarkashi,"UK_UTT_NH108_L20 NH-108, Bhatwari slide",30.7175,78.3508,Rock cum Debris Slide 16th-17th June 2013
35036,UK/UTT/53J10/2013/0013,Uttarakhand,Uttarkashi,"UK_UTT_NH108_L13 NH-108, Aungi slide",30.7175,78.3508,Rock cum Debris Fall and Slide 16th-17th June 2013
35037,UK/UTT/53J05/2013/0008,Uttarakhand,Uttarkashi,"UK_UTT_NH108_ L8 NH-108,Gangori slide",30.7175,78.3508,Debris Slide 16th-17th June 2013
35038,UK/UTT/53J05/2013/0009,Uttarakhand,Uttarkashi,"UK_UTT_NH108_ L9 NH-108, Ganwan slide",30.7175,78.3508,Debris Slide 16th-17th June 2013
35039,UK/UTT/53J05/2013/0010,Uttarakhand,Uttarkashi,"UK_UTT_NH108_L10 NH-108, Ganeshpur slide",30.7175,78.3508,Debris Slide 16th-17th June 2013
35040,UK/UTT/53J06/2013/0011,Uttarakhand,Uttarkashi,"UK_UTT_NH108_L11 NH-108, Naitala slide",30.7175,78.3508,Rock cum Debris Fall and Slide 16th-17th June 2013
35041,UK/UTT/53J10/2013/0012,Uttarakhand,Uttarkashi,"UK_UTT_NH108_L12 NH-108, Heena slide",30.7175,78.3508,Debris Slide 16th-17th June 2013
35042,UK/UTT/53J06/2013/0005,Uttarakhand,Uttarkashi,"UK_UTT_NH108_ L5 NH-108, Bandarkot Village",30.7175,78.3508,Rock cum Debris 16th-17th June 2013
35043,UK/UTT/53J06/2013/0006,Uttarakhand,Uttarkashi,"UK_UTT_NH108_ L6 NH-108, Badhethi Chungi slide",30.7175,78.3508,Rock cum Debris Slide 16th-17th June 2013
35044,UK/UTT/53J05/2013/0007,Uttarakhand,Uttarkashi,"UK_UTT_NH108_ L7 NH-108,Tekhla slide",30.7175,78.3508,Debris 16th-17th June 2013
35045,UK/UTT/53J10/2015/169,Uttarakhand,Uttarkashi,,30.719083,78.500222,Debris Slide NA
35046,UK/UTT/53J10/2015/170,Uttarakhand,Uttarkashi,,30.721028,78.502417,Rock Slide NA
35047,UK/UTT/53J06/2015/878,Uttarakhand,Uttarkashi,L/b of river Bhagirathi,30.728333,78.42,Debris Fall 2013
35048,UK/UTT/53J06/2015/880,Uttarakhand,Uttarkashi,L/b of river Bhagirathi,30.728333,78.42,Debris Fall 2013
35049,UK/DEH/53F14/2015/429,Uttarakhand,Dehradun,Kundiya Chak - Korwa,30.729002,77.847277,Debris Slide NA
35050,UK/UTT/53J06/2015/879,Uttarakhand,Uttarkashi,L/b of river Bhagirathi,30.729167,78.405556,Debris Fall 2013
35051,UK/RUD/53N02/2015/545,Uttarakhand,Rudraprayag,Kedarnath base camp,30.730742,79.071194,Debris Flow 2013
35052,UK/RUD/53N02/2015/544,Uttarakhand,Rudraprayag,NH-109,30.732167,79.07025,Debris Flow 2013
35053,UK/TEH/53J02/2015/1963,Uttarakhand,Uttarkashi,Maldeota-Phulet road,30.732243,78.138684,Rock cum Debris Slide NA
35054,UK/UTT/53J10/2015/171,Uttarakhand,Uttarkashi,,30.733556,78.504167,Debris Slide NA
35055,UK/DEH/53J02/2015/1929,Uttarakhand,Dehradun,Barnigad-Garhsar road,30.735284,78.012765,Rock Slide NA
35056,UK/DEH/53F14/2015/431,Uttarakhand,Dehradun,Pokhra - Chakrata- Korwa,30.735291,77.984619,Debris Slide NA
35057,UK/UTT/53J10/2015/175,Uttarakhand,Uttarkashi,,30.736528,78.517833,Debris Slide NA
35058,UK/UTT/53J06/2015/877,Uttarakhand,Uttarkashi,L/b of river Bhagirathi,30.738889,78.456944,Debris Fall 2010
35059,UK/UTT/53J10/2015/173,Uttarakhand,Uttarkashi,,30.739639,78.534361,Debris Slide NA
35060,UK/UTT/53J06/2015/882,Uttarakhand,Uttarkashi,Rishikesh-Gangotri road,30.739722,78.355556,Debris Fall 2010
35061,UK/UTT/53J10/2015/174,Uttarakhand,Uttarkashi,,30.740056,78.525111,Debris Slide NA
35062,UK/UTT/53J10/2015/177,Uttarakhand,Uttarkashi,,30.740444,78.573833,Debris Slide NA
35063,UK/UTT/53J10/2015/176,Uttarakhand,Uttarkashi,,30.741889,78.591333,Debris Slide NA
35064,UK/UTT/53J06/2015/875,Uttarakhand,Uttarkashi,Rishikesh-Gangotri road,30.742473,78.493235,Rock cum Debris Slide 2006
35065,UK/UTT/53J06/2015/876,Uttarakhand,Uttarkashi,Rishikesh-Gangotri road,30.7425,78.485278,Debris Composite 2010
35066,UK/UTT/53J06/2015/881,Uttarakhand,Uttarkashi,Rishikesh-Gangotri road,30.7425,78.361944,Debris Fall 2013
35067,UK/UTT/53J10/2015/172,Uttarakhand,Uttarkashi,,30.748833,78.551583,Debris Slide NA
35068,UK/UTT/53J06/2015/918,Uttarakhand,Uttarkashi,Rishikesh-Gangotri NH-108,30.748889,78.452056,Rock Slide NA
35069,UK/UTT/53J05/2015/1916,Uttarakhand,Uttarkashi,,30.750556,78.407083,Rock Slide NA
35070,UK/UTT/53J05/2015/1874,Uttarakhand,Uttarkashi,Rishikesh-Gangotri NH-108,30.751276,78.333127,Debris Slide NA
35071,UK/UTT/53J05/2015/1804,Uttarakhand,Uttarkashi,Rishikesh-Gangotri NH-94,30.751503,78.272441,Rock Slide NA
35072,UK/UTT/53J05/2015/1867,Uttarakhand,Uttarkashi,,30.752059,78.432813,Debris Slide NA
35073,UK/UTT/53J05/2015/1858,Uttarakhand,Uttarkashi,,30.752222,78.460278,Rock Slide NA
35074,UK/UTT/53J01/2015/1388,Uttarakhand,Uttarkashi,Yamunotri road,30.752631,78.092346,Rock Slide NA
35075,UK/UTT/53J05/2015/1869,Uttarakhand,Uttarkashi,,30.752778,78.434722,Rock Slide NA
35076,UK/UTT/53J05/2015/1854,Uttarakhand,Uttarkashi,Rishikesh-Gangotri NH-108,30.753194,78.475167,Rock Slide NA
35077,UK/UTT/53J01/2015/1404,Uttarakhand,Uttarkashi,,30.753218,78.177508,Rock Slide NA
35078,UK/UTT/53J01/2015/1405,Uttarakhand,Uttarkashi,,30.75325,78.175806,Rock Slide NA
35079,UK/UTT/53J01/2015/1407,Uttarakhand,Uttarkashi,,30.753886,78.176098,Rock Slide NA
35080,UK/UTT/53J01/2015/1406,Uttarakhand,Uttarkashi,,30.754019,78.176408,Rock Slide NA
35081,UK/UTT/53J01/2015/1595,Uttarakhand,Uttarkashi,,30.754056,78.103611,Rock Slide NA
35082,UK/UTT/53J01/2015/1408,Uttarakhand,Uttarkashi,,30.754131,78.177191,Rock Slide NA
35083,UK/UTT/53J05/2015/1853,Uttarakhand,Uttarkashi,Rishikesh-Gangotri NH-108,30.754722,78.478889,Rock Slide NA
35084,UK/UTT/53J01/2015/1409,Uttarakhand,Uttarkashi,,30.754804,78.186357,Rock Slide NA
35085,UK/UTT/53J01/2015/1596,Uttarakhand,Uttarkashi,,30.754991,78.101161,Rock Slide NA
35086,UK/DEH/53F13/2015/606,Uttarakhand,Dehradun,Tyuni - Chakrata,30.755311,77.82967,Debris Slide NA
35087,UK/UTT/53J05/2015/1876,Uttarakhand,Uttarkashi,,30.755671,78.334157,Rock Slide NA
35088,UK/UTT/53J05/2015/1875,Uttarakhand,Uttarkashi,,30.755833,78.334722,Rock Slide NA
35089,UK/UTT/53J09/2015/949,Uttarakhand,Uttarkashi,Rishikesh-Gangotri road,30.755944,78.571294,Debris Slide 2010
35090,UK/UTT/53J01/2015/1411,Uttarakhand,Uttarkashi,,30.756556,78.193278,Rock Slide NA
35091,UK/UTT/53J05/2015/1907,Uttarakhand,Uttarkashi,,30.756561,78.400138,Debris Slide NA
35092,UK/UTT/53J01/2015/1597,Uttarakhand,Uttarkashi,,30.756598,78.099739,Rock Slide NA
35093,UK/UTT/53J05/2015/1871,Uttarakhand,Uttarkashi,,30.756667,78.443056,Rock Slide NA
35094,UK/UTT/53J01/2015/1413,Uttarakhand,Uttarkashi,,30.757788,78.19654,Rock Slide NA
35095,UK/UTT/53J01/2015/1410,Uttarakhand,Uttarkashi,,30.75788,78.190138,Rock Slide NA
35096,UK/UTT/53J01/2015/1412,Uttarakhand,Uttarkashi,,30.757923,78.194973,Rock Slide NA
35097,UK/DEH/53F13/2015/426,Uttarakhand,Dehradun,Bhandrouli -Raitar -Bular,30.758111,77.812167,Rock Slide NA
35098,UK/UTT/53J01/2015/1416,Uttarakhand,Uttarkashi,,30.758123,78.223017,Rock Slide NA
35099,UK/UTT/53J05/2015/1803,Uttarakhand,Uttarkashi,Rishikesh-Gangotri NH-94,30.758205,78.277556,Rock Slide NA
35100,UK/UTT/53J05/2015/1899,Uttarakhand,Uttarkashi,,30.758422,78.366782,Debris Slide NA
35101,UK/UTT/53J05/2015/1879,Uttarakhand,Uttarkashi,,30.758639,78.312194,Rock Slide NA
35102,UK/UTT/53J05/2015/1870,Uttarakhand,Uttarkashi,,30.758713,78.44349,Rock Slide NA
35103,UK/UTT/53J05/2015/1886,Uttarakhand,Uttarkashi,,30.758785,78.378023,Rock Slide NA
35104,UK/UTT/53J05/2015/1802,Uttarakhand,Uttarkashi,Rishikesh-Gangotri NH-94,30.758935,78.277539,Rock Slide NA
35105,UK/UTT/53J05/2015/1872,Uttarakhand,Uttarkashi,,30.759167,78.440278,Rock Slide NA
35106,UK/UTT/53J05/2015/1801,Uttarakhand,Uttarkashi,Rishikesh-Gangotri NH-94,30.759194,78.276389,Rock Slide NA
35107,UK/UTT/53J05/2015/1888,Uttarakhand,Uttarkashi,,30.759413,78.375565,Rock Slide NA
35108,UK/UTT/53J01/2015/1414,Uttarakhand,Uttarkashi,,30.759583,78.194667,Rock Slide NA
35109,UK/UTT/53J01/2015/1415,Uttarakhand,Uttarkashi,,30.759611,78.194889,Rock Slide NA
35110,UK/UTT/53J05/2015/1906,Uttarakhand,Uttarkashi,,30.759775,78.420777,Rock Slide NA
35111,UK/UTT/53J05/2015/1898,Uttarakhand,Uttarkashi,,30.760105,78.365897,Rock Slide NA
35112,UK/UTT/53J05/2015/1873,Uttarakhand,Uttarkashi,,30.760108,78.449771,Rock Slide NA
35113,UK/UTT/53J05/2015/1868,Uttarakhand,Uttarkashi,,30.760121,78.436863,Rock Slide NA
35114,UK/UTT/53J05/2015/1800,Uttarakhand,Uttarkashi,Rishikesh-Gangotri NH-94,30.761278,78.275806,Rock Slide NA
35115,UK/UTT/53J05/2015/1852,Uttarakhand,Uttarkashi,Rishikesh-Gangotri NH-108,30.761517,78.456225,Rock Slide NA
35116,UK/UTT/53J05/2015/1900,Uttarakhand,Uttarkashi,,30.761841,78.419357,Rock Slide NA
35117,UK/UTT/53J05/2015/1904,Uttarakhand,Uttarkashi,,30.762001,78.399316,Debris Slide NA
35118,UK/UTT/53J01/2015/1599,Uttarakhand,Uttarkashi,,30.762083,78.112111,Rock Slide NA
35119,UK/UTT/53J01/2015/1591,Uttarakhand,Uttarkashi,,30.762496,78.112596,Rock Slide NA
35120,UK/UTT/53J05/2015/1897,Uttarakhand,Uttarkashi,,30.762778,78.362222,Debris Slide NA
35121,UK/UTT/53J01/2015/1598,Uttarakhand,Uttarkashi,,30.762917,78.10875,Rock Slide NA
35122,UK/UTT/53J05/2015/1905,Uttarakhand,Uttarkashi,,30.762996,78.40328,Rock Slide NA
35123,UK/UTT/53J01/2015/1586,Uttarakhand,Uttarkashi,,30.763056,78.096111,Rock Slide NA
35124,UK/UTT/53J05/2015/1887,Uttarakhand,Uttarkashi,,30.763889,78.372778,Rock Slide NA
35125,UK/UTT/53J01/2015/1583,Uttarakhand,Uttarkashi,,30.764333,78.094222,Rock Slide NA
35126,UK/UTT/53J05/2015/1855,Uttarakhand,Uttarkashi,,30.7644,78.47637,Rock Slide NA
35127,UK/UTT/53J01/2015/1389,Uttarakhand,Uttarkashi,Yamunotri road,30.764408,78.105439,Rock Slide NA
35128,UK/UTT/53J05/2015/1915,Uttarakhand,Uttarkashi,,30.764424,78.405914,Debris Slide NA
35129,UK/UTT/53J05/2015/1851,Uttarakhand,Uttarkashi,,30.764722,78.454167,Debris Slide NA
35130,UK/UTT/53J05/2015/1885,Uttarakhand,Uttarkashi,,30.765,78.366528,Rock Slide NA
35131,UK/UTT/53J01/2015/1584,Uttarakhand,Uttarkashi,,30.765306,78.094833,Rock Slide NA
35132,UK/UTT/53J05/2015/1903,Uttarakhand,Uttarkashi,,30.765556,78.399167,Debris Slide NA
35133,UK/DEH/53F13/2015/425,Uttarakhand,Dehradun,Bhandrouli -Raitar -Bular,30.765694,77.814806,Rock Fall NA
35134,UK/UTT/53J05/2015/1878,Uttarakhand,Uttarkashi,,30.765778,78.314638,Rock Slide NA
35135,UK/UTT/53J01/2015/1585,Uttarakhand,Uttarkashi,Yamunotri road,30.766111,78.105139,Rock Slide NA
35136,UK/UTT/53J05/2015/1866,Uttarakhand,Uttarkashi,,30.766111,78.453472,Debris Slide NA
35137,UK/UTT/53J05/2015/1896,Uttarakhand,Uttarkashi,,30.766111,78.361111,Debris Slide NA
35138,UK/UTT/53J05/2015/1856,Uttarakhand,Uttarkashi,,30.766447,78.476099,Rock Slide NA
35139,UK/UTT/53J05/2015/1902,Uttarakhand,Uttarkashi,,30.766682,78.397141,Debris Slide NA
35140,UK/UTT/53J01/2015/1587,Uttarakhand,Uttarkashi,,30.766959,78.101165,Rock Slide NA
35141,UK/UTT/53J05/2015/1850,Uttarakhand,Uttarkashi,,30.76728,78.455633,Rock Slide NA
35142,UK/UTT/53J05/2015/1901,Uttarakhand,Uttarkashi,,30.767384,78.391261,Rock Slide NA
35143,UK/UTT/53J05/2015/1799,Uttarakhand,Uttarkashi,Rishikesh-Gangotri NH-94,30.767467,78.272948,Rock Slide NA
35144,UK/UTT/53J01/2015/1589,Uttarakhand,Uttarkashi,,30.767667,78.101833,Rock Slide NA
35145,UK/UTT/53J01/2015/1588,Uttarakhand,Uttarkashi,Yamunotri road,30.767924,78.105341,Rock Slide NA
35146,UK/UTT/53J05/2015/1798,Uttarakhand,Uttarkashi,Rishikesh-Gangotri NH-94,30.768246,78.272742,Rock Slide NA
35147,UK/UTT/53J01/2015/1594,Uttarakhand,Uttarkashi,Yamunotri road,30.768697,78.108076,Rock Slide NA
35148,UK/UTT/53J01/2015/1590,Uttarakhand,Uttarkashi,,30.769222,78.10302,Rock Slide NA
35149,UK/UTT/53J05/2015/1841,Uttarakhand,Uttarkashi,,30.769471,78.465337,Rock Slide NA
35150,UK/UTT/53J05/2015/1864,Uttarakhand,Uttarkashi,,30.769667,78.450889,Rock Slide NA
35151,UK/UTT/53J05/2015/1865,Uttarakhand,Uttarkashi,,30.769861,78.453333,Debris Slide NA
35152,UK/UTT/53J05/2015/1895,Uttarakhand,Uttarkashi,,30.770414,78.366569,Debris Slide NA
35153,UK/UTT/53J05/2015/1881,Uttarakhand,Uttarkashi,,30.77147,78.301454,Rock Slide NA
35154,UK/UTT/53J05/2015/1840,Uttarakhand,Uttarkashi,,30.771667,78.4325,Rock Slide NA
35155,UK/UTT/53J01/2015/1390,Uttarakhand,Uttarkashi,Yamunotri road,30.77196,78.111071,Rock Slide NA
35156,UK/DEH/53F13/2015/428,Uttarakhand,Dehradun,Kundiya Chak - Korwa,30.772147,77.917445,Debris Slide NA
35157,UK/UTT/53J05/2015/1880,Uttarakhand,Uttarkashi,,30.772704,78.29899,Rock Slide NA
35158,UK/UTT/53J01/2015/1398,Uttarakhand,Uttarkashi,,30.772722,78.133694,Rock Slide NA
35159,UK/UTT/53J05/2015/1894,Uttarakhand,Uttarkashi,,30.772722,78.368278,Debris Slide NA
35160,UK/UTT/53J01/2015/1391,Uttarakhand,Uttarkashi,Yamunotri road,30.772909,78.111414,Rock Slide NA
35161,UK/UTT/53J01/2015/1397,Uttarakhand,Uttarkashi,,30.772925,78.133647,Rock Slide NA
35162,UK/DEH/53F13/2015/424,Uttarakhand,Dehradun,Bhandrouli -Raitar -Bular,30.773028,77.824444,Debris Slide NA
35163,UK/UTT/53J01/2015/1399,Uttarakhand,Uttarkashi,,30.77336,78.127024,Rock Slide 2010
35164,UK/UTT/53J05/2015/1863,Uttarakhand,Uttarkashi,,30.773713,78.45239,Debris Slide NA
35165,UK/UTT/53J01/2015/1593,Uttarakhand,Uttarkashi,Yamunotri road,30.774028,78.110556,Rock Slide NA
35166,UK/UTT/53J05/2015/1859,Uttarakhand,Uttarkashi,,30.775865,78.449935,Debris Slide NA
35167,UK/DEH/53F13/2015/427,Uttarakhand,Dehradun,Kundiya Chak - Korwa,30.776263,77.917039,Debris Slide NA
35168,UK/UTT/53J09/2015/947,Uttarakhand,Uttarkashi,"Malla to Saura road, L/b of Bhagirathi river",30.776302,78.610469,Debris Fall 2010
35169,UK/UTT/53J05/2015/1883,Uttarakhand,Uttarkashi,,30.776389,78.374861,Rock Slide NA
35170,UK/UTT/53J01/2015/1592,Uttarakhand,Uttarkashi,,30.77665,78.110072,Rock Slide NA
35171,UK/UTT/53J05/2015/1893,Uttarakhand,Uttarkashi,,30.77731,78.368866,Rock Slide NA
35172,UK/UTT/53J05/2015/1849,Uttarakhand,Uttarkashi,,30.778109,78.453034,Debris Slide NA
35173,UK/UTT/53J01/2015/1393,Uttarakhand,Uttarkashi,Yamunotri road,30.778383,78.114612,Rock Slide NA
35174,UK/UTT/53J05/2015/1796,Uttarakhand,Uttarkashi,Rishikesh-Gangotri NH-94,30.778389,78.264056,Rock Slide NA
35175,UK/UTT/53J05/2015/1884,Uttarakhand,Uttarkashi,,30.778761,78.365742,Rock Slide NA
35176,UK/UTT/53J05/2015/1882,Uttarakhand,Uttarkashi,,30.778889,78.353611,Rock Slide NA
35177,UK/UTT/53J09/2015/948,Uttarakhand,Uttarkashi,Rishikesh-Gangotri road,30.778895,78.606932,Debris Fall 2006
35178,UK/UTT/53J01/2015/1392,Uttarakhand,Uttarkashi,Yamunotri road,30.778936,78.11481,Rock Slide NA
35179,UK/UTT/53J01/2015/1394,Uttarakhand,Uttarkashi,Yamunotri road,30.779167,78.112778,Rock Slide NA
35180,UK/UTT/53J05/2015/1848,Uttarakhand,Uttarkashi,,30.77938,78.45392,Debris Slide NA
35181,UK/UTT/53J05/2015/1797,Uttarakhand,Uttarkashi,Rishikesh-Gangotri NH-94,30.779806,78.263556,Rock Slide NA
35182,UK/UTT/53J05/2015/1860,Uttarakhand,Uttarkashi,,30.780139,78.451528,Debris Slide NA
35183,UK/UTT/53J01/2015/1395,Uttarakhand,Uttarkashi,Yamunotri road,30.780278,78.113889,Rock Slide NA
35184,UK/UTT/53J01/2015/1396,Uttarakhand,Uttarkashi,,30.780336,78.156285,Rock Slide 2013
35185,UK/UTT/53J05/2015/1857,Uttarakhand,Uttarkashi,,30.780349,78.489433,Rock Slide NA
35186,UK/UTT/53J05/2015/1839,Uttarakhand,Uttarkashi,,30.780634,78.453785,Debris Slide NA
35187,UK/UTT/53J05/2015/1892,Uttarakhand,Uttarkashi,,30.780687,78.363964,Debris Slide NA
35188,UK/UTT/53J05/2015/1842,Uttarakhand,Uttarkashi,,30.780699,78.475327,Rock Slide NA
35189,UK/UTT/53J05/2015/1891,Uttarakhand,Uttarkashi,,30.781139,78.365139,Rock Slide NA
35190,UK/UTT/53J01/2015/1400,Uttarakhand,Uttarkashi,,30.781421,78.137544,Rock Slide 2008
35191,UK/UTT/53J05/2015/1843,Uttarakhand,Uttarkashi,,30.781557,78.473662,Rock Slide NA
35192,UK/UTT/53J05/2015/1844,Uttarakhand,Uttarkashi,,30.781919,78.470401,Rock Slide NA
35193,UK/UTT/53J01/2015/1401,Uttarakhand,Uttarkashi,,30.782126,78.135843,Rock Slide 2013
35194,UK/DEH/53F13/2015/422,Uttarakhand,Dehradun,Bhandrouli -Raitar -Bular,30.782209,77.836221,Debris Slide NA
35195,UK/DEH/53F13/2015/421,Uttarakhand,Dehradun,Bhandrouli -Raitar -Bular,30.782778,77.839556,Debris Slide NA
35196,UK/UTT/53J09/2015/946,Uttarakhand,Uttarkashi,Rishikesh-Gangotri road,30.783013,78.612643,Rock cum Debris Composite 2009
35197,UK/UTT/53J09/2015/950,Uttarakhand,Uttarkashi,"Bhela Tipri-Silla road, L/b of Pilang gad",30.783053,78.620929,Debris Slide 2010
35198,UK/UTT/53J05/2015/1889,Uttarakhand,Uttarkashi,,30.783056,78.353611,Rock Slide NA
35199,UK/UTT/53J05/2015/1845,Uttarakhand,Uttarkashi,,30.783516,78.4277,Rock Slide NA
35200,UK/DEH/53F13/2015/423,Uttarakhand,Dehradun,Bhandrouli -Raitar -Bular,30.783828,77.837731,Debris Slide NA
35201,UK/UTT/53J05/2015/1890,Uttarakhand,Uttarkashi,,30.784167,78.36375,Debris Slide NA
35202,UK/DEH/53F13/2015/420,Uttarakhand,Dehradun,Bhandrouli -Raitar -Bular,30.78425,77.857028,Debris Slide NA
35203,UK/UTT/53J05/2015/1861,Uttarakhand,Uttarkashi,,30.784856,78.450889,Debris Slide NA
35204,UK/UTT/53J05/2015/1862,Uttarakhand,Uttarkashi,,30.784993,78.449246,Debris Slide NA
35205,UK/UTT/53J05/2015/1877,Uttarakhand,Uttarkashi,,30.78574,78.307574,Rock Slide NA
35206,UK/UTT/53J05/2015/1913,Uttarakhand,Uttarkashi,,30.787162,78.395729,Rock Slide NA
35207,UK/UTT/53J01/2015/1602,Uttarakhand,Uttarkashi,,30.787444,78.162944,Debris Slide NA
35208,UK/UTT/53J01/2015/1601,Uttarakhand,Uttarkashi,,30.7875,78.169278,Debris Slide NA
35209,UK/UTT/53J01/2015/1603,Uttarakhand,Uttarkashi,,30.7875,78.16375,Rock Slide NA
35210,UK/UTT/53J01/2015/1403,Uttarakhand,Uttarkashi,Yamunotri road,30.787564,78.155158,Rock Slide NA
35211,UK/UTT/53J05/2015/1914,Uttarakhand,Uttarkashi,,30.787726,78.395022,Rock Slide NA
35212,UK/DEH/53F13/2015/419,Uttarakhand,Dehradun,Bhandrouli -Raitar -Bular,30.788359,77.870369,Debris Slide NA
35213,UK/UTT/53J01/2015/1402,Uttarakhand,Uttarkashi,Yamunotri road,30.788747,78.157851,Rock Slide NA
35214,UK/UTT/53J01/2015/1600,Uttarakhand,Uttarkashi,,30.789778,78.126427,Rock Slide NA
35215,UK/UTT/53J01/2015/1533,Uttarakhand,Uttarkashi,,30.790278,78.13375,Rock Slide NA
35216,UK/UTT/53J01/2015/1535,Uttarakhand,Uttarkashi,,30.791257,78.120314,Rock Slide NA
35217,UK/UTT/53J05/2015/1910,Uttarakhand,Uttarkashi,,30.791413,78.397612,Debris Slide NA
35218,UK/UTT/53J05/2015/1912,Uttarakhand,Uttarkashi,,30.791465,78.398162,Debris Slide NA
35219,UK/UTT/53J05/2015/1911,Uttarakhand,Uttarkashi,,30.791782,78.397241,Rock Slide NA
35220,UK/UTT/53J05/2015/1838,Uttarakhand,Uttarkashi,,30.792083,78.445278,Debris Slide NA
35221,UK/UTT/53J05/2015/1837,Uttarakhand,Uttarkashi,,30.792341,78.442707,Rock Slide NA
35222,UK/UTT/53J01/2015/1611,Uttarakhand,Uttarkashi,,30.792417,78.190667,Debris Slide NA
35223,UK/UTT/53J01/2015/1619,Uttarakhand,Uttarkashi,,30.792421,78.118685,Rock Slide NA
35224,UK/UTT/53J05/2015/1847,Uttarakhand,Uttarkashi,,30.792703,78.437814,Rock Slide NA
35225,UK/UTT/53J01/2015/1618,Uttarakhand,Uttarkashi,,30.792973,78.119262,Rock Slide NA
35226,UK/DEH/53F13/2015/418,Uttarakhand,Dehradun,Bhandrouli -Raitar -Bular,30.793466,77.860249,Debris Slide NA
35227,UK/UTT/53J01/2015/1614,Uttarakhand,Uttarkashi,Rishikesh-Gangotri NH-94,30.794234,78.238673,Rock Slide NA
35228,UK/UTT/53J01/2015/1617,Uttarakhand,Uttarkashi,,30.79449,78.120171,Rock Slide NA
35229,UK/UTT/53J05/2015/1836,Uttarakhand,Uttarkashi,,30.795048,78.443153,Rock Slide NA
35230,UK/UTT/53J01/2015/1534,Uttarakhand,Uttarkashi,,30.79529,78.147362,Rock Slide NA
35231,UK/UTT/53J01/2015/1605,Uttarakhand,Uttarkashi,Yamunotri road,30.795616,78.172965,Debris Slide NA
35232,UK/UTT/53J01/2015/1423,Uttarakhand,Uttarkashi,,30.796111,78.151667,Rock Slide NA
35233,UK/UTT/53J01/2015/1616,Uttarakhand,Uttarkashi,,30.796546,78.116218,Rock Slide NA
35234,UK/UTT/53J01/2015/1612,Uttarakhand,Uttarkashi,,30.796667,78.184972,Debris Slide NA
35235,UK/UTT/53J01/2015/1604,Uttarakhand,Uttarkashi,Yamunotri road,30.797082,78.164209,Rock Slide NA
35236,UK/UTT/53J05/2015/1846,Uttarakhand,Uttarkashi,,30.797222,78.420833,Rock Slide NA
35237,UK/UTT/53J01/2015/1608,Uttarakhand,Uttarkashi,Yamunotri road,30.797693,78.179885,Debris Slide NA
35238,UK/UTT/53J05/2015/1835,Uttarakhand,Uttarkashi,,30.797785,78.446421,Rock Slide NA
35239,UK/UTT/53J01/2015/1607,Uttarakhand,Uttarkashi,Yamunotri road,30.798112,78.179361,Debris Slide NA
35240,UK/UTT/53J01/2015/1606,Uttarakhand,Uttarkashi,Yamunotri road,30.798262,78.17897,Debris Slide NA
35241,UK/UTT/53J01/2015/1422,Uttarakhand,Uttarkashi,,30.798279,78.153035,Rock Slide NA
35242,UK/UTT/53J01/2015/1425,Uttarakhand,Uttarkashi,,30.798472,78.145083,Rock Slide 2012
35243,UK/UTT/53J09/2015/945,Uttarakhand,Uttarkashi,Rishikesh-Gangotri road,30.799722,78.615278,Debris Composite 2010
35244,UK/UTT/53J01/2015/1609,Uttarakhand,Uttarkashi,Yamunotri road,30.800523,78.181131,Debris Slide NA
35245,UK/UTT/53J09/2015/944,Uttarakhand,Uttarkashi,L/b of Bhagirathi river,30.800913,78.620694,Debris Composite 2010
35246,UK/UTT/53J05/2015/1834,Uttarakhand,Uttarkashi,,30.801025,78.446973,Rock Slide NA
35247,UK/UTT/53J01/2015/1610,Uttarakhand,Uttarkashi,Yamunotri road,30.801056,78.181583,Debris Slide NA
35248,UK/UTT/53J01/2015/1613,Uttarakhand,Uttarkashi,Yamunotri road,30.802778,78.189528,Debris Slide NA
35249,UK/DEH/53F13/2015/417,Uttarakhand,Dehradun,Bhandrouli -Raitar -Bular,30.804667,77.851889,Debris Slide NA
35250,UK/UTT/53J01/2015/1536,Uttarakhand,Uttarkashi,,30.805888,78.10954,Rock Slide NA
35251,UK/UTT/53J01/2015/1496,Uttarakhand,Uttarkashi,Rishikesh-Gangotri NH-94,30.806064,78.222892,Rock Slide NA
35252,UK/UTT/53J01/2015/1495,Uttarakhand,Uttarkashi,Rishikesh-Gangotri NH-94,30.806847,78.222118,Rock Slide NA
35253,UK/UTT/53J01/2015/1421,Uttarakhand,Uttarkashi,,30.806944,78.151111,Rock Slide NA
35254,UK/UTT/53J01/2015/1428,Uttarakhand,Uttarkashi,,30.807102,78.186961,Rock Slide NA
35255,UK/UTT/53J01/2015/1426,Uttarakhand,Uttarkashi,,30.807438,78.18345,Rock Slide NA
35256,UK/UTT/53J05/2015/1908,Uttarakhand,Uttarkashi,,30.807531,78.384143,Debris Slide NA
35257,UK/UTT/53J01/2015/1427,Uttarakhand,Uttarkashi,,30.807926,78.182602,Rock Slide NA
35258,UK/UTT/53J01/2015/1419,Uttarakhand,Uttarkashi,,30.808008,78.154754,Rock Slide 2013
35259,UK/UTT/53J01/2015/1420,Uttarakhand,Uttarkashi,,30.808011,78.15527,Rock Slide NA
35260,UK/UTT/53J01/2015/1424,Uttarakhand,Uttarkashi,,30.808333,78.147417,Rock Slide 2012
35261,UK/UTT/53J01/2015/1429,Uttarakhand,Uttarkashi,,30.808565,78.201884,Rock Slide NA
35262,UK/UTT/53J01/2015/1494,Uttarakhand,Uttarkashi,Rishikesh-Gangotri NH-94,30.809022,78.220764,Rock Slide NA
35263,UK/UTT/53J05/2015/1833,Uttarakhand,Uttarkashi,,30.809056,78.448611,Debris Slide NA
35264,UK/UTT/53J01/2015/1368,Uttarakhand,Uttarkashi,Rishikesh-Gangotri NH-94,30.810086,78.218833,Rock Slide 2011
35265,UK/UTT/53J01/2015/1367,Uttarakhand,Uttarkashi,Rishikesh-Gangotri NH-94,30.810357,78.219713,Rock Slide 2011
35266,UK/UTT/53J01/2015/1369,Uttarakhand,Uttarkashi,Rishikesh-Gangotri NH-94,30.811257,78.218495,Rock Slide 2011
35267,UK/UTT/53J05/2015/1909,Uttarakhand,Uttarkashi,,30.811985,78.37572,Rock Slide NA
35268,UK/UTT/53J09/2015/942,Uttarakhand,Uttarkashi,Rishikesh-Gangotri road,30.8125,78.626111,Debris Composite 2009
35269,UK/UTT/53J05/2015/1832,Uttarakhand,Uttarkashi,,30.812743,78.448687,Debris Slide NA
35270,UK/UTT/53J01/2015/1501,Uttarakhand,Uttarkashi,,30.813038,78.206671,Rock Slide NA
35271,UK/UTT/53J09/2013/0021,Uttarakhand,Uttarkashi,"UK_UTT_NH108_L21 NH-108, Chadethi slide",30.8136,78.6202,Rock cum Debris Slide 16th-17th June 2013
35272,UK/UTT/53J01/2015/1503,Uttarakhand,Uttarkashi,,30.813708,78.208193,Rock Slide NA
35273,UK/UTT/53J01/2015/1504,Uttarakhand,Uttarkashi,,30.813816,78.210106,Rock Slide NA
35274,UK/UTT/53J01/2015/1417,Uttarakhand,Uttarkashi,,30.813889,78.146667,Rock Slide NA
35275,UK/UTT/53J01/2015/1418,Uttarakhand,Uttarkashi,,30.814127,78.154558,Rock Slide 2012
35276,UK/UTT/53J01/2015/1537,Uttarakhand,Uttarkashi,,30.814167,78.1075,Rock Slide NA
35277,UK/UTT/53J01/2015/1370,Uttarakhand,Uttarkashi,Rishikesh-Gangotri NH-94,30.8142,78.222081,Rock Slide 2011
35278,UK/UTT/53J01/2015/1499,Uttarakhand,Uttarkashi,,30.814972,78.180972,Rock Slide NA
35279,UK/UTT/53J01/2015/1502,Uttarakhand,Uttarkashi,,30.815,78.20375,Rock Slide NA
35280,UK/UTT/53J01/2015/1430,Uttarakhand,Uttarkashi,,30.815821,78.198885,Rock Slide NA
35281,UK/UTT/53J01/2015/1372,Uttarakhand,Uttarkashi,Rishikesh-Gangotri NH-94,30.816661,78.225947,Rock Slide 2011
35282,UK/UTT/53J01/2015/1371,Uttarakhand,Uttarkashi,Rishikesh-Gangotri NH-94,30.816946,78.226502,Rock Slide 2011
35283,UK/UTT/53J01/2015/1500,Uttarakhand,Uttarkashi,,30.817748,78.196639,Rock Slide NA
35284,UK/UTT/53J05/2015/1831,Uttarakhand,Uttarkashi,,30.8178,78.448808,Debris Slide NA
35285,UK/UTT/53J01/2015/1454,Uttarakhand,Uttarkashi,,30.817917,78.245556,Rock Slide NA
35286,UK/UTT/53J01/2015/1373,Uttarakhand,Uttarkashi,Rishikesh-Gangotri NH-94,30.818276,78.22799,Rock Slide 2011
35287,UK/UTT/53J09/2015/941,Uttarakhand,Uttarkashi,Rishikesh-Gangotri road,30.818533,78.618877,Debris Composite 2009
35288,UK/UTT/53J01/2015/1505,Uttarakhand,Uttarkashi,,30.819241,78.210361,Rock Slide NA
35289,UK/UTT/53J01/2015/1374,Uttarakhand,Uttarkashi,Rishikesh-Gangotri NH-94,30.819558,78.238525,Rock Slide 2011
35290,UK/UTT/53J01/2015/1375,Uttarakhand,Uttarkashi,Rishikesh-Gangotri NH-94,30.819894,78.234576,Rock Slide 2012
35291,UK/UTT/53J01/2015/1436,Uttarakhand,Uttarkashi,,30.820469,78.211327,Rock Slide 2013
35292,UK/UTT/53J01/2015/1538,Uttarakhand,Uttarkashi,,30.820582,78.109734,Rock Slide NA
35293,UK/DEH/53F13/2015/416,Uttarakhand,Dehradun,Bhandrouli -Raitar -Bular,30.821776,77.847498,Debris Slide NA
35294,UK/UTT/53J01/2015/1506,Uttarakhand,Uttarkashi,,30.821875,78.208204,Rock Slide NA
35295,UK/UTT/53J01/2015/1433,Uttarakhand,Uttarkashi,,30.822222,78.209722,Rock Slide 2013
35296,UK/UTT/53J01/2015/1507,Uttarakhand,Uttarkashi,,30.82273,78.206415,Rock Slide NA
35297,UK/UTT/53J01/2015/1434,Uttarakhand,Uttarkashi,,30.822973,78.209501,Rock Slide 2013
35298,UK/UTT/53J01/2015/1435,Uttarakhand,Uttarkashi,,30.823083,78.210361,Rock Slide 2013
35299,UK/UTT/53J05/2015/1830,Uttarakhand,Uttarkashi,,30.823141,78.449533,Rock Slide NA
35300,UK/DEH/53F13/2015/415,Uttarakhand,Dehradun,Bhandrouli -Raitar -Bular,30.823153,77.842272,Debris Slide NA
35301,UK/UTT/53J09/2015/940,Uttarakhand,Uttarkashi,R/b of Papar gad/nala,30.824167,78.615512,Rock cum Debris Composite 2005
35302,UK/UTT/53J01/2015/1431,Uttarakhand,Uttarkashi,,30.825,78.20979,Rock Slide 2013
35303,UK/UTT/53J01/2015/1448,Uttarakhand,Uttarkashi,,30.825457,78.244319,Rock Slide NA
35304,UK/UTT/53J01/2015/1432,Uttarakhand,Uttarkashi,,30.825556,78.2125,Rock Slide 2013
35305,UK/UTT/53J05/2015/1829,Uttarakhand,Uttarkashi,,30.825806,78.447389,Rock Slide NA
35306,UK/UTT/53J01/2015/1497,Uttarakhand,Uttarkashi,,30.827199,78.178503,Rock Slide NA
35307,UK/UTT/53J01/2015/1582,Uttarakhand,Uttarkashi,,30.827259,78.106793,Rock Slide NA
35308,UK/UTT/53J01/2015/1446,Uttarakhand,Uttarkashi,,30.827775,78.247349,Rock Slide 2008
35309,UK/UTT/53J01/2015/1581,Uttarakhand,Uttarkashi,,30.827893,78.09893,Rock Slide NA
35310,UK/UTT/53J05/2015/1828,Uttarakhand,Uttarkashi,,30.827954,78.447959,Debris Slide NA
35311,UK/UTT/53J01/2015/1376,Uttarakhand,Uttarkashi,NH-,30.827994,78.225852,Rock Slide NA
35312,UK/UTT/53J09/2015/936,Uttarakhand,Uttarkashi,Rishikesh-Gangotri road,30.829105,78.619715,Debris Composite 2013
35313,UK/UTT/53J01/2015/1508,Uttarakhand,Uttarkashi,,30.829345,78.224196,Rock Slide NA
35314,UK/UTT/53J09/2013/0022,Uttarakhand,Uttarkashi,"UK_UTT_NH108_L22 NH-108, Pala slide",30.8294,78.6202,Debris Slide 16th-17th June 2013
35315,UK/UTT/53J09/2015/937,Uttarakhand,Uttarkashi,Bhatwari-Barsu road,30.829722,78.616667,Debris Slide 2013
35316,UK/UTT/53J05/2015/1826,Uttarakhand,Uttarkashi,,30.829914,78.450254,Rock Slide NA
35317,UK/UTT/53J01/2015/1447,Uttarakhand,Uttarkashi,,30.830441,78.248649,Rock Slide 2013
35318,UK/UTT/53J05/2015/1827,Uttarakhand,Uttarkashi,,30.831018,78.449502,Rock Slide NA
35319,UK/UTT/53J05/2015/1825,Uttarakhand,Uttarkashi,,30.831544,78.449519,Rock Slide NA
35320,UK/UTT/53J01/2015/1580,Uttarakhand,Uttarkashi,,30.832201,78.102429,Rock Slide NA
35321,UK/DEH/53F13/2015/399,Uttarakhand,Dehradun,Bhadraouli - Palasu,30.832215,77.831377,Debris Slide NA
35322,UK/UTT/53J05/2015/1823,Uttarakhand,Uttarkashi,,30.832314,78.449786,Rock Slide NA
35323,UK/UTT/53J05/2015/1824,Uttarakhand,Uttarkashi,,30.832778,78.450417,Rock Slide NA
35324,UK/UTT/53J01/2015/1510,Uttarakhand,Uttarkashi,,30.832951,78.218562,Rock Slide NA
35325,UK/UTT/53J01/2015/1498,Uttarakhand,Uttarkashi,,30.833164,78.172472,Rock Slide NA
35326,UK/UTT/53J01/2015/1579,Uttarakhand,Uttarkashi,,30.833472,78.100965,Rock Slide NA
35327,UK/UTT/53J01/2015/1541,Uttarakhand,Uttarkashi,,30.833676,78.114396,Rock Slide NA
35328,UK/UTT/53J01/2015/1578,Uttarakhand,Uttarkashi,,30.833832,78.099887,Rock Slide NA
35329,UK/UTT/53J01/2015/1509,Uttarakhand,Uttarkashi,,30.833958,78.22023,Rock Slide NA
35330,UK/UTT/53J01/2015/1445,Uttarakhand,Uttarkashi,,30.833972,78.247,Rock Slide 2013
35331,UK/UTT/53J01/2015/1539,Uttarakhand,Uttarkashi,,30.834806,78.134028,Rock Slide NA
35332,UK/UTT/53J05/2015/1821,Uttarakhand,Uttarkashi,,30.835,78.451667,Rock Slide NA
35333,UK/UTT/53J01/2015/1444,Uttarakhand,Uttarkashi,,30.83575,78.248,Rock Slide 2013
35334,UK/UTT/53J01/2015/1443,Uttarakhand,Uttarkashi,,30.836361,78.24725,Rock Slide 2013
35335,UK/DEH/53F13/2015/400,Uttarakhand,Dehradun,Bhadraouli - Palasu,30.836992,77.834391,Debris Slide NA
35336,UK/UTT/53J05/2015/1819,Uttarakhand,Uttarkashi,,30.837222,78.453333,Rock Slide NA
35337,UK/UTT/53J01/2015/1442,Uttarakhand,Uttarkashi,,30.837333,78.2475,Rock Slide 2013
35338,UK/UTT/53J05/2015/1701,Uttarakhand,Uttarkashi,,30.8375,78.253889,Rock Slide NA
35339,UK/DEH/53F13/2015/398,Uttarakhand,Dehradun,Palasu -Bhandrouli -Atal,30.838333,77.785583,Debris Slide NA
35340,UK/UTT/53J05/2015/1703,Uttarakhand,Uttarkashi,,30.838444,78.250306,Rock Slide 2013
35341,UK/UTT/53J01/2015/1540,Uttarakhand,Uttarkashi,,30.838528,78.132778,Rock Slide NA
35342,UK/UTT/53J05/2015/1820,Uttarakhand,Uttarkashi,,30.838611,78.451389,Rock Slide NA
35343,UK/UTT/53J01/2015/1441,Uttarakhand,Uttarkashi,,30.838722,78.247278,Rock Slide 2013
35344,UK/UTT/53J05/2015/1698,Uttarakhand,Uttarkashi,Rishikesh-Gangotri NH-94,30.838771,78.264134,Rock Slide NA
35345,UK/UTT/53J05/2015/1705,Uttarakhand,Uttarkashi,,30.838944,78.257826,Rock Slide NA
35346,UK/UTT/53J05/2015/1702,Uttarakhand,Uttarkashi,,30.839741,78.252093,Rock Slide NA
35347,UK/UTT/53J01/2015/1440,Uttarakhand,Uttarkashi,,30.839833,78.247583,Rock Slide NA
35348,UK/UTT/53J05/2015/1817,Uttarakhand,Uttarkashi,,30.839989,78.449964,Rock Slide NA
35349,UK/UTT/53J05/2015/1822,Uttarakhand,Uttarkashi,,30.840063,78.456096,Rock Slide NA
35350,UK/UTT/53J01/2015/1615,Uttarakhand,Uttarkashi,,30.840331,78.081408,Rock Slide NA
35351,UK/DEH/53F13/2015/401,Uttarakhand,Dehradun,Bhadraouli - Palasu,30.840359,77.82934,Debris Slide NA
35352,UK/DEH/53F13/2015/396,Uttarakhand,Dehradun,Palasu -Bhandrouli -Atal,30.842436,77.811611,Debris Slide NA
35353,UK/UTT/53J01/2015/1511,Uttarakhand,Uttarkashi,,30.842519,78.223082,Rock Slide NA
35354,UK/UTT/53J05/2015/1816,Uttarakhand,Uttarkashi,,30.842971,78.450079,Rock Slide NA
35355,UK/UTT/53J09/2015/939,Uttarakhand,Uttarkashi,Behind village Barsu,30.843056,78.598889,Rock cum Debris Fall 2013
35356,UK/UTT/53J01/2015/1513,Uttarakhand,Uttarkashi,,30.843423,78.213695,Rock Slide NA
35357,UK/UTT/53J09/2015/935,Uttarakhand,Uttarkashi,Rishikesh-Gangotri road,30.843432,78.627434,Debris Composite 2012
35358,UK/UTT/53J01/2015/1515,Uttarakhand,Uttarkashi,,30.843844,78.209109,Rock Slide NA
35359,UK/DEH/53F13/2015/397,Uttarakhand,Dehradun,Palasu -Bhandrouli -Atal,30.84395,77.809155,Debris Slide NA
35360,UK/UTT/53J01/2015/1439,Uttarakhand,Uttarkashi,,30.844216,78.247618,Rock Slide 2013
35361,UK/UTT/53J01/2015/1437,Uttarakhand,Uttarkashi,,30.844318,78.24888,Rock Slide 2013
35362,UK/UTT/53J05/2015/1814,Uttarakhand,Uttarkashi,,30.844444,78.445,Rock Slide NA
35363,UK/UTT/53J01/2015/1577,Uttarakhand,Uttarkashi,,30.844556,78.091944,Rock Slide NA
35364,UK/UTT/53J05/2015/1810,Uttarakhand,Uttarkashi,,30.844722,78.439444,Rock Slide NA
35365,UK/UTT/53J05/2015/1811,Uttarakhand,Uttarkashi,,30.844722,78.443056,Rock Slide NA
35366,UK/UTT/53J05/2015/1805,Uttarakhand,Uttarkashi,,30.844833,78.433611,Rock Slide NA
35367,UK/UTT/53J05/2015/1697,Uttarakhand,Uttarkashi,Rishikesh-Gangotri NH-94,30.845,78.271944,Rock Slide 2008
35368,UK/UTT/53J01/2015/1576,Uttarakhand,Uttarkashi,,30.845056,78.091889,Rock Slide NA
35369,UK/UTT/53J01/2015/1438,Uttarakhand,Uttarkashi,,30.845158,78.248864,Rock Slide 2013
35370,UK/UTT/53J05/2015/1696,Uttarakhand,Uttarkashi,Rishikesh-Gangotri NH-94,30.845278,78.271667,Rock Slide 1990
35371,UK/UTT/53J05/2015/1808,Uttarakhand,Uttarkashi,,30.845417,78.4365,Rock Slide NA
35372,UK/UTT/53J01/2015/1575,Uttarakhand,Uttarkashi,,30.845611,78.092028,Rock Slide NA
35373,UK/UTT/53J05/2015/1694,Uttarakhand,Uttarkashi,NH-134,30.845694,78.273222,Rock Slide 2008
35374,UK/UTT/53J01/2015/1571,Uttarakhand,Uttarkashi,,30.845743,78.084237,Rock Slide NA
35375,UK/UTT/53J09/2015/938,Uttarakhand,Uttarkashi,Along Saundhar gad near Barsu,30.845833,78.608333,Debris Composite 2013
35376,UK/UTT/53J01/2015/1574,Uttarakhand,Uttarkashi,,30.846283,78.09154,Rock Slide NA
35377,UK/UTT/53J01/2015/1512,Uttarakhand,Uttarkashi,,30.846688,78.221297,Rock Slide NA
35378,UK/DEH/53F13/2015/402,Uttarakhand,Dehradun,Bhadraouli - Palasu,30.846861,77.832528,Debris Slide NA
35379,UK/UTT/53J05/2015/1704,Uttarakhand,Uttarkashi,,30.846891,78.251557,Rock Slide NA
35380,UK/UTT/53J01/2015/1573,Uttarakhand,Uttarkashi,,30.846946,78.091083,Rock Slide NA
35381,UK/UTT/53J01/2015/1517,Uttarakhand,Uttarkashi,,30.847139,78.210833,Rock Slide NA
35382,UK/UTT/53J05/2015/1807,Uttarakhand,Uttarkashi,,30.847183,78.434089,Rock Slide NA
35383,UK/UTT/53J01/2015/1516,Uttarakhand,Uttarkashi,,30.8475,78.210278,Rock Slide NA
35384,UK/UTT/53J05/2015/1693,Uttarakhand,Uttarkashi,Rishikesh-Gangotri NH-94,30.8475,78.276667,Rock Slide NA
35385,UK/UTT/53J01/2015/1514,Uttarakhand,Uttarkashi,,30.84771,78.211768,Rock Slide NA
35386,UK/UTT/53J05/2015/1699,Uttarakhand,Uttarkashi,,30.847754,78.252552,Rock Slide NA
35387,UK/RUD/53N02/2013/0049,Uttarakhand,Rudraprayag,"UK/RUD/NH109/Son/01 NH109, Sonprayag",30.848,79.2816,Debris Slide 16th-17th June 2013
35388,UK/RUD/53N02/2013/0050,Uttarakhand,Rudraprayag,"UK/RUD/NH109/Barasu/02 NH109,Barasu village",30.848,79.2816,Debris Slide 16th-17th June 2013
35389,UK/RUD/53N02/2013/0051,Uttarakhand,Rudraprayag,"UK/RUD/NH109/Phata/03 NH109,Phata village",30.848,79.2816,Debris Slide 16th-17th June 2013
35390,UK/UTT/53J05/2013/0043,Uttarakhand,Uttarkashi,"UK_UTT_NH134_L43 NH-134, Wariya slide",30.848,78.2816,Debris Slide 16th-17th June 2013
35391,UK/UTT/53J05/2013/0044,Uttarakhand,Uttarkashi,UK_UTT_NH134_L44 Hanuman Chatti slide,30.848,78.2816,Debris Slide 16th-17th June 2013
35392,UK/UTT/53J05/2013/0045,Uttarakhand,Uttarkashi,UK_UTT_NH134_L45 Narad Chatti slide-1,30.848,78.2816,Debris Flow 16th-17th June 2013
35393,UK/UTT/53J05/2013/0046,Uttarakhand,Uttarkashi,UK_UTT_NH134_L46 Narad Chatti slide-2,30.848,78.2816,Debris Flow 16th-17th June 2013
35394,UK/RUD/53N02/2013/0052,Uttarakhand,Rudraprayag,"UK/RUD/NH109/Khat/04 NH-109, Khat village",30.848,79.2816,Rock cum Debris Slide 16th-17th June 2013
35395,UK/RUD/53N02/2013/0053,Uttarakhand,Rudraprayag,"UK/RUD/NH109/Khat/05 NH-109, Khat village",30.848,79.2816,Debris Spread 16th-17th June 2013
35396,UK/UTT/53J05/2013/0047,Uttarakhand,Uttarkashi,"UK_UTT_NH134_L47 NH-134, Asnol slide",30.848,78.2816,Debris Flow 16th-17th June 2013
35397,UK/UTT/53I08/2013/0048,Uttarakhand,Uttarkashi,"UK_UTT_NH134_L48 NH-134, Yamnotri slide",30.848,78.2816,Rock cum Debris Flow 16th-17th June 2013
35398,UK/UTT/53J05/2013/0042,Uttarakhand,Uttarkashi,"UK_UTT_NH134_L42 NH134, Kharadi slide",30.848,78.0544,Debris Slide 16th-17th June 2013
35399,UK/UTT/53J01/2015/1572,Uttarakhand,Uttarkashi,,30.848763,78.090337,Rock Slide NA
35400,UK/UTT/53J05/2015/1700,Uttarakhand,Uttarkashi,,30.848889,78.250833,Rock Slide NA
35401,UK/UTT/53J09/2015/934,Uttarakhand,Uttarkashi,Rishikesh-Gangotri road,30.848989,78.637463,Debris Flow NA
35402,UK/UTT/53J05/2015/1695,Uttarakhand,Uttarkashi,,30.850417,78.275,Rock Slide 2013
35403,UK/UTT/53J05/2015/1809,Uttarakhand,Uttarkashi,,30.850472,78.433878,Rock Slide NA
35404,UK/DEH/53F13/2015/395,Uttarakhand,Dehradun,Palasu -Bhandrouli -Atal,30.850549,77.815659,Debris Slide NA
35405,UK/BAG/53N16/2018/01,Uttarakhand,Bageshwar,Kuwari rock slide (very less debris) Kuwari village,30.85055,76.998017,Rock Slide NA
35406,UK/UTT/53J05/2015/1806,Uttarakhand,Uttarkashi,,30.850551,78.429698,Rock Slide NA
35407,UK/UTT/53J05/2015/1692,Uttarakhand,Uttarkashi,Rishikesh-Gangotri NH-94,30.850889,78.283944,Rock Slide 2012
35408,UK/BAG/53N16/2018/02,Uttarakhand,Bageshwar,Kuwari rock cum debris slide Kuwari village,30.851617,76.999167,Rock cum debris Slide NA
35409,UK/UTT/53J05/2015/1818,Uttarakhand,Uttarkashi,,30.85226,78.47213,Rock Slide NA
35410,UK/UTT/53J01/2015/1521,Uttarakhand,Uttarkashi,,30.853093,78.198299,Rock Slide NA
35411,UK/BAG/53N16/2018/04,Uttarakhand,Bageshwar,Kuwari rockslide 4 Kuwari village,30.8531,77.001617,Rock Slide NA
35412,UK/UTT/53J01/2015/1452,Uttarakhand,Uttarkashi,,30.85375,78.244861,Rock Slide NA
35413,UK/UTT/53J01/2015/1519,Uttarakhand,Uttarkashi,,30.853911,78.198449,Rock Slide NA
35414,UK/UTT/53J05/2015/1690,Uttarakhand,Uttarkashi,Rishikesh-Gangotri NH-94,30.854444,78.281667,Rock Slide NA
35415,UK/UTT/53J05/2015/1688,Uttarakhand,Uttarkashi,Rishikesh-Gangotri NH-94,30.854611,78.285389,Rock Slide NA
35416,UK/UTT/53J01/2015/1518,Uttarakhand,Uttarkashi,,30.854722,78.199583,Rock Slide NA
35417,UK/UTT/53J01/2015/1491,Uttarakhand,Uttarkashi,,30.855,78.247222,Rock Slide NA
35418,UK/UTT/53J01/2015/1520,Uttarakhand,Uttarkashi,,30.855278,78.199389,Rock Slide NA
35419,UK/UTT/53J05/2015/1689,Uttarakhand,Uttarkashi,,30.855278,78.281944,Rock Slide NA
35420,UK/UTT/53J01/2015/1570,Uttarakhand,Uttarkashi,,30.855451,78.08713,Rock Slide NA
35421,UK/UTT/53J05/2015/1815,Uttarakhand,Uttarkashi,,30.855516,78.438631,Rock Slide NA
35422,UK/UTT/53J09/2015/931,Uttarakhand,Uttarkashi,Sanglayee-Kujjan road,30.855556,78.636944,Debris Fall NA
35423,UK/UTT/53J05/2015/1812,Uttarakhand,Uttarkashi,,30.855758,78.440762,Rock Slide NA
35424,UK/UTT/53J01/2015/1562,Uttarakhand,Uttarkashi,,30.856389,78.072222,Rock Slide NA
35425,UK/UTT/53J01/2015/1492,Uttarakhand,Uttarkashi,,30.856428,78.246646,Rock Slide NA
35426,UK/UTT/53J09/2015/932,Uttarakhand,Uttarkashi,Kujjan-Surge ShAlluvial flood plaint road,30.856602,78.634832,Debris Fall NA
35427,UK/UTT/53J05/2015/1687,Uttarakhand,Uttarkashi,Rishikesh-Gangotri NH-94,30.856728,78.287591,Rock Slide NA
35428,UK/UTT/53J01/2015/1490,Uttarakhand,Uttarkashi,,30.857641,78.235581,Rock Slide NA
35429,UK/UTT/53J01/2015/1529,Uttarakhand,Uttarkashi,,30.857778,78.208611,Rock Slide NA
35430,UK/UTT/53J09/2013/0023,Uttarakhand,Uttarkashi,"UK_UTT_NH108_L23 NH-108, Sanghrali slide",30.858,78.6463,Debris Slide 16th-17th June 2013
35431,UK/UTT/53J09/2015/933,Uttarakhand,Uttarkashi,Rishikesh-Gangotri road,30.85801,78.646741,Debris Flow NA
35432,UK/UTT/53J09/2015/943,Uttarakhand,Uttarkashi,L/b of Thirang Nala,30.858056,78.623333,Debris Fall 2013
35433,UK/UTT/53J01/2015/1488,Uttarakhand,Uttarkashi,,30.858417,78.235619,Rock Slide NA
35434,UK/UTT/53J01/2015/1493,Uttarakhand,Uttarkashi,,30.858889,78.246667,Rock Slide NA
35435,UK/UTT/53J01/2015/1569,Uttarakhand,Uttarkashi,,30.859169,78.085063,Rock Slide NA
35436,UK/UTT/53J01/2015/1451,Uttarakhand,Uttarkashi,,30.859404,78.247945,Rock Slide NA
35437,UK/UTT/53J05/2015/1686,Uttarakhand,Uttarkashi,Rishikesh-Gangotri NH-94,30.859577,78.288161,Rock Slide NA
35438,UK/UTT/53J01/2015/1561,Uttarakhand,Uttarkashi,,30.859722,78.069194,Rock Slide NA
35439,UK/UTT/53J01/2015/1449,Uttarakhand,Uttarkashi,,30.859782,78.239581,Rock Slide NA
35440,UK/UTT/53J05/2015/1691,Uttarakhand,Uttarkashi,,30.86,78.2825,Rock Slide NA
35441,UK/UTT/53J09/2015/930,Uttarakhand,Uttarkashi,Sanglayee-Kujjan road,30.860278,78.643611,Debris Slide NA
35442,UK/UTT/53J05/2015/1685,Uttarakhand,Uttarkashi,Rishikesh-Gangotri NH-94,30.860312,78.287489,Rock Slide NA
35443,UK/UTT/53J05/2015/1684,Uttarakhand,Uttarkashi,Rishikesh-Gangotri NH-94,30.860719,78.287372,Rock Slide NA
35444,UK/UTT/53J01/2015/1532,Uttarakhand,Uttarkashi,,30.86076,78.214013,Rock Slide NA
35445,UK/UTT/53J01/2015/1450,Uttarakhand,Uttarkashi,,30.860906,78.247715,Rock Slide 2013
35446,UK/UTT/53J01/2015/1531,Uttarakhand,Uttarkashi,,30.861148,78.216514,Rock Slide NA
35447,UK/UTT/53J01/2015/1453,Uttarakhand,Uttarkashi,,30.861364,78.238401,Rock Slide 2013
35448,UK/UTT/53J01/2015/1527,Uttarakhand,Uttarkashi,,30.861389,78.202778,Rock Slide NA
35449,UK/UTT/53J01/2015/1526,Uttarakhand,Uttarkashi,,30.861667,78.203056,Rock Slide NA
35450,UK/UTT/53J01/2015/1528,Uttarakhand,Uttarkashi,,30.862618,78.204248,Rock Slide NA
35451,UK/UTT/53J05/2015/1682,Uttarakhand,Uttarkashi,Rishikesh-Gangotri NH-94,30.862929,78.295156,Rock Slide NA
35452,UK/UTT/53J01/2015/1489,Uttarakhand,Uttarkashi,,30.863108,78.242164,Rock Slide NA
35453,UK/DEH/53F13/2015/403,Uttarakhand,Dehradun,Bhadraouli - Palasu,30.863444,77.828333,Debris Slide NA
35454,UK/UTT/53J05/2015/1681,Uttarakhand,Uttarkashi,Rishikesh-Gangotri NH-94,30.863528,78.296111,Rock Slide NA
35455,UK/UTT/53J01/2015/1560,Uttarakhand,Uttarkashi,,30.863645,78.062658,Rock Slide NA
35456,UK/UTT/53J01/2015/1530,Uttarakhand,Uttarkashi,,30.86408,78.214812,Rock Slide NA
35457,UK/UTT/53J01/2015/1566,Uttarakhand,Uttarkashi,,30.864167,78.110056,Rock Slide NA
35458,UK/UTT/53J01/2015/1568,Uttarakhand,Uttarkashi,,30.864694,78.082083,Rock Slide NA
35459,UK/UTT/53J01/2015/1559,Uttarakhand,Uttarkashi,,30.865139,78.065028,Rock Slide NA
35460,UK/UTT/53J05/2015/1813,Uttarakhand,Uttarkashi,,30.865219,78.446527,Rock Slide NA
35461,UK/UTT/53J09/2015/929,Uttarakhand,Uttarkashi,Rishikesh-Gangotri road,30.866079,78.652035,Debris Fall 2013
35462,UK/UTT/53J01/2015/1522,Uttarakhand,Uttarkashi,,30.866111,78.198611,Rock Slide NA
35463,UK/UTT/53J09/2015/928,Uttarakhand,Uttarkashi,Rishikesh-Gangotri road,30.866667,78.654444,Debris Fall 2013
35464,UK/UTT/53J01/2015/1565,Uttarakhand,Uttarkashi,,30.867506,78.115189,Rock Slide NA
35465,UK/UTT/53J01/2015/1558,Uttarakhand,Uttarkashi,,30.867858,78.064105,Rock Slide NA
35466,UK/UTT/53J09/2013/0024,Uttarakhand,Uttarkashi,"UK_UTT_NH108_L24 NH-108, Helgu slide",30.868,78.6541,Debris Slide 16th-17th June 2013
35467,UK/UTT/53J01/2015/1525,Uttarakhand,Uttarkashi,,30.86831,78.187182,Rock Slide NA
35468,UK/UTT/53J01/2015/1524,Uttarakhand,Uttarkashi,,30.868906,78.188141,Rock Slide NA
35469,UK/UTT/53J05/2015/1680,Uttarakhand,Uttarkashi,Rishikesh-Gangotri NH-94,30.869009,78.298209,Rock Slide NA
35470,UK/UTT/53J01/2015/1485,Uttarakhand,Uttarkashi,,30.869194,78.234778,Rock Slide NA
35471,UK/UTT/53J01/2015/1523,Uttarakhand,Uttarkashi,,30.869366,78.186926,Rock Slide NA
35472,UK/UTT/53J05/2015/1683,Uttarakhand,Uttarkashi,,30.87,78.286333,Rock Slide NA
35473,UK/UTT/53J01/2015/1486,Uttarakhand,Uttarkashi,,30.870139,78.233972,Rock Slide NA
35474,UK/UTT/53J05/2015/1679,Uttarakhand,Uttarkashi,Rishikesh-Gangotri NH-94,30.871111,78.300833,Rock Slide NA
35475,UK/UTT/53J01/2015/1556,Uttarakhand,Uttarkashi,,30.871639,78.063694,Rock Slide NA
35476,UK/DEH/53F13/2015/407,Uttarakhand,Dehradun,Bhunar -Tyuni,30.872056,77.935972,Debris Slide NA
35477,UK/DEH/53F13/2015/394,Uttarakhand,Dehradun,Palasu -Bhandrouli -Atal,30.872076,77.814482,Debris Slide NA
35478,UK/UTT/53J01/2015/1557,Uttarakhand,Uttarkashi,,30.872411,78.06375,Rock Slide NA
35479,UK/UTT/53J01/2015/1487,Uttarakhand,Uttarkashi,,30.873013,78.233552,Rock Slide NA
35480,UK/UTT/53J05/2015/1677,Uttarakhand,Uttarkashi,Rishikesh-Gangotri NH-94,30.874018,78.304408,Rock Slide NA
35481,UK/UTT/53J01/2015/1555,Uttarakhand,Uttarkashi,,30.874161,78.058912,Rock Slide NA
35482,UK/UTT/53J05/2015/1678,Uttarakhand,Uttarkashi,Rishikesh-Gangotri NH-94,30.874167,78.303889,Rock Slide NA
35483,UK/UTT/53J05/2015/1676,Uttarakhand,Uttarkashi,Rishikesh-Gangotri NH-94,30.876667,78.308889,Rock Slide NA
35484,UK/UTT/53J05/2015/1675,Uttarakhand,Uttarkashi,Rishikesh-Gangotri NH-94,30.879583,78.310222,Rock Slide NA
35485,UK/UTT/53J05/2015/1674,Uttarakhand,Uttarkashi,Rishikesh-Gangotri NH-94,30.880167,78.309639,Rock Slide NA
35486,UK/UTT/53J01/2015/1483,Uttarakhand,Uttarkashi,,30.8825,78.24,Rock Slide NA
35487,UK/UTT/53J01/2015/1554,Uttarakhand,Uttarkashi,,30.883781,78.087315,Rock Slide NA
35488,UK/DEH/53F13/2015/404,Uttarakhand,Dehradun,Bhadraouli - Palasu,30.884464,77.829521,Debris Slide NA
35489,UK/DEH/53F13/2015/405,Uttarakhand,Dehradun,Bhadraouli - Palasu,30.884522,77.83363,Debris Slide NA
35490,UK/UTT/53J09/2013/0025,Uttarakhand,Uttarkashi,"UK_UTT_NH108_L25 NH-108, Sunagar slide-1",30.885,78.6694,Debris Slide 16th-17th June 2013
35491,UK/UTT/53J01/2015/1482,Uttarakhand,Uttarkashi,,30.886111,78.239722,Rock Slide NA
35492,UK/UTT/53J05/2015/1669,Uttarakhand,Uttarkashi,Rishikesh-Gangotri NH-94,30.886268,78.307332,Rock Slide NA
35493,UK/UTT/53J01/2015/1484,Uttarakhand,Uttarkashi,,30.886944,78.239167,Rock Slide NA
35494,UK/UTT/53J05/2015/1664,Uttarakhand,Uttarkashi,Rishikesh-Gangotri NH-94,30.887156,78.31106,Rock Slide NA
35495,UK/UTT/53J01/2015/1481,Uttarakhand,Uttarkashi,,30.887226,78.238807,Rock Slide NA
35496,UK/UTT/53J05/2015/1665,Uttarakhand,Uttarkashi,Rishikesh-Gangotri NH-94,30.88725,78.310583,Rock Slide NA
35497,UK/UTT/53J05/2015/1666,Uttarakhand,Uttarkashi,Rishikesh-Gangotri NH-94,30.887278,78.309694,Rock Slide NA
35498,UK/UTT/53J05/2015/1668,Uttarakhand,Uttarkashi,Rishikesh-Gangotri NH-94,30.887676,78.30869,Rock Slide NA
35499,UK/UTT/53J05/2015/1667,Uttarakhand,Uttarkashi,Rishikesh-Gangotri NH-94,30.887712,78.309466,Rock Slide NA
35500,UK/UTT/53J05/2015/1670,Uttarakhand,Uttarkashi,Rishikesh-Gangotri NH-94,30.888099,78.306756,Rock Slide NA
35501,UK/UTT/53J05/2015/1794,Uttarakhand,Uttarkashi,,30.888611,78.397306,Rock Slide NA
35502,UK/UTT/53J05/2015/1661,Uttarakhand,Uttarkashi,Rishikesh-Gangotri NH-94,30.888944,78.314556,Rock Slide NA
35503,UK/UTT/53J05/2015/1662,Uttarakhand,Uttarkashi,Rishikesh-Gangotri NH-94,30.888968,78.313856,Rock Slide NA
35504,UK/UTT/53J05/2015/1917,Uttarakhand,Uttarkashi,,30.889167,78.322778,Rock Slide NA
35505,UK/UTT/53J01/2015/1480,Uttarakhand,Uttarkashi,,30.889722,78.243056,Rock Slide NA
35506,UK/UTT/53J01/2015/1567,Uttarakhand,Uttarkashi,,30.889763,78.08118,Rock Slide NA
35507,UK/UTT/53J05/2015/1660,Uttarakhand,Uttarkashi,Rishikesh-Gangotri NH-94,30.890056,78.315694,Rock Slide NA
35508,UK/UTT/53J01/2015/1479,Uttarakhand,Uttarkashi,,30.890401,78.240413,Rock Slide NA
35509,UK/UTT/53J05/2015/1671,Uttarakhand,Uttarkashi,,30.89125,78.304306,Rock Slide NA
35510,UK/BAG/53N16/2018/03,Uttarakhand,Bageshwar,Kuwari rock slide Kuwari village,30.891317,77.043117,Rock Slide NA
35511,UK/UTT/53J05/2015/1672,Uttarakhand,Uttarkashi,,30.891667,78.302778,Rock Slide NA
35512,UK/UTT/53J05/2015/1623,Uttarakhand,Uttarkashi,,30.891944,78.371667,Rock Slide NA
35513,UK/UTT/53J05/2015/1659,Uttarakhand,Uttarkashi,Rishikesh-Gangotri NH-94,30.892222,78.319167,Rock Slide NA
35514,UK/UTT/53J05/2015/1663,Uttarakhand,Uttarkashi,,30.892222,78.313611,Rock Slide NA
35515,UK/UTT/53J01/2015/1478,Uttarakhand,Uttarkashi,,30.892639,78.241806,Rock Slide NA
35516,UK/UTT/53J05/2015/1658,Uttarakhand,Uttarkashi,Rishikesh-Gangotri NH-94,30.892778,78.318889,Rock Slide NA
35517,UK/UTT/53J05/2015/1654,Uttarakhand,Uttarkashi,,30.892822,78.325334,Rock Slide NA
35518,UK/UTT/53J01/2015/1477,Uttarakhand,Uttarkashi,,30.892917,78.239944,Rock Slide NA
35519,UK/UTT/53J05/2015/1673,Uttarakhand,Uttarkashi,,30.893056,78.301667,Rock Slide NA
35520,UK/UTT/53J05/2015/1656,Uttarakhand,Uttarkashi,Rishikesh-Gangotri NH-94,30.893443,78.320915,Rock Slide NA
35521,UK/UTT/53J05/2015/1655,Uttarakhand,Uttarkashi,,30.893458,78.323846,Rock Slide NA
35522,UK/UTT/53J09/2013/0026,Uttarakhand,Uttarkashi,"UK_UTT_NH108_L26 NH-108, Sunagar slide-2",30.8936,78.6741,Debris Slide 16th-17th June 2013
35523,UK/UTT/53J09/2015/927,Uttarakhand,Uttarkashi,Rishikesh-Gangotri road,30.893611,78.674444,Debris Flow 2013
35524,UK/DEH/53F13/2015/393,Uttarakhand,Dehradun,Palasu -Bhandrouli -Atal,30.894206,77.838018,Debris Slide NA
35525,UK/UTT/53J01/2015/1475,Uttarakhand,Uttarkashi,,30.894889,78.238389,Rock Slide NA
35526,UK/UTT/53J01/2015/1476,Uttarakhand,Uttarkashi,,30.895417,78.238806,Rock Slide NA
35527,UK/UTT/53J09/2015/926,Uttarakhand,Uttarkashi,L/b of river Bhagirathi,30.895833,78.676944,Debris Composite 2013
35528,UK/UTT/53J05/2015/1657,Uttarakhand,Uttarkashi,,30.896566,78.32007,Rock Slide NA
35529,UK/UTT/53J05/2015/1653,Uttarakhand,Uttarkashi,Rishikesh-Gangotri NH-94,30.897196,78.325078,Rock Slide NA
35530,UK/UTT/53J05/2015/1652,Uttarakhand,Uttarkashi,Rishikesh-Gangotri NH-94,30.898028,78.326435,Rock Slide NA
35531,UK/DEH/53F13/2015/392,Uttarakhand,Dehradun,Gamri -Tyuni- Palasu,30.898993,77.836854,Debris Slide NA
35532,UK/UTT/53J05/2015/1651,Uttarakhand,Uttarkashi,Rishikesh-Gangotri NH-94,30.899141,78.325632,Rock Slide NA
35533,UK/UTT/53J01/2015/1468,Uttarakhand,Uttarkashi,,30.899635,78.232361,Rock Slide NA
35534,UK/UTT/53J01/2015/1469,Uttarakhand,Uttarkashi,,30.899728,78.229408,Rock Slide NA
35535,UK/UTT/53J05/2015/1650,Uttarakhand,Uttarkashi,Rishikesh-Gangotri NH-94,30.900196,78.325517,Rock Slide NA
35536,UK/UTT/53J01/2015/1472,Uttarakhand,Uttarkashi,,30.900555,78.229232,Rock Slide NA
35537,UK/UTT/53J05/2015/1648,Uttarakhand,Uttarkashi,Rishikesh-Gangotri NH-94,30.900556,78.328889,Rock Slide NA
35538,UK/UTT/53J01/2015/1471,Uttarakhand,Uttarkashi,,30.900724,78.229841,Rock Slide NA
35539,UK/UTT/53J09/2013/0027,Uttarakhand,Uttarkashi,"UK_UTT_NH108_L27 NH-108, Gangnani slide",30.9008,78.6786,Rock cum Debris 16th-17th June 2013
35540,UK/UTT/53J01/2015/1470,Uttarakhand,Uttarkashi,,30.901083,78.229722,Rock Slide NA
35541,UK/UTT/53J05/2015/1649,Uttarakhand,Uttarkashi,Rishikesh-Gangotri NH-94,30.901111,78.325556,Rock Slide NA
35542,UK/UTT/53J05/2015/1647,Uttarakhand,Uttarkashi,Rishikesh-Gangotri NH-94,30.901554,78.327633,Rock Slide NA
35543,UK/UTT/53J05/2015/1793,Uttarakhand,Uttarkashi,,30.901944,78.254167,Rock Slide NA
35544,UK/DEH/53F13/2015/391,Uttarakhand,Dehradun,Gamri -Tyuni- Palasu,30.902083,77.828556,Debris Slide NA
35545,UK/UTT/53J05/2015/1646,Uttarakhand,Uttarkashi,Rishikesh-Gangotri NH-94,30.902257,78.328106,Rock Slide NA
35546,UK/UTT/53J05/2015/1622,Uttarakhand,Uttarkashi,Rishikesh-Gangotri NH-94,30.903241,78.359805,Rock Slide NA
35547,UK/UTT/53J05/2015/1629,Uttarakhand,Uttarkashi,,30.903258,78.349479,Rock Slide NA
35548,UK/UTT/53J05/2015/1633,Uttarakhand,Uttarkashi,Rishikesh-Gangotri NH-94,30.903333,78.340833,Rock Slide NA
35549,UK/UTT/53J01/2015/1467,Uttarakhand,Uttarkashi,,30.903556,78.233889,Rock Slide NA
35550,UK/UTT/53J01/2015/1457,Uttarakhand,Uttarkashi,,30.903611,78.213194,Rock Slide NA
35551,UK/UTT/53J05/2015/1628,Uttarakhand,Uttarkashi,Rishikesh-Gangotri NH-94,30.903658,78.350922,Rock Slide NA
35552,UK/UTT/53J05/2015/1636,Uttarakhand,Uttarkashi,,30.903823,78.339167,Rock Slide NA
35553,UK/UTT/53J05/2015/1644,Uttarakhand,Uttarkashi,Rishikesh-Gangotri NH-94,30.903887,78.32857,Rock Slide NA
35554,UK/UTT/53J05/2015/1634,Uttarakhand,Uttarkashi,Rishikesh-Gangotri NH-94,30.904,78.342278,Rock Slide NA
35555,UK/UTT/53J05/2015/1625,Uttarakhand,Uttarkashi,Rishikesh-Gangotri NH-94,30.90415,78.358941,Rock Slide NA
35556,UK/UTT/53J05/2015/1627,Uttarakhand,Uttarkashi,Rishikesh-Gangotri NH-94,30.904167,78.357778,Rock Slide NA
35557,UK/UTT/53J05/2015/1639,Uttarakhand,Uttarkashi,,30.904212,78.335336,Rock Slide NA
35558,UK/UTT/53J05/2015/1645,Uttarakhand,Uttarkashi,,30.904281,78.332917,Rock Slide NA
35559,UK/UTT/53J01/2015/1466,Uttarakhand,Uttarkashi,,30.904284,78.233075,Rock Slide NA
35560,UK/UTT/53J05/2015/1635,Uttarakhand,Uttarkashi,Rishikesh-Gangotri NH-94,30.904333,78.341944,Rock Slide NA
35561,UK/UTT/53J01/2015/1465,Uttarakhand,Uttarkashi,,30.904651,78.229605,Rock Slide NA
35562,UK/UTT/53J01/2015/1464,Uttarakhand,Uttarkashi,,30.904734,78.227657,Rock Slide NA
35563,UK/UTT/53J01/2015/1564,Uttarakhand,Uttarkashi,,30.905139,78.101111,Rock Slide NA
35564,UK/UTT/53J01/2015/1563,Uttarakhand,Uttarkashi,,30.905167,78.106083,Rock Slide NA
35565,UK/UTT/53J09/2015/925,Uttarakhand,Uttarkashi,Rishikesh-Gangotri road,30.905278,78.679444,Debris Fall 2013
35566,UK/UTT/53J05/2015/1626,Uttarakhand,Uttarkashi,Rishikesh-Gangotri NH-94,30.905403,78.357724,Rock Slide NA
35567,UK/UTT/53J05/2015/1621,Uttarakhand,Uttarkashi,Rishikesh-Gangotri NH-94,30.905952,78.363431,Rock Slide NA
35568,UK/UTT/53J05/2015/1632,Uttarakhand,Uttarkashi,Rishikesh-Gangotri NH-94,30.906045,78.34462,Rock Slide NA
35569,UK/UTT/53J05/2015/1640,Uttarakhand,Uttarkashi,Rishikesh-Gangotri NH-94,30.906134,78.334416,Rock Slide 2010
35570,UK/DEH/53F13/2015/408,Uttarakhand,Dehradun,Bhunar -Tyuni,30.906398,77.857133,Rock Slide NA
35571,UK/UTT/53J05/2015/1637,Uttarakhand,Uttarkashi,Rishikesh-Gangotri NH-94,30.90661,78.336705,Rock Slide NA
35572,UK/UTT/53J01/2015/1378,Uttarakhand,Uttarkashi,,30.906667,78.204444,Rock Slide NA
35573,UK/UTT/53J01/2015/1458,Uttarakhand,Uttarkashi,,30.906706,78.229493,Rock Slide NA
35574,UK/UTT/53J01/2015/1456,Uttarakhand,Uttarkashi,,30.907099,78.229524,Rock Slide NA
35575,UK/UTT/53J05/2015/1638,Uttarakhand,Uttarkashi,Rishikesh-Gangotri NH-94,30.907227,78.336437,Rock Slide NA
35576,UK/UTT/53J01/2015/1459,Uttarakhand,Uttarkashi,,30.907794,78.228884,Rock Slide NA
35577,UK/UTT/53J05/2015/1643,Uttarakhand,Uttarkashi,Rishikesh-Gangotri NH-94,30.908194,78.333889,Rock Slide 2008
35578,UK/UTT/53J05/2015/1624,Uttarakhand,Uttarkashi,,30.908332,78.359242,Rock Slide NA
35579,UK/UTT/53J05/2015/1620,Uttarakhand,Uttarkashi,,30.90875,78.366944,Rock Slide NA
35580,UK/UTT/53J05/2015/1631,Uttarakhand,Uttarkashi,,30.908889,78.338889,Rock Slide NA
35581,UK/UTT/53J01/2015/1460,Uttarakhand,Uttarkashi,,30.909228,78.22642,Rock Slide NA
35582,UK/UTT/53J01/2015/1455,Uttarakhand,Uttarkashi,,30.909928,78.229369,Rock Slide NA
35583,UK/UTT/53J01/2015/1387,Uttarakhand,Uttarkashi,,30.910807,78.230601,Rock Slide 2008
35584,UK/UTT/53J01/2015/1474,Uttarakhand,Uttarkashi,,30.911111,78.235278,Rock Slide NA
35585,UK/DEH/53F13/2015/406,Uttarakhand,Dehradun,Bhadraouli - Palasu,30.911596,77.842662,Debris Slide NA
35586,UK/UTT/53J05/2015/1630,Uttarakhand,Uttarkashi,,30.912222,78.354444,Rock Slide 2014
35587,UK/UTT/53J05/2015/1641,Uttarakhand,Uttarkashi,,30.912522,78.335522,Rock Slide 2011
35588,UK/UTT/53J01/2015/1463,Uttarakhand,Uttarkashi,,30.912529,78.220076,Rock Slide NA
35589,UK/UTT/53J05/2015/1642,Uttarakhand,Uttarkashi,,30.912613,78.333726,Rock Slide 2012
35590,UK/UTT/53J01/2015/1386,Uttarakhand,Uttarkashi,,30.913227,78.228479,Rock Slide 2008
35591,UK/UTT/53J01/2015/1462,Uttarakhand,Uttarkashi,,30.913611,78.220972,Rock Slide NA
35592,UK/UTT/53J01/2015/1473,Uttarakhand,Uttarkashi,,30.915181,78.237057,Rock Slide NA
35593,UK/UTT/53J01/2015/1384,Uttarakhand,Uttarkashi,,30.915929,78.230709,Rock Slide 2008
35594,UK/UTT/53J01/2015/1382,Uttarakhand,Uttarkashi,,30.916437,78.230416,Rock Slide 2008
35595,UK/UTT/53J01/2015/1461,Uttarakhand,Uttarkashi,,30.917137,78.218138,Rock Slide NA
35596,UK/UTT/53J01/2015/1383,Uttarakhand,Uttarkashi,,30.917362,78.228841,Rock Slide 2008
35597,UK/UTT/53J01/2015/1385,Uttarakhand,Uttarkashi,,30.917628,78.223462,Rock Slide 2008
35598,UK/UTT/53J01/2015/1552,Uttarakhand,Uttarkashi,,30.919323,78.086244,Rock Slide NA
35599,UK/DEH/53F13/2015/388,Uttarakhand,Dehradun,Gamri -Tyuni- Palasu,30.919645,77.843788,Rock Slide NA
35600,UK/DEH/53F13/2015/389,Uttarakhand,Dehradun,Gamri -Tyuni- Palasu,30.919663,77.840551,Debris Slide NA
35601,UK/DEH/53F13/2015/390,Uttarakhand,Dehradun,Gamri -Tyuni- Palasu,30.92004,77.837335,Rock Fall NA
35602,UK/UTT/53J05/2015/1791,Uttarakhand,Uttarkashi,Rishikesh-Gangotri NH-94,30.92225,78.383167,Rock Slide NA
35603,UK/UTT/53J05/2015/1790,Uttarakhand,Uttarkashi,Rishikesh-Gangotri NH-94,30.922385,78.384216,Rock Slide NA
35604,UK/UTT/53J01/2015/1379,Uttarakhand,Uttarkashi,,30.923539,78.224257,Rock Slide 2008
35605,UK/UTT/53J01/2015/1377,Uttarakhand,Uttarkashi,,30.923548,78.220867,Rock Slide NA
35606,UK/UTT/53J01/2015/1381,Uttarakhand,Uttarkashi,,30.923579,78.223732,Rock Slide 2008
35607,UK/UTT/53J05/2015/1792,Uttarakhand,Uttarkashi,,30.923984,78.374197,Rock Slide NA
35608,UK/UTT/53J01/2015/1380,Uttarakhand,Uttarkashi,,30.924101,78.224159,Rock Slide NA
35609,UK/DEH/53F13/2015/386,Uttarakhand,Dehradun,Gamri -Tyuni- Palasu,30.924908,77.839547,Debris Slide NA
35610,UK/DEH/53F13/2015/387,Uttarakhand,Dehradun,Gamri -Tyuni- Palasu,30.925208,77.837529,Debris Slide NA
35611,UK/DEH/53F13/2015/379,Uttarakhand,Dehradun,Hanol -Tyuni,30.925906,77.89789,Debris Slide NA
35612,UK/DEH/53F13/2015/380,Uttarakhand,Dehradun,Hanol -Tyuni,30.926867,77.901234,Debris Slide NA
35613,UK/DEH/53F13/2015/605,Uttarakhand,Dehradun,Hanol - Jakhni,30.927066,77.911546,Debris Slide NA
35614,UK/UTT/53J05/2015/1789,Uttarakhand,Uttarkashi,Rishikesh-Gangotri NH-94,30.927917,78.389833,Rock Slide NA
35615,UK/UTT/53J05/2015/1786,Uttarakhand,Uttarkashi,Rishikesh-Gangotri NH-94,30.928067,78.393154,Rock Slide NA
35616,UK/DEH/53F13/2015/378,Uttarakhand,Dehradun,Hanol -Tyuni,30.928194,77.898332,Debris Slide NA
35617,UK/UTT/53J05/2015/1785,Uttarakhand,Uttarkashi,Rishikesh-Gangotri NH-94,30.928772,78.39427,Rock Slide NA
35618,UK/UTT/53J05/2015/1781,Uttarakhand,Uttarkashi,Rishikesh-Gangotri NH-94,30.929685,78.39698,Rock Slide NA
35619,UK/UTT/53J05/2015/1776,Uttarakhand,Uttarkashi,,30.929811,78.403453,Rock Slide NA
35620,UK/UTT/53J05/2015/1784,Uttarakhand,Uttarkashi,Rishikesh-Gangotri NH-94,30.929916,78.394719,Rock Slide NA
35621,UK/UTT/53J05/2015/1782,Uttarakhand,Uttarkashi,Rishikesh-Gangotri NH-94,30.93,78.39625,Rock Slide NA
35622,UK/UTT/53J05/2015/1787,Uttarakhand,Uttarkashi,,30.930175,78.39078,Rock Slide NA
35623,UK/UTT/53J05/2015/1780,Uttarakhand,Uttarkashi,Rishikesh-Gangotri NH-94,30.930392,78.398371,Rock Slide NA
35624,UK/UTT/53J05/2015/1777,Uttarakhand,Uttarkashi,,30.930641,78.401218,Rock Slide NA
35625,UK/UTT/53J05/2015/1778,Uttarakhand,Uttarkashi,,30.930641,78.403956,Rock Slide NA
35626,UK/UTT/53J09/2015/923,Uttarakhand,Uttarkashi,Rishikesh-Gangotri road,30.930833,78.684444,Debris Composite 2013
35627,UK/UTT/53J05/2015/1779,Uttarakhand,Uttarkashi,,30.930979,78.405346,Rock Slide NA
35628,UK/UTT/53J09/2013/0028,Uttarakhand,Uttarkashi,"UK_UTT_NH108_L28 NH-108, Jyoti slide",30.9311,78.6841,Rock cum Debris 16th-17th June 2013
35629,UK/UTT/53J09/2015/924,Uttarakhand,Uttarkashi,L/b of kanauldia gad,30.931111,78.683611,Debris Composite 2013
35630,UK/UTT/53J05/2015/1788,Uttarakhand,Uttarkashi,,30.931212,78.391782,Rock Slide NA
35631,UK/UTT/53J05/2015/1775,Uttarakhand,Uttarkashi,Rishikesh-Gangotri NH-94,30.931663,78.399319,Rock Slide NA
35632,UK/UTT/53J05/2015/1774,Uttarakhand,Uttarkashi,Rishikesh-Gangotri NH-94,30.933009,78.401604,Rock Slide NA
35633,UK/UTT/53J05/2015/1773,Uttarakhand,Uttarkashi,NH-134,30.933672,78.402695,Rock Slide NA
35634,UK/UTT/53J05/2015/1772,Uttarakhand,Uttarkashi,Rishikesh-Gangotri NH-94,30.937083,78.404389,Rock Slide NA
35635,UK/DEH/53F13/2015/377,Uttarakhand,Dehradun,Hanol -Tyuni,30.938194,77.9025,Rock Slide NA
35636,UK/UTT/53J05/2015/1771,Uttarakhand,Uttarkashi,Rishikesh-Gangotri NH-94,30.939784,78.404248,Rock Slide NA
35637,UK/UTT/53J05/2015/1770,Uttarakhand,Uttarkashi,Rishikesh-Gangotri NH-94,30.939843,78.405266,Rock Slide NA
35638,UK/UTT/53J05/2015/1768,Uttarakhand,Uttarkashi,Rishikesh-Gangotri NH-94,30.940735,78.405315,Rock Slide NA
35639,UK/UTT/53J05/2015/1769,Uttarakhand,Uttarkashi,Rishikesh-Gangotri NH-94,30.941858,78.404144,Rock Slide NA
35640,UK/UTT/53J05/2015/1767,Uttarakhand,Uttarkashi,Rishikesh-Gangotri NH-94,30.941915,78.405897,Rock Slide NA
35641,UK/DEH/53F13/2015/381,Uttarakhand,Dehradun,Hanol -Tyuni,30.942139,77.872722,Debris Slide NA
35642,UK/UTT/53J05/2015/1766,Uttarakhand,Uttarkashi,Rishikesh-Gangotri NH-94,30.942417,78.406806,Rock Slide NA
35643,UK/UTT/53J05/2015/1765,Uttarakhand,Uttarkashi,Rishikesh-Gangotri NH-94,30.942896,78.407218,Rock Slide NA
35644,UK/DEH/53F13/2015/412,Uttarakhand,Uttarkashi,Kulaha -Tyuni,30.943106,77.823641,Debris Slide NA
35645,UK/UTT/53J05/2015/1764,Uttarakhand,Uttarkashi,Rishikesh-Gangotri NH-94,30.943272,78.407297,Rock Slide NA
35646,UK/DEH/53F13/2015/376,Uttarakhand,Dehradun,Hanol -Tyuni,30.943806,77.897656,Debris Slide NA
35647,UK/UTT/53J05/2015/1762,Uttarakhand,Uttarkashi,Rishikesh-Gangotri NH-94,30.943838,78.407797,Rock Slide NA
35648,UK/UTT/53J05/2015/1763,Uttarakhand,Uttarkashi,Rishikesh-Gangotri NH-94,30.944235,78.406575,Rock Slide NA
35649,UK/UTT/53J05/2015/1761,Uttarakhand,Uttarkashi,Rishikesh-Gangotri NH-94,30.944417,78.408222,Rock Slide NA
35650,UK/DEH/53F13/2015/384,Uttarakhand,Dehradun,Hanol -Tyuni,30.945314,77.854681,Debris Slide NA
35651,UK/UTT/53J05/2015/1759,Uttarakhand,Uttarkashi,Rishikesh-Gangotri NH-94,30.945611,78.409417,Rock Slide NA
35652,UK/DEH/53F13/2015/382,Uttarakhand,Dehradun,Hanol -Tyuni,30.946142,77.866121,Debris Slide NA
35653,UK/UTT/53J05/2015/1783,Uttarakhand,Uttarkashi,,30.94625,78.395611,Rock Slide NA
35654,UK/UTT/53J05/2015/1760,Uttarakhand,Uttarkashi,Rishikesh-Gangotri NH-94,30.946552,78.40829,Rock Slide NA
35655,UK/DEH/53F13/2015/411,Uttarakhand,Uttarkashi,Kulaha -Tyuni,30.946596,77.814591,Debris Slide NA
35656,UK/DEH/53F13/2015/383,Uttarakhand,Dehradun,Hanol -Tyuni,30.947013,77.865971,Debris Slide NA
35657,UK/UTT/53J05/2015/1758,Uttarakhand,Uttarkashi,Rishikesh-Gangotri NH-94,30.947079,78.410534,Rock Slide NA
35658,UK/DEH/53F13/2015/410,Uttarakhand,Uttarkashi,Kulaha -Tyuni,30.947278,77.811741,Debris Slide NA
35659,UK/DEH/53F13/2015/409,Uttarakhand,Uttarkashi,Kulaha -Tyuni,30.948083,77.806389,Rock Slide NA
35660,UK/UTT/53J05/2015/1756,Uttarakhand,Uttarkashi,Rishikesh-Gangotri NH-94,30.949319,78.412676,Rock Slide NA
35661,UK/UTT/53J01/2015/1553,Uttarakhand,Uttarkashi,,30.949843,78.100425,Rock Slide NA
35662,UK/UTT/53J05/2015/1755,Uttarakhand,Uttarkashi,Rishikesh-Gangotri NH-94,30.949962,78.413797,Rock Slide NA
35663,UK/UTT/53J05/2015/1754,Uttarakhand,Uttarkashi,,30.950056,78.415894,Rock Slide NA
35664,UK/UTT/53J09/2015/922,Uttarakhand,Uttarkashi,Rishikesh-Gangotri road,30.950728,78.691114,Debris Slide NA
35665,UK/UTT/53J05/2015/1753,Uttarakhand,Uttarkashi,Rishikesh-Gangotri NH-94,30.951493,78.412345,Rock Slide NA
35666,UK/UTT/53J09/2015/921,Uttarakhand,Uttarkashi,Rishikesh-Gangotri road,30.951505,78.692052,Debris Flow NA
35667,UK/DEH/53F13/2015/414,Uttarakhand,Uttarkashi,Kulaha -Tyuni,30.951585,77.841358,Rock Fall NA
35668,UK/UTT/53J09/2015/920,Uttarakhand,Uttarkashi,L/b of river Bhagirathi,30.952838,78.692687,Debris Flow NA
35669,UK/UTT/53J05/2015/1795,Uttarakhand,Uttarkashi,,30.953611,78.25,Rock Slide NA
35670,UK/DEH/53F13/2015/413,Uttarakhand,Uttarkashi,Kulaha -Tyuni,30.953951,77.841677,Rock Slide NA
35671,UK/UTT/53J05/2015/1751,Uttarakhand,Uttarkashi,Rishikesh-Gangotri NH-94,30.954117,78.414825,Rock Slide NA
35672,UK/UTT/53J05/2015/1750,Uttarakhand,Uttarkashi,Rishikesh-Gangotri NH-94,30.955705,78.41753,Rock Slide NA
35673,UK/UTT/53J05/2015/1748,Uttarakhand,Uttarkashi,Rishikesh-Gangotri NH-94,30.956497,78.418747,Rock Slide NA
35674,UK/UTT/53J05/2015/1747,Uttarakhand,Uttarkashi,Rishikesh-Gangotri NH-94,30.957004,78.41773,Rock Slide NA
35675,UK/UTT/53J05/2015/1746,Uttarakhand,Uttarkashi,Rishikesh-Gangotri NH-94,30.957941,78.420209,Rock Slide NA
35676,UK/UTT/53J01/2015/1551,Uttarakhand,Uttarkashi,SH-17,30.958041,78.087709,Rock Slide NA
35677,UK/UTT/53J05/2015/1744,Uttarakhand,Uttarkashi,Rishikesh-Gangotri NH-94,30.958333,78.421667,Rock Slide NA
35678,UK/UTT/53J05/2015/1745,Uttarakhand,Uttarkashi,Rishikesh-Gangotri NH-94,30.959137,78.418616,Rock Slide NA
35679,UK/UTT/53J05/2015/1742,Uttarakhand,Uttarkashi,Rishikesh-Gangotri NH-94,30.959302,78.425531,Rock Slide NA
35680,UK/UTT/53F13/2015/375,Uttarakhand,Uttarkashi,Hanol -Tyuni,30.959934,77.894659,Debris Slide NA
35681,UK/UTT/53J05/2015/1749,Uttarakhand,Uttarkashi,,30.960002,78.405005,Rock Slide NA
35682,UK/UTT/53J05/2015/1743,Uttarakhand,Uttarkashi,Rishikesh-Gangotri NH-94,30.96021,78.425465,Rock Slide NA
35683,UK/UTT/53J05/2015/1741,Uttarakhand,Uttarkashi,Rishikesh-Gangotri NH-94,30.960382,78.426348,Rock Slide NA
35684,UK/UTT/53J05/2015/1740,Uttarakhand,Uttarkashi,Rishikesh-Gangotri NH-94,30.961289,78.426272,Rock Slide NA
35685,UK/UTT/53J05/2015/1738,Uttarakhand,Uttarkashi,Rishikesh-Gangotri NH-94,30.962196,78.427587,Rock Slide NA
35686,UK/UTT/53J05/2015/1737,Uttarakhand,Uttarkashi,Rishikesh-Gangotri NH-94,30.962526,78.43049,Rock Slide NA
35687,UK/UTT/53J05/2015/1736,Uttarakhand,Uttarkashi,Rishikesh-Gangotri NH-94,30.963001,78.428537,Rock Slide NA
35688,UK/UTT/53J05/2015/1739,Uttarakhand,Uttarkashi,,30.963979,78.424528,Rock Slide NA
35689,UK/UTT/53J05/2015/1734,Uttarakhand,Uttarkashi,Rishikesh-Gangotri NH-94,30.964439,78.428892,Rock Slide NA
35690,UK/UTT/53J05/2015/1733,Uttarakhand,Uttarkashi,Rishikesh-Gangotri NH-94,30.964526,78.430284,Rock Slide NA
35691,UK/UTT/53J05/2015/1735,Uttarakhand,Uttarkashi,Rishikesh-Gangotri NH-94,30.964776,78.432011,Rock Slide NA
35692,UK/UTT/53J05/2015/1732,Uttarakhand,Uttarkashi,Rishikesh-Gangotri NH-94,30.965611,78.429306,Rock Slide NA
35693,UK/UTT/53J05/2015/1757,Uttarakhand,Uttarkashi,,30.966389,78.411944,Rock Slide NA
35694,UK/UTT/53J05/2015/1731,Uttarakhand,Uttarkashi,,30.967639,78.435278,Rock Slide NA
35695,UK/UTT/53J05/2015/1714,Uttarakhand,Uttarkashi,,30.968472,78.44725,Rock Slide NA
35696,UK/UTT/53J05/2015/1717,Uttarakhand,Uttarkashi,,30.968609,78.442736,Rock Slide NA
35697,UK/UTT/53J05/2015/1715,Uttarakhand,Uttarkashi,,30.968667,78.446361,Rock Slide NA
35698,UK/UTT/53J05/2015/1713,Uttarakhand,Uttarkashi,,30.968756,78.448308,Rock Slide NA
35699,UK/UTT/53J05/2015/1712,Uttarakhand,Uttarkashi,,30.968761,78.448035,Rock Slide NA
35700,UK/UTT/53J05/2015/1710,Uttarakhand,Uttarkashi,,30.968985,78.449417,Rock Slide NA
35701,UK/UTT/53J05/2015/1716,Uttarakhand,Uttarkashi,,30.969025,78.44405,Rock Slide NA
35702,UK/UTT/53J05/2015/1719,Uttarakhand,Uttarkashi,,30.969057,78.442153,Rock Slide NA
35703,UK/UTT/53J05/2015/1720,Uttarakhand,Uttarkashi,,30.969144,78.440087,Rock Slide NA
35704,UK/UTT/53J05/2015/1708,Uttarakhand,Uttarkashi,,30.969333,78.449583,Rock Slide NA
35705,UK/UTT/53J05/2015/1723,Uttarakhand,Uttarkashi,,30.969337,78.437172,Rock Slide NA
35706,UK/UTT/53J05/2015/1711,Uttarakhand,Uttarkashi,,30.969361,78.4485,Rock Slide NA
35707,UK/UTT/53J05/2015/1722,Uttarakhand,Uttarkashi,,30.96941,78.439245,Rock Slide NA
35708,UK/UTT/53J05/2015/1718,Uttarakhand,Uttarkashi,,30.969528,78.4425,Rock Slide NA
35709,UK/UTT/53J05/2015/1709,Uttarakhand,Uttarkashi,,30.969531,78.453015,Rock Slide NA
35710,UK/UTT/53J05/2015/1730,Uttarakhand,Uttarkashi,Rishikesh-Gangotri NH-94,30.969722,78.433194,Rock Slide NA
35711,UK/UTT/53J05/2015/1727,Uttarakhand,Uttarkashi,,30.970186,78.434355,Rock Slide NA
35712,UK/UTT/53J05/2015/1729,Uttarakhand,Uttarkashi,Rishikesh-Gangotri NH-94,30.970278,78.433333,Rock Slide NA
35713,UK/UTT/53J05/2015/1752,Uttarakhand,Uttarkashi,,30.970556,78.406111,Rock Slide NA
35714,UK/UTT/53J05/2015/1721,Uttarakhand,Uttarkashi,,30.970588,78.439208,Rock Slide NA
35715,UK/UTT/53J05/2015/1728,Uttarakhand,Uttarkashi,,30.970833,78.43375,Rock Slide NA
35716,UK/UTT/53F13/2015/373,Uttarakhand,Uttarkashi,Khunigad-Hanol,30.971611,77.943778,Debris Slide NA
35717,UK/UTT/53F13/2015/374,Uttarakhand,Uttarkashi,Khunigad-Hanol,30.972056,77.937639,Debris Slide NA
35718,UK/UTT/53J05/2015/1726,Uttarakhand,Uttarkashi,Rishikesh-Gangotri NH-94,30.972183,78.432302,Rock Slide NA
35719,UK/UTT/53J05/2015/1725,Uttarakhand,Uttarkashi,Rishikesh-Gangotri NH-94,30.973056,78.433472,Rock Slide NA
35720,UK/UTT/53J05/2015/1724,Uttarakhand,Uttarkashi,Rishikesh-Gangotri NH-94,30.973394,78.436568,Rock Slide NA
35721,UK/DEH/53F13/2015/371,Uttarakhand,Dehradun,Khunigad-Hanol,30.973833,77.953583,Debris Slide NA
35722,UK/UTT/53J05/2015/1707,Uttarakhand,Uttarkashi,,30.974167,78.4475,Rock Slide NA
35723,UK/UTT/53J05/2015/1706,Uttarakhand,Uttarkashi,Rishikesh-Gangotri NH-94,30.974284,78.438254,Rock Slide NA
35724,UK/UTT/53J01/2015/1550,Uttarakhand,Uttarkashi,,30.975377,78.070245,Rock Slide NA
35725,UK/UTT/53F13/2015/368,Uttarakhand,Uttarkashi,Khunigad-Hanol,30.976083,77.968944,Debris Slide NA
35726,UK/UTT/53F13/2015/367,Uttarakhand,Uttarkashi,Khunigad-Hanol,30.97625,77.969417,Debris Slide NA
35727,UK/UTT/53F13/2015/370,Uttarakhand,Uttarkashi,Khunigad-Hanol,30.976694,77.96575,Debris Slide NA
35728,UK/UTT/53J01/2015/1549,Uttarakhand,Uttarkashi,,30.988345,78.06633,Rock Slide NA
35729,UK/UTT/53J09/2015/919,Uttarakhand,Uttarkashi,Rishikesh-Gangotri road,30.989444,78.700556,Debris Flow NA
35730,UK/UTT/53F13/2015/369,Uttarakhand,Uttarkashi,Khunigad-Hanol,30.990326,77.956444,Debris Slide NA
35731,UK/UTT/53J01/2015/1548,Uttarakhand,Uttarkashi,,30.991645,78.065594,Rock Slide NA
35732,UK/UTT/53J01/2015/1543,Uttarakhand,Uttarkashi,,30.994167,78.009722,Rock Slide NA
35733,UK/UTT/53I16/2013/0033,Uttarakhand,Uttarkashi,"UK_UTT_NH108_L33 NH-108, Bhairon Jhanp slide",30.9944,78.9416,Rock cum Debris Flow 16th-17th June 2013
35734,UK/UTT/53F13/2015/372,Uttarakhand,Uttarkashi,Khunigad-Hanol,30.995633,77.928842,Debris Slide NA
35735,UK/UTT/53J01/2015/1542,Uttarakhand,Uttarkashi,,30.995728,78.001818,Rock Slide NA
35736,UK/UTT/53J01/2015/1547,Uttarakhand,Uttarkashi,,30.996108,78.063161,Rock Slide NA
35737,UK/UTT/53J09/2013/0029,Uttarakhand,Uttarkashi,"UK_UTT_NH108_L29 NH-108, Sukhi Top slide",30.9969,78.6969,Debris Flow 16th-17th June 2013
35738,UK/UTT/53J01/2015/1544,Uttarakhand,Uttarkashi,,30.9973,78.021985,Rock Slide NA
35739,UK/UTT/53J01/2015/1546,Uttarakhand,Uttarkashi,,30.997415,78.062382,Rock Slide NA
35740,UK/UTT/53J01/2015/1545,Uttarakhand,Uttarkashi,,30.998923,78.0289,Rock Slide NA
35741,UK/UTT/53F13/2015/385,Uttarakhand,Uttarkashi,Gamri -Tyuni- Palasu,30.999203,77.836029,Debris Slide NA
35742,UK/UTT/53I04/2020/1,Uttarakhand,Uttarkashi,Panwa-Netwar-Mori,31.09,78.12,Rock Slide 2014
35743,UK/UTT/53I04/2020/3,Uttarakhand,Uttarkashi,Panwa-Netwar-Mori,31.1,78.19,Rock Slide 2014
35744,UK/UTT/53I04/2020/2,Uttarakhand,Uttarkashi,Panwa-Netwar-Mori,31.13,78.17,Rock Slide 2014
35745,3311,Uttarakhand,Bageshwar,NULL,29.962495,80.016615,Debris Subsidence NA
35746,3312,Uttarakhand,Bageshwar,NULL,29.9760133,80.0483566,Debris Subsidence NA
35747,3313,Uttarakhand,Bageshwar,NULL,29.9839616,80.0222466,Debris Subsidence NA
35748,3314,Uttarakhand,Bageshwar,NULL,29.9838916,80.0178516,Debris Subsidence NA
35749,3315,Uttarakhand,Bageshwar,NULL,29.987355,80.016625,Debris Flow NA
35750,3316,Uttarakhand,Bageshwar,NULL,29.9818966,80.011175,Rock Slide NA
35751,3317,Uttarakhand,Bageshwar,NULL,29.9822912,79.985074,Debris Slide NA
35752,3318,Uttarakhand,Bageshwar,NULL,29.9883433,79.9439716,Debris Slide NA
35753,3319,Uttarakhand,Bageshwar,NULL,29.99074,79.930685,Debris Slide NA
35754,3320,Uttarakhand,Bageshwar,NULL,29.9679616,79.900755,Debris Slide NA
35755,3321,Uttarakhand,Bageshwar,NULL,29.9993716,79.564285,Debris Slide NA
35756,3322,Uttarakhand,Chamoli,NULL,30.0293483,79.5267,Debris Slide NA
35757,3323,Uttarakhand,Chamoli,NULL,30.064215,79.5073433,Debris Slide 27 August 2024
35758,3324,Uttarakhand,Chamoli,NULL,30.0721066,79.4989966,Debris Slide 14 September 2024
35759,3325,Uttarakhand,Chamoli,NULL,30.0739866,79.5004016,Debris Slide 21 August 2024
35760,3326,Uttarakhand,Chamoli,NULL,30.084545,79.4846983,Debris Slide October 2024
35761,3328,Uttarakhand,Rudraprayag,NULL,30.3536733,78.95996,Debris Slide 2024
35762,3330,Uttarakhand,Tehri Garhwal,NULL,30.5416983,78.8059866,Debris Flow 21 August 2024
35763,3331,Uttarakhand,Tehri Garhwal,NULL,30.5416566,78.8084316,Debris Flow 21 August 2024
35764,3332,Uttarakhand,Tehri Garhwal,NULL,30.4134798,78.7356549,Debris Slide NA
35765,3333,Uttarakhand,Tehri Garhwal,NULL,30.41035,78.7841033,Debris Slide NA
35766,3335,Uttarakhand,Tehri Garhwal,NULL,30.4457916,78.8065083,Debris Flow 11 August 2024
35767,3336,Uttarakhand,Tehri Garhwal,NULL,30.443595,78.7942766,Debris Slide 11 August 2024
35768,3338,Uttarakhand,Tehri Garhwal,NULL,30.37265,78.5851083,Debris Flow 26 July 2024
35769,3339,Uttarakhand,Tehri Garhwal,NULL,30.4228566,78.808145,Debris Slide NA
35770,3362,Uttarakhand,Tehri Garhwal,NULL,30.0774009,78.5216229,Debris Lateral spread NA
35771,3365,Uttarakhand,Chamoli,NULL,30.071759,79.502574,Rock Fall 10 June 2025
35772,3369,Uttarakhand,Chamoli,NULL,30.334904,79.320239,Debris 10 April 2025
35773,3385,Uttarakhand,Uttarkashi,NULL,30.9913537,78.4567104,Rock Slide 23 June 2025
35774,1,Uttarakhand,Almora,KwarabLandslide Nainital-Almora road (NH-109),29.55386944,79.60821667,"Rock Slide 2010, September, 2024"
35775,1,Uttarakhand,Bageshwar,Pagna Landslide Bageshwar-Pagna-Sakteshwar road,29.78191944,79.81623611,Soil Slide 13 Spetember 2024
35776,1,Uttarakhand,Chamoli,Tangni slide L1 NH-07,30.48083,79.46833,Debris Slide NA
35777,2,Uttarakhand,Chamoli,Patal ganga slide L2 NH-07,30.4861,79.4794,Rock Fall NA
35778,5754,Uttarakhand,Chamoli,NULL,30.108792,79.429737,Debris Slide NA
35779,5758,Uttarakhand,Chamoli,NULL,30.085636,79.469557,Debris Slide NA
35780,UK/PAU/53J08/2025/01,Uttarakhand,Pauri Garhwal,Neelkanth Mahadev Temple landslide Neelkanth Mahadev Temple road,30.11963889,78.36477778,Rock Topple 12 August 2025
35781,UK/PAU/53J08/2025/02,Uttarakhand,Pauri Garhwal,Neelkanth Mahadev Temple landslide Neelkanth Mahadev Temple,30.0805,78.34372222,Debris Slide July 2025
35782,UK/PAU/53J12/2025/03,Uttarakhand,Pauri Garhwal,"Tota Ghati landslide Tota Ghati, Kedarnath - Badrinath road",30.07611111,78.52072222,Rock Topple July 2025
35783,UK/CHA/53N12/2025/02,Uttarakhand,Chamoli,Chepadon SH,30.04883333,79.53783333,"Debris Flow Flow 23 August 2025, 0:30 hrs"
35784,UK/CHA/53N12/2025/03,Uttarakhand,Chamoli,Radibagad SH,30.06472222,79.51305556,"Debris Flow Flow 23 August 2025, 0:45 hrs"
35785,UK/CHA/53N12/2025/04,Uttarakhand,Chamoli,Kotdeep Tharali-Dungri SH,30.07166667,79.50266667,"Debris Slide 23 August 2025, 0:45 hrs"
35786,UK/CHA/53N12/2025/05,Uttarakhand,Chamoli,Bairkande SH,30.06938889,79.50522222,"Debris Slide 23 August 2025, 0:45 hrs"
35787,UK/CHA/53N12/2025/06,Uttarakhand,Chamoli,Tharali-Dungri Road SH,30.07344444,79.50233333,Debris Slide 23 August 2025
35788,UK/DEH/53J03/2025/01,Uttarakhand,Dehradun,"Kurliguard Debris flow Near Sahastradhara – Majhauda road, north of Dehradun, Uttar akhand",30.40491111,78.13888333,Debris Flows 16 September 2025
35789,UK/DEH/53J03/2025/02,Uttarakhand,Dehradun,Kurligad debris slide Kurligad village,30.40553889,78.14105278,Debris Slide 15th-16th September 2025
35790,UK/DEH/53J03/2025/03,Uttarakhand,Dehradun,Majhara Debris slide Majhara road,30.40573889,78.13713056,"Debris Slide 2010, 16 September 2025"
35791,UK/TEH/53J12/2025/01,Uttarakhand,Tehri Garhwal,Ram Krishna Sharda Mission Landslide Rishikesh Badrinath National Highway (NH-07),30.13972222,78.59416667,"Debris Slide 2010, August 2025"
35792,UK/DEH/53J03/2025/04,Uttarakhand,Dehradun,Khala gaon SH-1,30.41031944,78.08852778,Rock Slide 15th-16th September 2025
35793,UK/DEH/53J03/2025/05,Uttarakhand,Dehradun,Pani wala more/ band SH-1,30.41808889,78.07481944,Rock Slide 15th-16th September 2025
35794,UK/DEH/53J03/2025/06,Uttarakhand,Dehradun,Little heaven SH-1,30.42126389,78.07908056,Debris Slide 15th-16th September 2025
35795,UK/DEH/53J03/2025/07,Uttarakhand,Dehradun,Kholu khet,30.42299167,78.07934444,Debris slide 15th-16th September 2025
35796,UK/DEH/53J03/2025/08,Uttarakhand,Dehradun,Jharipani view point SH-1,30.423175,78.07228333,Rock Fall 15th-16th September 2025
35797,UK/DEH/53J03/2025/09,Uttarakhand,Dehradun,Jharipani Mussoorie SH,30.41810833,78.08585,Rock Fall 15th-16th September 2025
35798,UK/PTH/62C06/2025/01,Uttarakhand,Pithoragarh,"Uchhakot, Tok Ojhapali village Uchhakot, Tok Ojhapali village",29.74830556,80.35272222,"Debris Slide 28 November 2025, 4.45am"
35799,UK/CH/TNK/PDLS/2025/01,Uttarakhand,Pithoragarh,Lohargaon (Near KMVN) SH,29.79944444,80.25019444,Debris Slide 16 September 2025
35800,UK/CP/62C03/2025/01,Uttarakhand,Champawat,Khai kot Talla (L1) Newly constructed road from Pancheshwar to Ghat along Kali river near Khaikot Talla,29.45769,80.19092,Rock Fall NA
35801,UK/CP/62C03/2025/02,Uttarakhand,Champawat,Khai kot Talla (L2) Newly constructed road from Pancheshwar to Ghat along Kali river near Khaikot Talla,29.457862,80.191313,Rock cum debris Debris flow NA
35802,UK/NAI/53O11/2025/01,Uttarakhand,Nainital,"Dhungsil Landslide Near Bhimeshwar Temple, on the way to Barn Resort, at a distance of about 1.3 km from the lake side road in the Bhimtal",29.33412222,79.56416111,Rock Slide 2010
35803,UK/DEH/53J03/2025/10,Uttarakhand,Dehradun,Subsidence Bhatoli gaon along SH-1,30.50230556,78.01522222,Debris Subsidence 16 September 2025
35804,UK/DEH/53J03/2025/11,Uttarakhand,Dehradun,Kempty debris subsidence Kempty area SH-1,30.49138889,78.04047222,Debris Subsidence 15th-16th September 2025
35805,UK/DEH/53J03/2025/12,Uttarakhand,Dehradun,Debris slide SH-1,30.46161111,78.05969444,Debris Slide 16 September 2025
35806,UK/DEH/53J03/2025/13,Uttarakhand,Dehradun,Debris slide SH-1,30.42502778,78.07377778,Debris Slide 16 September 2025
35807,UK/DEH/53J03/2025/14,Uttarakhand,Dehradun,Kolukhet – Jharipani Debris Landslide Mussoorie Road (Kolukhet – Jharipani Sector),30.41069444,78.0865,Unconsolidated colluvial debris Debris slide 16 September 2025
35808,UK/UKH/53J05/2025/01,Uttarakhand,Uttarkashi,"Naun Kenchi, Near Bhairav Mandir Yamunotri Foot trek",30.99119,78.45545,Rock Slide 23 June 2025 16.10hrs
35809,UK/UKH/53J05/2025/02,Uttarakhand,Uttarkashi,Silai Bend Slide-I NH-134,30.8993927,78.3265429,"Debris flow 29 June 2025,01.45hrs"
35810,UK/UKH/53J05/2025/03,Uttarakhand,Uttarkashi,Silai Bend Slide-II NH-134,30.8977678,78.3265819,"Debris flow 29 June 2025,01.45hrs"
35811,UK/UKH/53J05/2025/04,Uttarakhand,Uttarkashi,Pali village slide (East) NH-134,30.8956471,78.302375,"Debris flow 29 June 2025,01.45hrs"
35812,UK/UKH/53J05/2025/05,Uttarakhand,Uttarkashi,Pali village slide NH-134,30.8984873,78.2980529,"Debris flow 29 June 2025,01.45hrs"
35813,UK/UKH/53J05/2025/06,Uttarakhand,Uttarkashi,Pali village slide-1 NH-134,30.900998,78.2975857,"Debris flow 29 June 2025,01.45hrs"
35814,UK/UKH/53J05/2025/07,Uttarakhand,Uttarkashi,Pali village slide-2 NH-134,30.8940423,78.3019077,"Debris Slide 29 June 2025,01.45hrs"
35815,UK/UKH/53J05/2025/08,Uttarakhand,Uttarkashi,Pali_NH_Slide-1 NH-134,30.8941936,78.3213772,"Debris flow 29 June 2025, 03.00hrs-05.00hrs"
35816,UK/UKH/53J05/2025/08A,Uttarakhand,Uttarkashi,Pali_NH_Slide-2 NH-134,30.8941298,78.3209811,"Debris flow 29 June 2025, 03.00hrs-05.00hrs"
35817,UK/UKH/53J05/2025/09,Uttarakhand,Uttarkashi,Kharadi Slide NH-134,30.844862,78.2755306,"Debris Slide June 2025, 14 July 2025, 19 August 2025"
35818,UK/UKH/53J6/2025/10,Uttarakhand,Uttarkashi,Netala NH-34,30.7425,78.4927,Rock Slide 29 June 2025 at 01.30hrs-02.30hrs
35819,UK/UKH/53J9/2025/11,Uttarakhand,Uttarkashi,Laaldhang NH-34,30.754834,78.561414,Debris Slide 29 June 2025 at 01.30-02.30hrs
35820,UK/UKH/53J9/2025/12,Uttarakhand,Uttarkashi,Bishanpur NH-34,30.7557,78.571,Debris flow 29 June 2025 at 06.00hrs
35821,UK/UKH/53J9/2025/13,Uttarakhand,Uttarkashi,Naluna NH-34,30.756171,78.57631,Rock Slide 04 August 2025 09.28hrs
35822,UK/UKH/53J9/2025/14,Uttarakhand,Uttarkashi,Swari Gad slide NH-34,30.843545,78.627507,Debris Slide 04 July 2025 at 05.00hrs
35823,UK/UKH/53J9/2025/15,Uttarakhand,Uttarkashi,Son Gad slide NH-34,30.881375,78.664746,Rock Slide NA
35824,UK/UKH/53J9/2025/16,Uttarakhand,Uttarkashi,Helgugad slide NH-34,30.8683,78.6542,Rock Slide 29 June 2025 at 01.30-02.30hrs
35825,UK/UKH/53J9/2025/17,Uttarakhand,Uttarkashi,Athali slide NH-34,30.742292,78.364053,Rock Slide 29 June 2025 at 01.00-02.30hrs
35826,UK/UKH/53J9/2025/18,Uttarakhand,Uttarkashi,Nalupani-1 NH-34,30.6517586,78.3323707,"Rock Slide 20 August 2025, 10 September 2025 at 09.30hrs, 8 Septemeber 2025 at 14.45hrs"
35827,UK/UKH/53J9/2025/19,Uttarakhand,Uttarkashi,Nalupani-1A NH-34,30.658561,78.336291,Rock Slide 04August 2025at 11.20hrs
35828,UK/CHML/53N7/2025/01,Uttarakhand,Chamoli,Bhanerpani (Gundala) NH-07,30.4525,79.428611,Rock Slide NA
35829,UK/CHML/53N7/2025/02,Uttarakhand,Chamoli,Mason-2 (new Slide a Pursati) NH-7 Pursadi,30.342593,79.319116,"Rock Slide 03 September 2025 at 06.00 hrs, 06 September 2025 and 18 September 2025 at 06.00 hrs"
35830,UK/CHML/53N7/2025/04,Uttarakhand,Chamoli,Mason-1 Mason / NH-7,30.336652,79.319623,"Rock Slide 06 September 2025 at 06.00 hrs, 18 September 2025 at 05.00-06.00hrs"
35831,UK/CHML/53N3/2025/05,Uttarakhand,Chamoli,Subhas Nagar Slide - 1 Karnaprayag Main Market Road,30.258318,79.217921,Debris Slide 15 August 2025 at 06.30-07.00hrs
35832,UK/CHML/53N3/2025/06,Uttarakhand,Chamoli,Subhas Nagar Slide - 2 Karanprayag Main Market Road,30.258675,79.222849,Debris Slide 15 August 2025 at 06.41hrs
35833,UK/CHML/53N8/2025/07,Uttarakhand,Chamoli,(Tharali) Meeng Slide -1 109K & Narayan bapar,30.117244,79.405555,Debris Slide 23 August 2025 at 04.30-05.30hrs
35834,UK/CHML/53N8/2025/08,Uttarakhand,Chamoli,"(Tharali) Meeng Slide -2 109K, NH, Meeng N.B.",30.1170879,79.4067912,Debris Slide 23 August 2025 at 05.00hrs
35835,UK/CHML/53N8/2025/09,Uttarakhand,Chamoli,"(Tharali) Harmak 109K, NH, Harmak",30.109722,79.429167,Rock + Debris (Complex) Slide 04 July 2025 at 07.45 hrs
35836,UK/CHML/53N8/2025/10,Uttarakhand,Chamoli,(Tharali) Kulsari-1 109K & Kulsari,30.085642,79.470643,Rock Rock fall+ Rock Slide 23 August 2025 at 05.00hrs
35837,UK/CHML/53N8/2025/11,Uttarakhand,Chamoli,(Tharali) Kulsari-2 109K & Kulsari,30.085511,79.469678,Debris Slide 23 August 2025 at 05.00hrs
35838,UK/CHML/53N8/2025/12,Uttarakhand,Chamoli,Kulsari-3 109K NH Kulsari,30.087139,79.473153,Debris Slide 23 August 2025 at 05.00hrs
35839,UK/CHML/53N8/2025/13,Uttarakhand,Chamoli,Kulsari-4 109K NH Kulsari,30.087446,79.473568,Debris Slide 23 August 2025 at 01.30 hrs
35840,UK/CHML/53N3/2025/14,Uttarakhand,Chamoli,"Gauchar 4 Rajkiya Polytechnic, Gauchar",30.287201,79.150027,Debris Slide 31 August 2025 at 11.00hrs
35841,UK/TG/53J8/2025/1A,Uttarakhand,Tehri Garhwal,Timla Pani-1A - Road NH-7 (old 58); Timli Pani,30.12292,78.381461,Rock Slide 14 July 2025
35842,UK/TG/53J8/2025/1,Uttarakhand,Tehri Garhwal,"Timla Pani - 1 NH-7, Timli Pani",30.122412,78.379989,"Rock Falls, Slide 14 July 2025 at 11.30 hrs"
35843,UK/TG/53J8/2025/2,Uttarakhand,Tehri Garhwal,Shivpuri - Bridge NH-08 (old 58),30.136504,78.389354,Rock Slide 23 July 2025 at 1600 hrs - 1630 hrs
35844,UK/TG/53J8/2025/3,Uttarakhand,Tehri Garhwal,Shivpuri - Range NH-7,30.123441,78.422545,Rock Slide 24 August 2025 at 1800 hrs
35845,UK/TG/53J8/2025/4,Uttarakhand,Tehri Garhwal,Dabar Debris flow NH-7,30.076641,78.497295,Debris Flows 06 August 2025 at 08.00hrs
35846,UK/TG/53J12/2025/05,Uttarakhand,Tehri Garhwal,Sakani Dhar NH-7,30.058541,78.509662,Rock Slide 06 August 2025 at 07.00hrs
35847,UK/TG/53J8/2025/06,Uttarakhand,Tehri Garhwal,(NN) Jonk-1 NH 58/NH-7; Jonk,30.1358437,78.3319908,Rock Slide 06 August 2025 at05.30hrs
35848,UK/TG/53J8/2025/07,Uttarakhand,Tehri Garhwal,"(NN) Jonk-1A NH-7, Jonk",30.132183,78.347401,Rock Slide 06 August 2025 at 07.00hrs
35849,UK/TG/53J8/2025/08,Uttarakhand,Tehri Garhwal,Patha NH-74 Dhunargaon - Patha,30.124203,78.361576,Debris Slide 04 August at 10.30 hrs and 06 August 2025 at 07.00 hrs
35850,UK/TG/53J8/2025/09,Uttarakhand,Tehri Garhwal,Dunar gaon Dhunar gaon & NH-7,30.1185406,78.3736998,Rock Slide 06 August 2025 at 06.45 hrs
35851,UK/TG/53J8/2025/10,Uttarakhand,Tehri Garhwal,Atali - 1 NH-07 Atali,30.082,78.4361,"Rock, Debris Slide 13 June 2025at 13.00hrs"
35852,UK/TG/53J8/2025/11,Uttarakhand,Tehri Garhwal,(NN) Atali 1A Atali & NH-7,30.081207,78.436585,Debris Slide 13 June at 1300hrs and 25 June 2025
35853,UK/TG/53J8/2025/12,Uttarakhand,Tehri Garhwal,(NN) Byasi slide Byasi,30.0685229,78.4612096,Rock Slide 06 August 2025 at 07.20 hrs
35854,UK/TG/53J8/2025/13,Uttarakhand,Tehri Garhwal,"Singtali-1 Singtali, Byari, NH-7",30.067351,78.4802053,Rock Slide 06 August 2025 at 06.50hrs 35855 UK/ /5358/2015/14 Uttarakhand Tehri Garhwal Singtali-1A NH-7 Singtali village 30.059677 78.485091 Rock Slide 30 August 2025at 07.00hrs
35856,UK/TG/53J8/2025/15,Uttarakhand,Tehri Garhwal,Singtali-1B,30.063994,78.487419,Debris Slide 11 August 2025 at 09.00 hrs
35857,UK/TG/53J8/2015/16,Uttarakhand,Tehri Garhwal,"Kaudiyala rock slide NH-7, Kaudiyala",30.073814,78.492374,Rock Slide 15 August 2025 at 0800 hrs
35858,UK/TG/53J12/17,Uttarakhand,Tehri Garhwal,(Devprayag) Lachmoli side NH-7 & Lachmoli,30.239138,78.682359,Rock Slide 29 June 2025 at 11:30 hrs
35859,UK/TG/53J12/2025/18,Uttarakhand,Tehri Garhwal,Lachmoli slide - IA NH-7 Lachmoli,30.239138,78.682359,Rock Slide 29 June 2025 at 11:30 hrs
35860,UK/TG/53J12/2025/19,Uttarakhand,Tehri Garhwal,Luneta Slide,30.2114,78.6793,Rock Slide 01 September 2025 at 13:00 hrs
35861,UK/TG/53J12/2025/20,Uttarakhand,Tehri Garhwal,Karakot slide NH-7 & Karakot,30.2087,78.6471,"Rock Slide 06 August at 07.30 hrs, 18 August at 07.35 hrs and 26 August 2025 at 09.15hrs"
35862,UK/TG/53J12/2025/21,Uttarakhand,Tehri Garhwal,Kandola slide - 1 NH-7,30.165949,78.617681,Rock Slide 17 September 2025 at 16.40 hrs
35863,UK/TG/53J12/2025/22,Uttarakhand,Tehri Garhwal,Kandola Slide - IA NH-7 & Kandola,30.165466,78.617671,Debris Slide 17 September 2025 at 16.40 hrs
35864,UK/TG/53512/2015/23,Uttarakhand,Tehri Garhwal,Kandola-1B,30.165052,78.617504,Debris Slide 17 September 2025 at 17.00hrs
35865,UK/TG/53J12/2025/24,Uttarakhand,Tehri Garhwal,Golgaon-1 NH-7 Golgaon,30.1631,78.617,Rock Slide 15 July 2025 at 17.00hrs
35866,UK/TG/53J12/2025/25,Uttarakhand,Tehri Garhwal,Golgaon 1A NH-7 Golgaon,30.163511,78.617044,Rock Slide 15 July 2025 at 17.00hrs
35867,UK/TG/53J12/2025/26,Uttarakhand,Tehri Garhwal,Devprayag-1,30.1463,78.5967,Debris Slide 06 August at 07.30 hrs and 16 September 2025 at 08.00 hrs
35868,UK/TG/53J12/2025/27,Uttarakhand,Tehri Garhwal,(Devprayag) Devprayag-1A,30.145247,78.596294,Debris Slide 16 September 2025 at 07.00-08.00 hrs
35869,UK/TG/53J12/2025/28,Uttarakhand,Tehri Garhwal,Devprayag - 1B NH-7 Devprayag,30.142473,78.595303,Rock Slide 15 September 2025 at 12.30hrs
35870,UK/TG/53J12/2025/29,Uttarakhand,Tehri Garhwal,(Devprayag) Bus Stand Slide - Devprayag-1C NH-7 Devprayag,30.148542,78.597015,Debris Slide 15 September at 11.30hrs and 16 September 2025
35871,UK/TG/53J12/2025/30,Uttarakhand,Tehri Garhwal,Devprayag-1D,30.143104,78.595503,Rock Slide 15 September 2025 at 12.30hrs
35872,UK/TG/53J12/2025/31,Uttarakhand,Tehri Garhwal,Raj sera - 1 NH-7 Devprayag,30.129487,78.594203,Rock Slide 05 August 2025 at 01.30hrs
35873,UK/TG/53J12/2025/32,Uttarakhand,Tehri Garhwal,Rajsera 1A,30.1252,78.5968,Rock Slide 17 August 2025 at 09.00hrs
35874,UK/TG/53J12/2025/33,Uttarakhand,Tehri Garhwal,Simswara malla NH-7 simswar Malla,30.0864,78.5788,Rock Slide 9 September 2025 at 15.30 hrs and 11 August 2025 at 15.00hrs
35875,UK/TG/53J12/2025/34,Uttarakhand,Tehri Garhwal,Toli - 1 NH-7 Toli,30.081064,78.556443,Rock Slide 06 August 2025 at 08.30hrs
35876,UK/TG/53J12/2025/35,Uttarakhand,Tehri Garhwal,Toli-1A NH-7 Toli,30.0809,78.5555,Rock Slide 30 June 2025at 05.10hrs
35877,UK/TG/53J12/2025/36,Uttarakhand,Tehri Garhwal,"Chilpar NH-7 & Sakni, Badiyargar",30.0808,78.5235,"Rock Slide 04 August 2025, 16.00hrs"
35878,UK/TG/53J8/2025/37,Uttarakhand,Tehri Garhwal,Dhunar gaon slide NH-7 & Shivpuri,30.123715,78.390011,"Debris Slide 06 August 2025, 15.00hrs"
35879,UK/RPG/53N2/2025/03,Uttarakhand,Rudraprayag,Kedarnath slide-1 Kedarnath trek route approx 1km before,30.661636,79.034019,"Rock Slide 4 July 2025, 07.40 hrs"
35880,UK/RPG/53N2/2025/04,Uttarakhand,Rudraprayag,"Gaurikund shuttle-Parking 1 NH-107, Kedarnath NH, Mundkatiya",30.649708,79.024394,"Debris Slide 3 July 2025, 07.40 hrs"
35881,UK/RPG/53N2/2025/05,Uttarakhand,Rudraprayag,Gaurikund Shuttle - Parking - Slide - 2 NH-107; Mundkatiya,30.647206,79.021507,Debris Slide 03 July 2025 07.40 hrs
35882,UK/RPG/53N2/2025/06,Uttarakhand,Rudraprayag,Gaurikund Shuttle parking slide-3 NH-107; 1.3 km from Gaurikund (towards Sonprayag),30.644787,79.017771,"rock Slide 29 July and 30 July 2005 35883 UK RPG/5312/2025/07 Uttarakhand Rudraprayag Trek Route slide -1 Kedarnath slide-2 (near Kedarnath Main gate) 30.65568 79.028241 Rock slide 26 July 2025, 3.30hrs"
35884,UK/RPG/53N2/2025/08,Uttarakhand,Rudraprayag,Phata slide NH-107 (Phata),30.5784,79.0434,rock slide+ fall 29 August 2015 08.00hrs
35885,UK/RPG/53N2/2025/09,Uttarakhand,Rudraprayag,Kedarnath Slide -3 Trek route Kedarnath,30.655784,79.028259,rock Slide 27July 2015 09.00hrs
35886,UK/Tehri/53J/11./2014/01,Uttarakhand,,Tehri Nautada –Jakhanyali SH-15/ Nautada on GhansaliMyali –Rudraprayag Road,30.40472222,78.70627778,"Debris Flow (Debris) NA 35887 UK/Uttarkashi/53J/5/ Old/L-12 Uttarakhand Uttarkashi Netala Slide NH-108/ upstream of Naitala on right bank of Bhagirathi R (opposite to Sirori Village) 30.73333333 78.49391667 Rock, RBM and slope wash material. Debris, Subsidence, rotational. NA 35888 UK/Uttarkashi/53J/9/ Old/L-25 Uttarakhand Uttarkashi, Tehsil Bhatwari Chadethi slide Partly affecting NH-108/ about 1 km upstream of Bhatwari on right bank of Bhagirathi River 30.81569444 78.61958333 fluvio- glacial material Subsidence and sinking NA"
35889,21,Uttarakhand,Bageshwar,Badipanyali Badipanyali,29.97369444,80.05080556,Debris Slide 13 August 2014 at 21.00hrs
35890,22,Uttarakhand,Bageshwar,Badipanyali near school Badipanyali,29.97369444,80.05080556,Debris Slide 12 July 2014 at 21.oohrs
35891,23,Uttarakhand,Bageshwar,Litti Litti,30.0125,80.02977778,Debris Slide July 2014
35892,24,Uttarakhand,Bageshwar,Sailani Sailani,30.0125,80.02977778,Debris Slide First week of August 2014.
35893,25,Uttarakhand,Almora,Khairkhet Khairkhet,29.70238889,79.88188889,Debris Slide 19 July 2014
35894,26,Uttarakhand,Pithoragarh,Kanalichhina Kanalichhina,29.67694444,80.27161111,"Debris Slide Last week of July, 2014."
35895,27,Uttarakhand,Pithoragarh,Dobat rock fall Dobat,29.87286111,80.5575,"Rock boulders Fall Last week of July, 2014."
35896,28,Uttarakhand,Pithoragarh,Pangla Pangla,29.97177778,80.6865,Rock Slide July and August 2013
35897,29,Uttarakhand,Pithoragarh,Tawaghat Tawaghat,29.96055556,80.61472222,Debris Slide July 2013
35898,30,Uttarakhand,Pithoragarh,Askot Askot,29.75888889,80.34944444,"Rock Slide July.2013 35899 UK_CHA_ NH58_L1 Uttarakhand Chamoli Vasant Vihar Slide National/ State Highway: NH58, Important location/landmark: Near PG College Gopeshwar Football Stadium, Vasant Vihar., Village: Vasant Vihar, Tehsil: Gopeshwar 30.40655556 79.31766667 Slope wash material Slide 2011, 6th and 7th August 2014 35900 UK_UTT_NH58_ L2 Uttarakhand Chamoli Vaitarni Slide National/ State Highway: NH58, Important location/landmark: Near Vaitarni kund., Village: Vasant Vihar, Tehsil: Gopeshwar 30.41730556 79.31197222 Slope wash material Slide 2013, 06th and 07th August , 2014. 35901 UK_CHA_NH58_ L3 Uttarakhand Chamoli Kothiyal Sen Slide National/ State Highway: NH58, Important location/landmark: Kothiyal Sen village, Village: Vasant Vihar, Tehsil: Gopeshwar 30.39669444 79.32341667 River borne and Slope wash material Slide 16 June, 2013, 15th August 2014 35902 UK_PAU_ L4 Uttarakhand Pauri Garhwal Nauli Slide National/ State Highway: , Important location/landmark: Nauli village, Village: Nauli, Tehsil: Pauri 30.03880556 78.70552778 Slope wash material Slide 15th August 2014 at around 7:30am 35903 UK_CHA_NH58_ L6 Uttarakhand Chamoli Tangni Slide National/ State Highway: NH58, Important location/landmark: Tangni Villlage, Village: Tangni, Tehsil: 30.73683333 78.4095 rock cum debris Slide June 2013 and 01 August 2014, 16 June 2013 and 14th August 2014 35904 UK_CHA_NH58_ L7 Uttarakhand Chamoli Paglanala Slide National/ State Highway: NH58, Important location/landmark: Pagla nala, Village: , Tehsil: Joshimath 30.47802778 79.46883333 rock cum debris Slide 17 June 2013, 15 August 2014 35905 UK_CHA_NH58_ L8 Uttarakhand Chamoli Patalganga Slide National/ State Highway: NH58, Important location/landmark: Patalganga, Village: Patalganga, Tehsil: Joshimath 30.487 79.48726944 rock cum debris Slide 6th and 17th June, 2013, 14-15th August 2014 35906 UK_CHA_NH58_ L9 Uttarakhand Chamoli Helang Slide National/ State Highway: NH58, Important location/landmark: 500 m upstream of Helang Bridge, Village: Helang, Tehsil: Joshimath 30.5305 79.51225 rock cum debris Slide 16th & 17th June 2013 and 15 August 2014, 16 June 2013, 14 August 2014 35907 UK_CHA_NH58_ L11 Uttarakhand Chamoli Animath Slide National/ State Highway: NH58, Important location/landmark: BRO Chainage 468.300 km (On NH58, d/s of Tapovan-Vishnugad powerhouse), Village: Animath, Tehsil: Joshimath 30.53175 79.51594444 Rock Slide 16th and 17th June 2013, 14 August 2014 35908 UK_RUD_NH58_ L12 Uttarakhand Chamoli Kumera Slide National/ State Highway: NH58, Important location/landmark: 3 km down stream of Gaucher township, Village: Kamera, Tehsil: Karanprayag 30.5895 79.88555556 rock cum debris Slide 17 June 2013, August 2014 35909 UK_RUD_NH109_ L13 Uttarakhand Rudraprayag Kund Slide National/ State Highway: NH109, Important location/landmark: On the left bank of Mandakini river, about 1.5 km d/s of Kund bridge., Village: Kund, Tehsil: 30.49344444 79.08769444 Overburden and RBM Slide 17 June 2013, August 2014 35910 UK_RUD_NH109_ L14 Uttarakhand Rudraprayag Semi Slide National/ State Highway: NH109, Important location/landmark: Semi village, Village: Semi, Tehsil: Okhimath 30.51555556 79.08472222 Overburden/ Debris, soil and RBM Slide 16 June 2013 and August 2014"
35911,Uttarakhand,Uttarakhand,Rudraprayag,"Kakragad Slide National/ State Highway: NH109, Important location/landmark: On the left bank of Mandakini river, about 80 m d/s of confluence of Mandakini and Kakra gad., Village: , Tehsil: Okhimath",30.48783333,79.08502778,"Rock and debris Slide 17 June 2013, 01 August 2014 35912 UK_RUD_NH109_ L16 Uttarakhand Rudraprayag Rampur- Nyalsu Slid National/ State Highway: NH109, Important location/landmark: Near Rampur village, Village: RampurNyalsu , Tehsil: 30.61894444 79.01105556 Muck/fill material Slide 16 June 2013, 7 August 2014 35913 UK_RUD_NH109_ L17 Uttarakhand Rudraprayag Sersi Slide National/ State Highway: NH109, Important location/landmark: Sersi village, Village: Sersi, Tehsil: Okhimath 30.60880556 79.02022222 Debris and weathered rock Slide June 2013., 16th -17th June 2013, 15 August 2014 35914 UK_RUD_NH109_ L18 Uttarakhand Rudraprayag Barasu Slide National/ State Highway: NH109, Important location/landmark: Barasu village, Village: Barasu , Tehsil: Okhimath 30.60122222 79.02363889 Slope wash material Slide 16th -17th June 2013, 14th -15th August 2014 35915 UK_RUD_ L19 Uttarakhand Rudraprayag Lwara Slide National/ State Highway: NH109, Important location/landmark: Opposite to Lwara village on Guptkashi Mayali road, on the left bank of Rawan Ganga river., Village: Lwara, Tehsil: Okhimath 30.51394444 79.06708333 Rock Slide 17 June 2013, August 2014 35916 Uttarakhand Tehri Garhwal Baagi Slide National/ State Highway: NH109, Important location/landmark: Baagi village, Village: Baagi, Tehsil: Tehri 30.32863889 78.31630556 River borne material Slide 15 August 2014 35917 Uttarakhand /Chamoli/53N/7/2016/1 Uttarakhand Chamoli Siron Slide Siron village 30.39833333 78.30778333 Debris Slide 30 June, 2016 35918 Uttarakhand /Chamoli/53N/7/2016/2 Uttarakhand Chamoli Gwilon Slide-I SE of Gwilon 30.39625 79.31355556 Rock slide 30 June, 2016 35919 Uttarakhand /Chamoli/53N/7/2016/3 Uttarakhand Chamoli Gwilon Slide-II 150m SE of Gwilon 30.39711111 79.31338889 Rock Slide 30 June, 2016 35920 Uttarakhand /Chamoli/53N/7/2016/4 Uttarakhand Chamoli Jakhni Jakhni 30.27427778 79.42058333 Debris Slide 1 july,2016 35921 Uttarakhand /Chamoli/53N/7/2016/5 Uttarakhand Chamoli Tundala Slide Tundala 30.27602778 79.42613889 Rock Slide 30 June, 2016 35922 Uttarakhand /Chamoli/53N/7/2016/6 Uttarakhand Chamoli Ghat Ghat 30.25680556 79.44633333 Debris Slide 1 july, 2016 35923 Uttarakhand /Chamoli/53N/7/2016/7 Uttarakhand Chamoli Confluence of Chupla gad and Nandakini river Ghat 30.25788889 79.44816667 Debris/Bank Erosion Slide 30 June, 2016 35924 Uttarakhand /Chamoli/53N/7/2016/8. Uttarakhand Chamoli --- --- 30.30602778 79.34847222 Debris Slide 30 June, 2016 35925 Uttarakhand /Chamoli/53N/7/2016/9 Uttarakhand Chamoli Nandprayag NH58 (Nandprayag to Chamoli road ) 30.33594444 79.32016667 Debris Slide 30 June, 2016 35926 Uttarakhand /Chamoli/53N/7/2016/10 Uttarakhand Chamoli -- 50m west of Maithana 30.35416667 79.31972222 Debris Slide 30 June, 2016 35927 Uttarakhand /Chamoli/53N/7/2016/11 Uttarakhand Chamoli Tangsa Slide-I Tangsa village 30.41383333 79.29938889 Rock Slide 30 June, 2016 35928 Uttarakhand /Chamoli/53N/7/2016/12a Uttarakhand Chamoli Tangsa Slide-II Tangsa village 30.41258333 79.295 Rock Slide 30 June, 2016 35929 Uttarakhand /Chamoli/53N/7/2016/12b Uttarakhand Chamoli Tangsa Slide-III Tangsa village 30.41161111 79.29452778 Debris Slide 30 June, 2016 35930 Uttarakhand /Chamoli/53N/7/2016/13 Uttarakhand Chamoli Tangsa Tangsa village 30.41247222 79.29727778 Rock Slide 30 June, 2016 35931 Uttarakhand /Chamoli/53N/7/2016/14 Uttarakhand Chamoli - - 30.4125 79.29802778 Rock Slide 30 June, 2016 35932 Uttarakhand /Chamoli/53N/7/2016/15 Uttarakhand Chamoli --- --- 30.41191667 79.30013889 Debris Slide 30 June, 2016 35933 Uttarakhand /Chamoli/53N/7/2016/16 Uttarakhand Chamoli --- --- 30.41013889 79.30619444 Debris Slide 30 June, 2016 35934 Uttarakhand /Chamoli/53N/7/2016/17 Uttarakhand Chamoli Gairpool On the right bank Balkhila river 30.41438889 79.30744444 Debris Slide 30 June, 2016 35935 Uttarakhand /Chamoli/53N/7/2016/18 Uttarakhand Chamoli Kothiyal sain (on the right bank of Alaknanda river) Kothiyal sain village 30.39719444 79.32236111 Debris Slide 30 June, 2016 35936 Uttarakhand /Chamoli/53N/7/2016/19 Uttarakhand Chamoli On the left bank of Alaknanda river 6 km SE of Chamoli 30.37005556 79.31194444 Debris Slide 30 June, 2016 35937 Uttarakhand /Chamoli/53N/7/2016/20 Uttarakhand Chamoli -- 4 km SE of Chamoli 30.36980556 79.31191667 Debris Slide 30 June, 2016 35938 Uttarakhand /Chamoli/53N/7/2016/21 Uttarakhand Chamoli -- 3 km SE of Chamoli (on the left bank of Alaknanda river ) 30.37533333 79.31747222 Debris Slide 30 June, 2016 35939 Uttarakhand /Chamoli/53N/7/2016/22 Uttarakhand Chamoli -- 2 km SE of Chamoli (on the left bank of Alaknanda river ) 30.376 79.319 Rock Slide 30 June, 2016 35940 Uttarakhand /Chamoli/53N/7/2016/23 Uttarakhand Chamoli -- 1 km SE of Chamoli (on the left bank of Alaknanda river ) 30.39488889 79.32575 Debris slide 30 June, 2016 35941 Uttarakhand /Chamoli/53N/7/2016/24 Uttarakhand Chamoli -- N200E of slide location or slide no: 24,1 km SE of Chamoli (on the left bank of Alaknanda river ) 30.39563889 79.32661111 Debris Slide 30 June, 2016 35942 Uttarakhand /Chamoli/53N/7/2016/25 Uttarakhand Chamoli Chamoli Chamoli 30.39558333 79.32638889 Debris Slide 30 June, 2016 35943 UK/PITH/62 C/1/2016/26 Uttarakhand Pithoragarh Naulara Slide Thal-Nachni road. 29.86466667 80.16494444 Debris Slide 30 June, 2016 during 01.00 to 02.00 hrs. 35944 UK/PITH/62 C/1/2016/27 Uttarakhand Pithoragarh Asyali Thal-Nachni Road 29.86458333 80.1635 RBM Slide 30 June, 2016 midnight. 35945 UK/PITH/62 C/1/2016/28 Uttarakhand Pithoragarh Malujhula Gatigad-Veera-Malujhula 29.84861111 80.15691667 Rock Slide 30 June, 2016 midnight 35946 UK/PITH/62 C/1/2016/29 Uttarakhand Pithoragarh Patet Thal-Nachani 29.8425 80.15363889 Soil Creep 30 June 2016, midnight 35947 UK/PITH/62 C/1/2016/30 Uttarakhand Pithoragarh Daphila Thal-Nachni road 29.83383333 80.14730556 Debris Slide 30 June, 2016 midnight 35948 UK/PITH/62 C/1/2016/31 Uttarakhand Pithoragarh Safed Hathi Gadera (Saskhet) Thal – Didihat road. 29.84363889 80.16125 Debris Slide 30 June, 2016 midnight 35949 UK/PITH/62 C/1/2016/32 Uttarakhand Pithoragarh Dhulikholi Thal–Didihat road 29.83780556 80.17333333 Debris Slide 30 June, 2016 midnight 35950 UK/PITH/62 C/1/2016/33 Uttarakhand Pithoragarh Pamptari 600 m before Pamptari locality on Thal –Didihat road. 29.82961111 80.18052778 Debris Slide 30 June, 2016 midnight 35951 UK/PITH/62 C/1/2016/34 Uttarakhand Pithoragarh Bastari Bastari (Ogla – Bastari road) 29.73130556 80.29977778 Debris Slide 1 July, 2016 during 04.00 hrs to 05.00 hrs 35952 UK/PITH/62 C/6/2016/35 Uttarakhand Pithoragarh Patharkot Ogla – Bastari –Patharkot 29.72366667 80.29602778 Debris Slide 1 July, 2016 during 04.00 hrs to 05.00 hrs 35953 UK/PITH/62 C/6/2016/36 Uttarakhand Pithoragarh Singhali Ogla – Singhali –Bastari 29.7375 80.30286111 Debris Slide 1 July, 2016 during 04.00 hrs to 05.00 hrs 35954 UK/PITH/62 C/5/2016/37 Uttarakhand Pithoragarh Charma Cantt area. Ogla – Charma –Kanalichhina 29.75252778 80.26997222 Rock Slide 1 July, 2016 during 04.00 hrs to 05.00 hrs 35955 UK/Pithoragarh/62B/12- 2017/00 Uttarakhand Pithoragarh SHYAMKHOLA GAD (MANGTI NALA) flash flood Kailash-Mansarowar Route, Mangti, Dharchula 30.00561111 80.71802778 River Borne material Flow 14 August 2017 35956 Uttarakhand/Pithoragarh/62B/1 2/2017/01 Uttarakhand Pithoragarh Mangti slide Kailash- MansarowarYatra Route/ on Left bank of Shyamkhola gad near Army Camp 30.00544444 80.71925 Debris Slide 2014, 14 August 2017 35957 Uttarakhand/Pithoragarh/62B_ 12/2017/02 Uttarakhand Pithoragarh Mangti Slide Kailash – MansarowarYatra route, approx. 300-400 m downstream of Mangti Bridge near confluence of Shyamkhola gad and Kali River. 30.00094444 80.71894444 Rock cum debris Fall & Slide NA 35958 Uttarakhand/Pithoragarh/62B/1 2/2017/03 Uttarakhand Pithoragarh Najyang gad slide Kailash-MansarowarYatra route 30.03774722 80.75534722 Rock (Biotite gneiss) Rock slide NA 35959 Uttarakhand/Pithoragarh/62B_ 12/2017/04 Uttarakhand Pithoragarh Garba Slide Kailash –MansarowarYatra route, approx. 1km upstream of Mangti Bridge on Shyamkhola gad towards Malpa, Garba village is located at higher elevation. 30.00147222 80.72816667 Rock Fall & Slide NA 35960 UK_Tehri_Kot_Slide 01 Uttarakhand Tehri Kot Slide Chamiyala-Titurana Road 30.59461111 78.68130556 Debris Slide 29 August 2018 35961 UK_Tehri_Kot_Slide 02 Uttarakhand Tehri Kot Slide Chamiyala-Titurana Road 30.59472222 78.68147222 Debris Flow 29 August 2018 35962 Slide 1 Uttarakhand Bageshwar Kuwari rock slide (very less debris) Kuwari village 30.08363889 79.80080556 Rock Slide 2012-13 35963 Slide 2 Uttarakhand Bageshwar Kuwari rock cum debris slide Kuwari village 30.08391667 79.79969444 Rock-cum-debris Slide 2012-13 35964 Slide 3 Uttarakhand Bageshwar Kuwari rock slide Kuwari village 30.08327778 79.79875 Rock(Nala) Slide 2012-13 35965 Kuwari rock slide 4 (2018) Uttarakhand Bageshwar Kuwari rockslide 4 Kuwari village 30.07883333 79.79447222 Rock Slide 2018"
35966,UK/Uttarkashi/53J/5/2018/01,Uttarakhand,Uttarkashi,UK/Uttarkashi/53J/5/2018/01 NH-94,30.90573,78.34671,"Rock-cum-debris Fall and slide 2003, 2013, 2017 and 2018."
35967,UK/Uttarkashi/53E_16/2019/01,Uttarakhand,Uttarkashi,"Arakot,Guli gad Debris slide National Highway-707.",31.04111111,77.82635,"Debris Flow 18 August 2019, 08:00 hrs"
35968,UK/Uttarkashi/53E_16/2019/02,Uttarakhand,Uttarkashi,"Sanel Debris slide, Rock-cum-Debris NH-707",31.05844167,77.82160556,"Rock-cum-debris Slide 18 August 2019, 08:00 hrs"
35969,UK/Uttarkashi/53E_16/2019/03,Uttarakhand,Uttarkashi,Malara road Subsidence Arakot – Malana – Makudi Road,31.05501944,77.83901389,"Debris Subsidence 22 August 2019, 01:00 hrs"
35970,UK/Uttarkashi/53E_16/2019/04,Uttarakhand,Uttarkashi,Ishali Road Subsidence NH-707,31.02648056,77.82987778,"Rock-cum-Debris Subsidence 18 August 2019, 09:00 hrs"
35971,UK/Uttarkashi/53F_13/2019/05,Uttarakhand,Uttarkashi,Tyuni Subsidence NH-707,31.94500556,77.85253056,"Debris Subsidence 18 August 2019, 09:00 hrs"
35972,1,Uttarakhand,Rudraprayag,"Chandika Dhar, Near Bharasu NH-109",30.59222222,79.02833333,"Rock Boulder Rock Fall 19 October, 2019 35973 UK/TehriGarhwal/53J/08/2020/ 01 Uttarakhand Tehri Garhwal Kaudiyala Slide NH-7/Kaudiyala 30.071 78.49072222 Rock Topple 24 August 2020"
35974,UK_Nainital_1,Uttarakhand,Nainital,KN_1 SH-13 Kaladungi Nainital Road,29.313852,79.35293,Debris Slide NA
35975,UK_Nainital_2,Uttarakhand,Nainital,KN_2 State Highway Kaladungi Nainital Road,29.315322,79.345679,Debris Slide 17-20 October 2020
35976,3,Uttarakhand,Nainital,KN_3 State Highway,29.319882,79.351964,Rock cum debris Slide NA
35977,UK_Nainital_5,Uttarakhand,Nainital,KN_4 Kaladungi Nainital Road,29.318418,79.355334,Debris Flows NA
35978,UK_Nainital_6,Uttarakhand,Nainital,KN_5 Kaladungi Nainital Road,29.3207,79.365417,Debris Flows NA
35979,UK_Nainital_7,Uttarakhand,Nainital,KN_6 Kaladungi Nainital Road,29.321188,79.368534,Debris Flows NA
35980,UK_Nainital_8,Uttarakhand,Nainital,KN_7 Kaladungi Nainital Road,29.321569,79.35744,Debris Slide NA
35981,UK_Nainital_9,Uttarakhand,Nainital,KN_9 State highway,29.322513,79.357171,Rock cum debris Slide NA
35982,UK_Nainital_10,Uttarakhand,Nainital,KN_10 Kaladungi Nainital Road,29.326083,79.364646,Rock cum debris Slide NA
35983,UK_Nainital_11,Uttarakhand,Nainital,KN_11 Kaladungi Nainital Road,29.326083,79.364646,Rock cum debris Slide NA
35984,UK_Nainital_12,Uttarakhand,Nainital,BN_1 Hugh slide in the south of Kafarphat Bhawali Nainital road,29.3536,79.4204,Rock cum debris Slide NA
35985,UK_Nainital_13,Uttarakhand,Nainital,BN_2 Hugh slide in the south of Kafarphat Bhawali Nainital road,29.3565,79.4073,Rock cum debris Slide NA
35986,UK_Nainital_14,Uttarakhand,Nainital,"Narayan nagar, BN_3 Bhawali Nainital road",29.3565,79.4073,Rock/Debris Flow NA
35987,UK_Nainital_15,Uttarakhand,Nainital,"Narayan nagar, BN_4 Bhawali Nainital road",29.3565,79.4073,Rock Falls NA
35988,UK_Nainital_16,Uttarakhand,Nainital,"Narayan nagar, BN_5 Bhawali Nainital road",29.382697,79.42724,"Rock cum debris Slide NA 35989 UK_Nainital_17, Balia Nala Slide Uttarakhand Nainital Narayan nagar, BN_6 Bhawali Nainital road 29.382697 79.42724 Rock Slide NA"
35990,UK_Nainital_18/validated,Uttarakhand,Nainital,"Narayan nagar, BN_7 Bhawali Nainital road",29.382697,79.42724,Debris Slide NA
35991,UK_Nainital_19/validated,Uttarakhand,Nainital,"Narayan nagar, BN_8 Bhawali Nainital road",29.382697,79.42724,Debris Slide NA
35992,UK_Nainital_20,Uttarakhand,Nainital,"Narayan nagar, BN_9 Bhawali Nainital road",29.382697,79.42724,Debris Slide NA
35993,UK_Nainital_21,Uttarakhand,Nainital,"Narayan nagar, BN_10 Bhawali Nainital road",29.382697,79.42724,Debris Slide NA
35994,UK_Nainital_22,Uttarakhand,Nainital,"Narayan nagar, BN_11 Bhawali Nainital road",29.3565,79.4073,Debris Slide NA
35995,UK_Nainital_23,Uttarakhand,Nainital,"Narayan nagar, BN_12 Bhawali Nainital road",29.3565,79.4073,"Rock Slide NA 35996 UK_Nainital_24, 25, 26 Uttarakhand Nainital Narayan nagar, BN_13 Bhawali Nainital road 29.380077 79.491868 Debris Flows NA"
35997,UK_Nainital_27,Uttarakhand,Nainital,"Narayan nagar, BN_14 Bhawali Nainital road",29.380077,79.491868,"Debris Slide NA 35998 UK_Nainital_28 , 29 Uttarakhand Nainital Narayan nagar, BN_15 Bhawali Nainital road 29.380077 79.491868 Debris Slide NA"
35999,UK_Nainital_30,Uttarakhand,Nainital,"Narayan nagar, BN_16 Bhawali Nainital road",29.380077,79.491868,Debris Slide NA
36000,UK_Pith_71,Uttarakhand,Pithoragarh,NA Pithoragarh Dharchula road,29.80409,80.265002,Debris Rotational NA
36001,UK_Pith_72,Uttarakhand,Pithoragarh,NA Ogla to pithoragarh,29.737689,80.272525,Rock Slide NA
36002,UK_Pith_73,Uttarakhand,Pithoragarh,NA Pithoragarh-Dharchula road,29.683208,80.270647,Rock Falls NA
36003,UK_Pith_74,Uttarakhand,Pithoragarh,NA Pithoragarh Dharchula road,29.713207,80.360451,Rock cum debris Slide/ subsidence NA
36004,UK_Pith_75,Uttarakhand,Pithoragarh,NA Pithoragarh-Dharchula road sector,29.532068,80.1569256,Rock Slide NA
36005,UK_Nainital_77,Uttarakhand,Nainital,NA Nainital Kathgodam road,29.327219,79.509597,Rock Slide NA
36006,UK_Nainital_78,Uttarakhand,Nainital,NA Nainital Kathgodam road,29.323536,79.502444,Debris Slide NA
36007,UK_Nainital_79,Uttarakhand,Nainital,NA Nainital Kathgodam road,29.326722,79.515402,Debris Slide NA
36008,UK_Nainital_80,Uttarakhand,Nainital,NA Nainital Kathgodam road,29.32922,79.517184,Debris Slide NA
36009,UK_Nainital_81,Uttarakhand,Nainital,NA Nainital Kathgodam road,29.321538,79.522431,Debris Slide NA
36010,UK_Nainital_82,Uttarakhand,Nainital,NA Nainital Kathgodam road,29.317493,79.527359,Debris Slide NA
36011,UK_Nainital_83,Uttarakhand,Nainital,NA Nainital Kathgodam road,29.301684,79.544196,Debris Slide NA
36012,UK/RDP/53N02/2023/01,Uttarakhand,Rudraprayag,Dartpool (NH-107),30.652,79.0244,Rock Fall/Topple 02 August 2023
36013,UK/RDP/53N02/2023/02,Uttarakhand,Rudraprayag,(NH-107),30.64,79.02,Debris Slide August 2023
36014,UK/RDP/53N02/2023/03,Uttarakhand,Rudraprayag,(NH-107),30.62,79.99,Rock Slide July 2023 Retriggered
36015,UK/RDP/53N02/2023/03A,Uttarakhand,Rudraprayag,Near to Sonprayag car parking Kund Road sector (NH-107),30.62897222,78.99841667,Rock subsidence July 2023 reactive
36016,UK/RDP/53N02/2023/04,Uttarakhand,Rudraprayag,(NH-107),30.61,79.01,Rock Slide 08 August 2023
36017,UK/RDP/53N02/2023/05,Uttarakhand,Rudraprayag,(NH-107),30.611,79.015,Rock Slide 02nd to 10th August 2023
36018,UK/RDP/53N02/2023/06,Uttarakhand,Rudraprayag,(NH-107),30.609,79.0184,Soil/Debris Subsidence August 2023
36019,UK/RDP/53N02/2023/07,Uttarakhand,Rudraprayag,(NH-107),30.608945,79.018388,Soil/Debris Subsidence August 2023
36020,UK/RDP/53N02/2023/08,Uttarakhand,Rudraprayag,(NH-107),30.5951,79.0212,Rock Slide 02nd to 5th August 2023 at 6 pm
36021,UK/RDP/53N02/2023/09,Uttarakhand,Rudraprayag,Badasu slide (NH-107),30.5942,79.0202,Debris Slide/Creep 18 July2023 & 2nd-8th August 2023
36022,UK/RDP/53N02/2023/10,Uttarakhand,Rudraprayag,Okhimath Water fall (NH-107),30.5942,79.0202,Rock Fall/Topple 10th-15th August 2023
36023,UK/RDP/53N02/2023/11,Uttarakhand,Rudraprayag,(NH-107),30.5824,79.0379,Rock Slide 18 July 2023 & 10-15 August 2023
36024,UK/RDP/53N02/2023/11A,Uttarakhand,Rudraprayag,between Phata and Badasu Kund Road sector (NH-107),30.58447222,79.02352778,Rock Slide August 2023 retriggered
36025,UK/RDP/53N02/2023/12,Uttarakhand,Rudraprayag,Dhani village (NH-107),30.5745,79.0532,Soil /Debris Subsidence NA
36026,UK/RDP/53N02/2023/13,Uttarakhand,Rudraprayag,Dhani-2 rock slide (NH-107),30.5747,79.0536,Rock Topple slide 2nd to 8th August 2023
36027,UK/RDP/53N02/2023/14,Uttarakhand,Rudraprayag,#NAME?,30.5746,79.0543,Debris Subsidence 2nd to 8th August 2023
36028,UK/RDP/53N02/2023/15,Uttarakhand,Rudraprayag,#NAME?,30.5745,79.0549,Rock Slide 2nd to 8th August 2023
36029,UK/RDP/53N02/2023/16,Uttarakhand,Rudraprayag,Mainkhanda Gleuti slide (NH-107),30.4074,79.0567,Rock Slide 14-15/July/2023
36030,UK/RDP/53N02/2023/17,Uttarakhand,Rudraprayag,Mainkhanda hotel subsidence (NH-107),30.5735,79.0567,Debris Subsidence July 2023
36031,UK/RDP/53N02/2023/18,Uttarakhand,Rudraprayag,(NH-107),30.5735,79.0593,Debris Subsidence July to August 2023
36032,UK/RDP/53N02/2023/19,Uttarakhand,Rudraprayag,Paresgwari Slide (NH-107),30.5667,79.0612,Debris Subsidence August 2023
36033,UK/RDP/53N02/2023/20,Uttarakhand,Rudraprayag,Hotel Sunn In Slide (NH-107),30.5655,79.0617,"Debris Subsidence (20- 30 m) 2nd to 8th August 2023, 23 August 2023"
36034,UK/RDP/53N02/2023/21,Uttarakhand,Rudraprayag,(NH-107),30.56219,79.05781,Debris Subsidence August 2023
36035,UK/RDP/53N02/2023/22,Uttarakhand,Rudraprayag,Korki Slide (NH-107),30.55875,79.054722,Debris Slide July 2023
36036,UK/RDP/53N02/2023/23,Uttarakhand,Rudraprayag,Khumera - Korki Slide (NH-107),30.5542,79.0503,Rock Slide August 2023
36037,UK/RDP/53N02/2023/24,Uttarakhand,Rudraprayag,Khumera devidhar subsidence (NH-107),30.5539,79.0648,"Debris Subsidence 2nd to 8th August 2023, 23 August 2023"
36038,UK/RDP/53N02/2023/25,Uttarakhand,Rudraprayag,Bhedshem Jurani subsidence (NH-107),30.5526,79.0704,Debris/ soil Subsidence August 2023
36039,UK/RDP/53N02/2023/26,Uttarakhand,Rudraprayag,(NH-107),30.5488,79.074,Debris/ soil Subsidence August 2023
36040,UK/RDP/53N02/2023/27,Uttarakhand,Rudraprayag,Guptkashi ashram slide (NH-107),30.5298,79.0837,Debris/ soil Subsidence July 2023
36041,UK/RDP/53N02/2023/28,Uttarakhand,Rudraprayag,Rudraprayag –Tilwara road slide (NH-107),30.2831,79.9693,Debris/ soil Subsidence July-August /2023
36042,UK/RDP/53N02/2023/29,Uttarakhand,Rudraprayag,Rudraprayag –Tilwara road slide (NH-107),30.2853,78.9717,Debris/ soil Subsidence 2023
36043,UK/RDP/53N02/2023/30,Uttarakhand,Rudraprayag,Pina slide (NH-107),30.3185,78.9691,Rock Slide August 2023
36044,UK/RDP/53N02/2023/31,Uttarakhand,Rudraprayag,Lata baba slide (NH-107),30.36,78.9788,Rock Fall /Topple August 2023
36045,UK/RDP/53N02/2023/32,Uttarakhand,Rudraprayag,(NH-107),30.3791,79.0034,Debris Slide and subsidence August 2023
36046,UK/RDP/53N03/2023/33,Uttarakhand,Rudraprayag,(NH-107),30.38711,79.01709,Rock Slide August 2023
36047,UK/RDP/53N03/2023/34,Uttarakhand,Rudraprayag,Kameda slide (NH-07),30.28908,79.00253,"Debris Slide & Flow 2013, 24 July 2023 at 06:00hrs"
36048,UK/RDP/53N07/2023/35,Uttarakhand,Chamoli,Kameda -2 slide (NH-07),30.2849,79.13211,Debris Creep & Subsidence & slide at part August 2023
36049,UK/RDP/53N07/2023/36,Uttarakhand,Chamoli,(NH-07),30.32811,79.32111,Debris Slide Subsidence August 2023
36050,UK/CHAM/53N07/2023/37,Uttarakhand,Chamoli,(NH-07),30.33664,79.31989,Debris Slide August 2023
36051,UK/CHAM/53N07/2023/38,Uttarakhand,Chamoli,Maithana Slide (NH-07),30.35608,78.31892,Debris Slide and subsidence 18 August 2023
36052,UK/CHAM/53N07/2023/39,Uttarakhand,Chamoli,Chinka Slide (NH-07),30.4127,79.3664,Rock Slide July 2023
36053,UK/CHAM/53N07/2023/40,Uttarakhand,Chamoli,Birhi Slide (NH-07),30.4169,79.387,Rock Slide July 2023
36054,UK/CHAM/53N07/2023/41,Uttarakhand,Chamoli,Gadora Flow (NH-07),30.41642,79.42306,Soil & Debis Flow 13 midnight and 14 August 2023
36055,UK/CHAM/53N07/2023/42,Uttarakhand,Chamoli,Gadora nala flow (NH-07),30.41808,79.42758,Debris Flow 13 midnight and 14 August 2023
36056,UK/CHAM/53N07/2023/43,Uttarakhand,Chamoli,Gadi slide (NH-07),30.4800583,79.4684972,Debris Slide August 2023
36057,UK/CHAM/53N07/2023/44,Uttarakhand,Chamoli,Pipalkoti slide (NH-07),30.43675,79.42864,Rock Slide 14 August 2023
36058,UK/CHAM/53N07/2023/45,Uttarakhand,Chamoli,Pagal Nala slide (NH-07),30.4777,78.4671,Rock Slide & flow 18 August 2023
36059,UK/CHAM/53N07/2023/46,Uttarakhand,Chamoli,Pagal Nala forward slide (NH-07),30.4811,79.4684,Rock Slide July -Aug/2023
36060,UK/CHAM/53N07/2023/47,Uttarakhand,Chamoli,(NH-07),30.4864,79.4773,Rock Slide & Subsidence August 2023
36061,UK/CHAM/53N07/2023/48,Uttarakhand,Chamoli,"Parsari Subsidence ,Joshimath (NH-07)",30.5363,79.5877,Rock Subsidence August 2023
36062,UK/CHAM/53N07/2023/49,Uttarakhand,Chamoli,Lambagad slide (NH-07),30.654472,79.517722,Rock Slide 2 July & August 2023
36063,UK/DDN/53F15/16/08/2023/01,Uttarakhand,Dehradun,"Jakhan slide Langha road ,Vikashnagar",30.4876,77.9122,Rock and Debris Slide and subsidence 16 August 2023 at 14:30 hrs.
36064,LS1,Uttarakhand,Uttarkashi,LS-1 Mastari Village,30.71027778,78.46675,Debris Slide 07 March 2023
36065,LS2,Uttarakhand,Uttarkashi,LS-2 Mastari Village,30.71086111,78.466,Debris Slide 2021 (as per locals)
36066,UK/RPG/53N2/2025/10,Uttarakhand,Rudraprayag,Munkatiya Slide zone NH-107,30.635966,79.001953,"rock + Debris Slide + fall 23 June 2025, 26 June 2025, 3 July 2025 0430hrs , 8 July-2025"
36067,UK/RPG/53J15/2025/11,Uttarakhand,Rudraprayag,Narkota Slide (Devimanda) NH-7; Devimanda,30.250252,78.924169,Rock Slide & fall 06 August 2025 (0815 hrs); and 09 July 2025 at 18.45 hrs)
36068,UK/CHML/53N3/2025/15,Uttarakhand,Chamoli,(Karanprayag) Kameda-2 NH 7; Gauchar,30.2884,79.119438,"Rock & Debris Slide 06 August 2025, 0700 hrs; 11 August 2025, 0630 hrs; 12 August 2025, 0630 hrs"
36069,UK/RPG/53J15/2025/01,Uttarakhand,Rudraprayag,Routhiya slide,30.19158,79.977955,Rock Slide 09 August 2025 at 1800 hrs
36070,UK/RPG/53J15/2025/02,Uttarakhand,Rudraprayag,(Jakholi) Hariyali slide Mayali-Tilujara Road Jakholi (Tilwada),30.35403,78.959917,"Debris Flows 30 June 2025, 1100 hrs"
36071,UK/TG/53J11/2025/38,Uttarakhand,Tehri Garhwal,Jakhniyali SH-Ghansali-Tilwara road,30.407259,78.700957,"Debris Slide 18 August 2025, 0830 hrs"
